../../../../test/distributed/pipelining/test_backward.py::StageBackwardTestsXPU::test_stage_backward_weight_shared_weights_xpu
../../../../test/distributed/fsdp/test_fsdp_core.py::TestParityWithDDPXPU::test_mixture_of_experts_offload_false_none_xpu
../../../../test/distributed/fsdp/test_fsdp_core.py::TestParityWithDDPXPU::test_mixture_of_experts_offload_false_shard_grad_op_xpu
../../../../test/distributed/fsdp/test_fsdp_core.py::TestParityWithDDPXPU::test_mixture_of_experts_with_delay_before_free_offload_false_none_xpu
../../../../test/distributed/fsdp/test_fsdp_core.py::TestParityWithDDPXPU::test_mixture_of_experts_with_delay_before_free_offload_false_shard_grad_op_xpu
../../../../test/distributed/fsdp/test_fsdp_core.py::TestParityWithDDPXPU::test_mixture_of_experts_with_delay_before_free_offload_true_shard_grad_op_xpu
../../../../test/distributed/test_distributed_spawn.py::TestDistBackendWithSpawn::test_ddp_profiling_execution_trace
../../../../test/distributed/test_distributed_spawn.py::TestDistBackendWithSpawn::test_ddp_profiling_torch_profiler
distributed/test_c10d_ops_xccl.py::ProcessGroupXCCLOpTest::test_allreduce_graph_replay
distributed/test_c10d_ops_xccl.py::ProcessGroupXCCLOpTest::test_allgather_graph_replay
distributed/test_c10d_ops_xccl.py::ProcessGroupXCCLOpTest::test_reduce_scatter_graph_replay
../../../../test/distributed/tensor/test_attention.py::TestSharding::test_attention_shard_without_cp
../../../../test/distributed/tensor/test_attention.py::TestShardingWithLocalTensor::test_attention_shard_without_cp
../../../../test/distributed/tensor/test_matrix_ops.py::DistMatrixOpsTest::test_scaled_mm
../../../../test/distributed/tensor/test_matrix_ops.py::DistMatrixOpsTestWithLocalTensor::test_scaled_mm
../../../../test/distributed/test_device_mesh.py::DeviceMeshTest::test_2d_mesh_eager_init_subgroup
../../../../test/distributed/test_device_mesh.py::InitDeviceMeshTest::test_backend_override_argument_dict_with_idx_and_backend_eager
../../../../test/distributed/test_c10d_xccl.py::ProcessGroupXCCLGroupTest::test_get_uid
../../../../test/distributed/test_c10d_xccl.py::XCCLTraceTest::test_batched_send_recv_op_sizes_per_coalesce0_timing_enabled_False
../../../../test/distributed/test_c10d_xccl.py::XCCLTraceTest::test_batched_send_recv_op_sizes_per_coalesce0_timing_enabled_True
../../../../test/distributed/test_c10d_xccl.py::XCCLTraceTest::test_batched_send_recv_op_sizes_per_coalesce1_timing_enabled_False
../../../../test/distributed/test_c10d_xccl.py::XCCLTraceTest::test_batched_send_recv_op_sizes_per_coalesce1_timing_enabled_True
../../../../test/distributed/test_c10d_xccl.py::XCCLTraceTest::test_long
../../../../test/distributed/test_c10d_xccl.py::XCCLTraceTest::test_trace_while_active_timing_enabled_False_only_active_True
distributed/test_c10d_xccl.py::XCCLTraceTest::test_batched_send_recv_op_sizes_per_coalesce0_timing_enabled_False
distributed/test_c10d_xccl.py::XCCLTraceTest::test_batched_send_recv_op_sizes_per_coalesce1_timing_enabled_False
../../../../test/distributed/test_c10d_xccl.py::ProcessGroupXCCLGroupTest::test_abort_pg
../../../../test/distributed/test_c10d_xccl.py::ProcessGroupXCCLGroupTest::test_abort_in_destroy_pg
../../../../test/distributed/test_c10d_xccl.py::ProcessGroupXCCLGroupTest::test_xccl_dist_backend_error
../../../../test/distributed/test_c10d_xccl.py::XCCLTraceTest::test_individual_send_recv_op_sizes0_timing_enabled_True
../../../../test/distributed/test_c10d_xccl.py::XCCLTraceTest::test_individual_send_recv_op_sizes1_timing_enabled_True
../../../../test/distributed/test_c10d_xccl.py::ProcessGroupXCCLGroupTest::test_comm_eager_init_subgroup
../../../../test/distributed/test_c10d_xccl.py::ProcessGroupXCCLGroupTest::test_comm_split_subgroup
../../../../test/distributed/test_c10d_xccl.py::ProcessGroupXCCLGroupTest::test_non_blocking_init
../../../../test/distributed/test_c10d_xccl.py::ProcessGroupXCCLGroupTest::test_non_blocking_with_eager_init
../../../../test/distributed/test_c10d_xccl.py::ProcessGroupXCCLGroupTest::test_extend_xccl_pg_timeout_backend0
../../../../test/distributed/test_c10d_xccl.py::ProcessGroupXCCLGroupTest::test_extend_xccl_pg_timeout_backend_xccl
../../../../test/distributed/test_c10d_xccl.py::ProcessGroupXCCLGroupTest::test_nan_assert_bfloat16
../../../../test/distributed/test_c10d_xccl.py::ProcessGroupXCCLGroupTest::test_nan_assert_float16
../../../../test/distributed/test_c10d_xccl.py::ProcessGroupXCCLGroupTest::test_nan_assert_float32
../../../../test/distributed/test_c10d_xccl.py::ProcessGroupXCCLGroupTest::test_nan_assert_float64
../../../../test/distributed/test_c10d_xccl.py::ProcessGroupXCCLGroupTest::test_nan_assert_float8_e4m3fn
../../../../test/distributed/test_c10d_xccl.py::ProcessGroupXCCLGroupTest::test_nan_assert_float8_e5m2
../../../../test/distributed/test_c10d_xccl.py::ProcessGroupXCCLGroupTest::test_set_xccl_pg_timeout_backend0
../../../../test/distributed/test_c10d_xccl.py::ProcessGroupXCCLGroupTest::test_set_xccl_pg_timeout_backend_xccl
../../../../test/distributed/test_c10d_xccl.py::ProcessGroupXCCLGroupTest::test_comm_split_group
../../../../test/distributed/test_c10d_xccl.py::ProcessGroupXCCLGroupTest::test_comm_split_group_mixed_backend
../../../../test/distributed/test_c10d_xccl.py::XCCLTraceTest::test_dump_pipe
../../../../test/distributed/test_c10d_xccl.py::::XCCLTraceTest::test_long
../../../../test/distributed/test_c10d_xccl.py::XCCLTraceTest::test_short_json_timing_enabled_False_include_collectives_False
../../../../test/distributed/test_c10d_xccl.py::XCCLTraceTest::test_short_json_timing_enabled_False_include_collectives_True
../../../../test/distributed/test_c10d_xccl.py::XCCLTraceTest::test_short_json_timing_enabled_True_include_collectives_False
../../../../test/distributed/test_c10d_xccl.py::XCCLTraceTest::test_short_json_timing_enabled_True_include_collectives_True
../../../../test/distributed/test_c10d_xccl.py::XCCLTraceTest::test_short_pickle_timing_enabled_False_include_collectives_False
../../../../test/distributed/test_c10d_xccl.py::XCCLTraceTest::test_short_pickle_timing_enabled_False_include_collectives_True
../../../../test/distributed/test_c10d_xccl.py::XCCLTraceTest::test_short_pickle_timing_enabled_True_include_collectives_False
../../../../test/distributed/test_c10d_xccl.py::XCCLTraceTest::test_short_pickle_timing_enabled_True_include_collectives_True
../../../../test/distributed/test_c10d_xccl.py::XCCLTraceTest::test_trace_while_all_works_retired
../../../../test/distributed/test_c10d_xccl.py::XCCLTraceTest::test_fr_record_multiple_resets_timing_enabled_False
../../../../test/distributed/test_c10d_xccl.py::XCCLTraceTest::test_fr_record_multiple_resets_timing_enabled_True
../../../../test/distributed/test_c10d_xccl.py::XCCLTraceTest::test_fr_record_reset_circular_buffer_full_timing_enabled_False
../../../../test/distributed/test_c10d_xccl.py::XCCLTraceTest::test_fr_record_reset_circular_buffer_full_timing_enabled_True
../../../../test/distributed/test_c10d_xccl.py::XCCLTraceTest::test_fr_record_reset_partial_overwrite_timing_enabled_False
../../../../test/distributed/test_c10d_xccl.py::XCCLTraceTest::test_fr_record_reset_partial_overwrite_timing_enabled_True
../../../../test/distributed/test_c10d_xccl.py::XCCLTraceTest::test_fr_record_reset_wraparound_timing_enabled_False
../../../../test/distributed/test_c10d_xccl.py::XCCLTraceTest::test_fr_record_reset_wraparound_timing_enabled_True
../../../../test/distributed/test_c10d_xccl.py::XCCLTraceTest::test_fr_record_reset_timing_enabled_False
../../../../test/distributed/test_c10d_xccl.py::XCCLTraceTest::test_fr_record_reset_timing_enabled_True
../../../../test/distributed/test_c10d_xccl.py::ProcessGroupXCCLGroupTest::test_shrink_group_backend_properties
../../../../test/distributed/test_c10d_xccl.py::ProcessGroupXCCLGroupTest::test_shrink_group_basic
../../../../test/distributed/test_c10d_xccl.py::ProcessGroupXCCLGroupTest::test_shrink_group_flags
../../../../test/distributed/test_c10d_xccl.py::ProcessGroupXCCLGroupTest::test_shrink_group_multiple_comms
../../../../test/distributed/test_c10d_xccl.py::ProcessGroupXCCLGroupTest::test_shrink_group_multiple_exclusions
../../../../test/distributed/test_c10d_xccl.py::ProcessGroupXCCLGroupTest::test_shrink_group_multiple_iterations
../../../../test/distributed/test_c10d_xccl.py::ProcessGroupXCCLGroupTest::test_shrink_group_performance
../../../../test/distributed/test_c10d_xccl.py::ProcessGroupXCCLGroupTest::test_shrink_group_validation
../../../../test/distributed/test_c10d_xccl.py::ProcessGroupXCCLGroupTest::test_shrink_group_vs_abort_reinit_performance
../../../../test/distributed/test_c10d_xccl.py::ProcessGroupXCCLGroupTest::test_shrink_group_xccl_config
../../../../test/distributed/_composable/fsdp/test_fully_shard_comm.py::TestFullyShardForceSumReduction::test_fully_shard_force_sum_both_reductions
../../../../test/distributed/_composable/fsdp/test_fully_shard_comm.py::TestFullyShardForceSumReduction::test_fully_shard_force_sum_reduce_scatter
../../../../test/distributed/_composable/fsdp/test_fully_shard_training.py::TestFullyShardForwardInputs::test_root_move_forward_input_to_device
../../../../test/distributed/_composable/test_replicate_training.py::TestReplicateForwardInputs::test_root_move_forward_input_to_device
../../../../test/distributed/test_c10d_xccl.py::CommTest::test_pass_xccl_options_config
../../../../test/distributed/test_c10d_xccl.py::CommTest::test_time_estimate_xccl
../../../../test/distributed/test_c10d_xccl.py::ProcessGroupXCCLGroupTest::test_abort_in_destroy_mixed_empty_pgs
../../../../test/distributed/test_c10d_xccl.py::ProcessGroupXCCLGroupTest::test_abort_in_destroy_multi_pgs
../../../../test/distributed/test_c10d_xccl.py::ProcessGroupXCCLGroupTest::test_init_process_group_xccl_timeout
../../../../test/distributed/test_c10d_xccl.py::SparseCollective::test_ddp_set_sparse_metadata
../../../../test/distributed/test_c10d_xccl.py::WorkHookTest::test_on_completion_hook_all_gather_object
../../../../test/distributed/test_c10d_xccl.py::WorkHookTest::test_on_completion_hook_broadcast
../../../../test/distributed/test_c10d_xccl.py::WorkHookTest::test_on_completion_hook_mixed_ops
../../../../test/distributed/test_c10d_xccl.py::WorkHookTest::test_on_completion_hook_seq
../../../../test/distributed/test_c10d_xccl.py::WorkHookTest::test_on_completion_hook_with_ddp
../../../../test/distributed/test_c10d_xccl.py::XcclErrorHandlingTest::test_error_detection_and_propagation
../../../../test/distributed/test_c10d_xccl.py::XcclErrorHandlingTest::test_restart_pg_after_error
../../../../test/distributed/test_c10d_xccl.py::XcclErrorHandlingTest::test_xccl_blocking_wait_with_barrier
../../../../test/distributed/test_c10d_xccl.py::XcclErrorHandlingTest::test_xccl_errors_blocking
../../../../test/distributed/test_c10d_xccl.py::XcclErrorHandlingTest::test_xccl_non_blocking_wait_with_barrier
../../../../test/distributed/test_c10d_xccl.py::DistributedDataParallelTest::test_param_layout_mismatch_error
../../../../test/distributed/test_c10d_xccl.py::XCCLTraceTest::test_allgather_uneven_timing_enabled_False
../../../../test/distributed/test_c10d_xccl.py::XCCLTraceTest::test_allgather_uneven_timing_enabled_True
distributed/test_c10d_xccl.py::XCCLTraceTest::test_allgather_uneven_timing_enabled_False
../../../../test/distributed/test_c10d_xccl.py::XCCLTraceTest::test_coalescing_manager_collective_timing_enabled_True
../../../../test/distributed/test_c10d_xccl.py::XcclProcessGroupWithDispatchedCollectivesTests::test_all_to_all_single
../../../../test/distributed/fsdp/test_fsdp_overlap.py::TestForwardOverlapWorldSizeOneXPU::test_forward_overlap_xpu
../../../../test/distributed/tensor/test_random_ops.py::DistTensorRandomOpCompileTest::test_compile_bernoulli
../../../../test/distributed/tensor/test_random_ops.py::DistTensorRandomOpCompileTest::test_compile_bernoulli_float
../../../../test/distributed/tensor/test_random_ops.py::DistTensorRandomOpCompileTest::test_compile_multiple_random_ops
../../../../test/distributed/tensor/test_random_ops.py::DistTensorRandomOpCompileTest::test_compile_native_dropout
../../../../test/distributed/tensor/test_random_ops.py::DistTensorRandomOpCompileTest::test_compile_normal_
../../../../test/distributed/tensor/test_random_ops.py::DistTensorRandomOpCompileTest::test_compile_rand_like
../../../../test/distributed/tensor/test_random_ops.py::DistTensorRandomOpCompileTest::test_compile_randint_like
../../../../test/distributed/tensor/test_random_ops.py::DistTensorRandomOpCompileTest::test_compile_randn_like
../../../../test/distributed/tensor/test_random_ops.py::DistTensorRandomOpCompileTest::test_compile_uniform_
temporarily skip
Cases:
op_ut,third_party.torch-xpu-ops.test.xpu.test_decomp_xpu.TestDecompXPU,test_quick_core_backward_logaddexp_xpu_float64
../../../../test/distributed/test_c10d_spawn_nccl.py::TestDistributedNNFunctionsNccl::test_all_gather_base
../../../../test/distributed/test_data_parallel.py::TestDataParallel::test_gather_cpu
../../../../test/distributed/test_data_parallel.py::TestDataParallel::test_gather_gpu
../../../../test/distributed/test_data_parallel.py::TestDataParallel::test_data_parallel_module_zero_inputs
../../../../test/distributed/test_data_parallel.py::TestDataParallel::test_replicate
../../../../test/distributed/test_data_parallel.py::TestDataParallel::test_replicate_buffers
../../../../test/distributed/test_data_parallel.py::TestDataParallel::test_save_replica_module
../../../../test/distributed/test_data_parallel.py::TestDataParallel::test_autocast
../../../../test/distributed/test_data_parallel.py::TestDataParallel::test_data_parallel
../../../../test/distributed/test_data_parallel.py::TestDataParallel::test_data_parallel_buffers_requiring_grad
../../../../test/distributed/test_data_parallel.py::TestDataParallel::test_data_parallel_complex
../../../../test/distributed/test_data_parallel.py::TestDataParallel::test_data_parallel_device_args
../../../../test/distributed/test_data_parallel.py::TestDataParallel::test_data_parallel_function_deletion
../../../../test/distributed/test_data_parallel.py::TestDataParallel::test_data_parallel_lazy_linear
../../../../test/distributed/test_data_parallel.py::TestDataParallel::test_data_parallel_model_device
../../../../test/distributed/test_data_parallel.py::TestDataParallel::test_data_parallel_model_no_refcycles
../../../../test/distributed/test_data_parallel.py::TestDataParallel::test_data_parallel_multiple_input
../../../../test/distributed/test_data_parallel.py::TestDataParallel::test_data_parallel_nested_input
../../../../test/distributed/test_data_parallel.py::TestDataParallel::test_data_parallel_nested_output
../../../../test/distributed/test_data_parallel.py::TestDataParallel::test_data_parallel_no_grad
../../../../test/distributed/test_data_parallel.py::TestDataParallel::test_data_parallel_rnn
../../../../test/distributed/test_data_parallel.py::TestDataParallel::test_data_parallel_small_back
../../../../test/distributed/test_data_parallel.py::TestDataParallel::test_data_parallel_sparse
../../../../test/distributed/test_data_parallel.py::TestDataParallel::test_parameter_list_dict_replica
../../../../test/distributed/test_data_parallel.py::TestDataParallel::test_scatter_cpu
../../../../test/distributed/test_data_parallel.py::TestDataParallel::test_scatter_gpu
../../../../test/distributed/test_data_parallel.py::TestDataParallel::test_strided_grad_layout
../../../../test/distributed/test_data_parallel.py::TestDataParallel::test_zero_grad
../../../../test/distributed/test_data_parallel.py::TestDataParallelDeviceTypeXPU::test_data_parallel_module_kwargs_only_empty_dict_xpu_float16
../../../../test/distributed/test_data_parallel.py::TestDataParallelDeviceTypeXPU::test_data_parallel_module_kwargs_only_empty_dict_xpu_float32
../../../../test/distributed/test_data_parallel.py::TestDataParallelDeviceTypeXPU::test_data_parallel_module_kwargs_only_empty_dict_xpu_float64
../../../../test/distributed/test_data_parallel.py::TestDataParallelDeviceTypeXPU::test_data_parallel_module_kwargs_only_empty_list_xpu_float16
../../../../test/distributed/test_data_parallel.py::TestDataParallelDeviceTypeXPU::test_data_parallel_module_kwargs_only_empty_list_xpu_float32
../../../../test/distributed/test_data_parallel.py::TestDataParallelDeviceTypeXPU::test_data_parallel_module_kwargs_only_empty_list_xpu_float64
../../../../test/distributed/test_data_parallel.py::TestDataParallelDeviceTypeXPU::test_data_parallel_module_kwargs_only_empty_tuple_xpu_float16
../../../../test/distributed/test_data_parallel.py::TestDataParallelDeviceTypeXPU::test_data_parallel_module_kwargs_only_empty_tuple_xpu_float32
../../../../test/distributed/test_data_parallel.py::TestDataParallelDeviceTypeXPU::test_data_parallel_module_kwargs_only_empty_tuple_xpu_float64
../../../../test/distributed/test_data_parallel.py::TestDataParallelDeviceTypeXPU::test_data_parallel_module_kwargs_only_xpu_float16
../../../../test/distributed/test_data_parallel.py::TestDataParallelDeviceTypeXPU::test_data_parallel_module_kwargs_only_xpu_float32
../../../../test/distributed/test_data_parallel.py::TestDataParallelDeviceTypeXPU::test_data_parallel_module_kwargs_only_xpu_float64
../../../../test/distributed/test_data_parallel.py::TestDataParallelDeviceTypeXPU::test_data_parallel_module_xpu_float16
../../../../test/distributed/test_data_parallel.py::TestDataParallelDeviceTypeXPU::test_data_parallel_module_xpu_float32
../../../../test/distributed/test_data_parallel.py::TestDataParallelDeviceTypeXPU::test_data_parallel_module_xpu_float64
../../../../test/distributed/test_data_parallel.py::TestDataParallel::test_data_parallel_complex_mixed_parameters
../../../../test/distributed/test_data_parallel.py::TestDataParallel::test_data_parallel_complex_parameters
../../../../test/distributed/test_distributed_spawn.py::TestDistBackendWithSpawn::test_all_to_all_single_equal_split_cuda
../../../../test/distributed/test_distributed_spawn.py::TestDistBackendWithSpawn::test_all_to_all_single_equal_split_cuda_complex
../../../../test/distributed/test_distributed_spawn.py::TestDistBackendWithSpawn::test_all_to_all_single_equal_split_full_group_cuda
../../../../test/distributed/test_data_parallel.py::TestDataParallelDeviceTypeCPU::test_data_parallel_module_cpu_float16
../../../../test/distributed/test_data_parallel.py::TestDataParallelDeviceTypeCPU::test_data_parallel_module_cpu_float32
../../../../test/distributed/test_data_parallel.py::TestDataParallelDeviceTypeCPU::test_data_parallel_module_cpu_float64
../../../../test/distributed/test_data_parallel.py::TestDataParallelDeviceTypeCPU::test_data_parallel_module_kwargs_only_cpu_float16
../../../../test/distributed/test_data_parallel.py::TestDataParallelDeviceTypeCPU::test_data_parallel_module_kwargs_only_cpu_float32
../../../../test/distributed/test_data_parallel.py::TestDataParallelDeviceTypeCPU::test_data_parallel_module_kwargs_only_cpu_float64
../../../../test/distributed/test_data_parallel.py::TestDataParallelDeviceTypeCPU::test_data_parallel_module_kwargs_only_empty_dict_cpu_float16
../../../../test/distributed/test_data_parallel.py::TestDataParallelDeviceTypeCPU::test_data_parallel_module_kwargs_only_empty_dict_cpu_float32
../../../../test/distributed/test_data_parallel.py::TestDataParallelDeviceTypeCPU::test_data_parallel_module_kwargs_only_empty_dict_cpu_float64
../../../../test/distributed/test_data_parallel.py::TestDataParallelDeviceTypeCPU::test_data_parallel_module_kwargs_only_empty_list_cpu_float16
../../../../test/distributed/test_data_parallel.py::TestDataParallelDeviceTypeCPU::test_data_parallel_module_kwargs_only_empty_list_cpu_float32
../../../../test/distributed/test_data_parallel.py::TestDataParallelDeviceTypeCPU::test_data_parallel_module_kwargs_only_empty_list_cpu_float64
../../../../test/distributed/test_data_parallel.py::TestDataParallelDeviceTypeCPU::test_data_parallel_module_kwargs_only_empty_tuple_cpu_float16
../../../../test/distributed/test_data_parallel.py::TestDataParallelDeviceTypeCPU::test_data_parallel_module_kwargs_only_empty_tuple_cpu_float32
../../../../test/distributed/test_data_parallel.py::TestDataParallelDeviceTypeCPU::test_data_parallel_module_kwargs_only_empty_tuple_cpu_float64
../../../../test/distributed/test_distributed_spawn.py::TestDistBackendWithSpawn::test_compute_bucket_assignment_by_size_sparse_error_with_logger
../../../../test/distributed/test_distributed_spawn.py::TestDistBackendWithSpawn::test_monitored_barrier_allreduce_hang_wait_all_ranks
../../../../test/distributed/test_distributed_spawn.py::TestDistBackendWithSpawn::test_compute_bucket_assignment_by_size_sparse_error_without_logger
../../../../test/distributed/test_distributed_spawn.py::TestDistBackendWithSpawn::test_monitored_barrier_allreduce_hang
../../../../test/distributed/test_distributed_spawn.py::TestDistBackendWithSpawn::test_monitored_barrier_allreduce_hang_wait_all_ranks
../../../../test/distributed/test_distributed_spawn.py::TestDistBackendWithSpawn::test_batch_isend_irecv_nccl
../../../../test/distributed/test_distributed_spawn.py::TestDistBackendWithSpawn::test_batch_isend_irecv_ring_exchange_nccl
../../../../test/distributed/test_distributed_spawn.py::TestDistBackendWithSpawn::test_batch_isend_irecv_self_nccl
../../../../test/distributed/test_distributed_spawn.py::TestDistBackendWithSpawn::test_ddp_model_diff_shape_across_ranks
../../../../test/distributed/test_distributed_spawn.py::TestDistBackendWithSpawn::test_ddp_uneven_inputs
../../../../test/distributed/test_pg_wrapper.py::ProcessGroupNCCLWrapperTest::test_collective_shape_mismatch_debug_mode_detail
../../../../test/distributed/test_pg_wrapper.py::ProcessGroupNCCLWrapperTest::test_collectives_op_mismatch_debug_mode
../../../../test/distributed/test_distributed_spawn.py::TestDistBackendWithSpawn::test_DistributedDataParallel
../../../../test/distributed/test_distributed_spawn.py::TestDistBackendWithSpawn::test_detect_ddp_is_actually_static
../../../../test/distributed/test_distributed_spawn.py::TestDistBackendWithSpawn::test_nccl_high_priority_stream
../../../../test/distributed/test_dist2.py::ProcessGroupNCCLTest::test_group_split
../../../../test/distributed/test_dist2.py::ProcessGroupNCCLTest::test_remote_group_merge
../../../../test/distributed/checkpoint/test_state_dict.py::TestStateDict::test_shared_weight
../../../../test/distributed/tensor/test_matrix_ops.py::DistMatrixOpsTest::test_scaled_dot_product_attention
../../../../test/distributed/tensor/test_matrix_ops.py::DistMatrixOpsTestWithLocalTensor::test_scaled_dot_product_attention
```
pytest -v --timeout 3600 --timeout_method=thread --max-worker-restart 1000000 --dist worksteal  --tx popen//env:ZE_AFFINITY_MASK=0,1,2,3//env:OMP_NUM_THREADS=48//python="numactl -l -C 0-47 python" --tx popen//env:ZE_AFFINITY_MASK=4,5,6,7//env:OMP_NUM_THREADS=48//python="numactl -l -C 48-95 python" test_c10d_xccl.py
```
../../../../test/distributed/_composable/fsdp/test_fully_shard_comm.py::TestFullyShardCommunication::test_set_reduce_scatter_divide_factor
distributed/test_c10d_ops_xccl.py::ProcessGroupXCCLOpTest::test_batch_isend_irecv
../../../../test/distributed/tensor/test_convolution_ops.py::DistConvolutionOpsTest::test_depthwise_convolution
../../../../test/distributed/test_distributed_spawn.py::TestDistBackendWithSpawn::test_batch_isend_irecv_ring_exchange_nccl
../../../../test/distributed/checkpoint/test_state_dict_stager.py::TestStateDictStager::test_tensor_pinned_and_shared
../../../../test/distributed/tensor/test_random_ops.py::DistTensorRandomInitTestWithLocalTensor::test_fsdp_tp_model_meta_init
../../../../test/distributed/tensor/test_random_ops.py::DistTensorRandomInitTestWithLocalTensor::test_init_ops
../../../../test/distributed/tensor/test_random_ops.py::DistTensorRandomInitTestWithLocalTensor::test_init_with_user_generator
../../../../test/distributed/tensor/test_random_ops.py::DistTensorRandomInitTestWithLocalTensor::test_meta_tensor_init
../../../../test/distributed/tensor/test_random_ops.py::DistTensorRandomInitTestWithLocalTensor::test_tp_model_meta_init
../../../../test/distributed/tensor/test_random_ops.py::DistTensorRandomOpTestWithLocalTensor::test_deterministic_dropout_1d
../../../../test/distributed/tensor/test_random_ops.py::DistTensorRandomOpTestWithLocalTensor::test_deterministic_rand_1d
../../../../test/distributed/tensor/test_random_ops.py::DistTensorRandomOpTestWithLocalTensor::test_deterministic_uniform_2d
../../../../test/distributed/tensor/test_random_ops.py::DistTensorRandomOpTestWithLocalTensor::test_manual_seed
../../../../test/distributed/tensor/test_random_ops.py::DistTensorRandomOpTestWithLocalTensor::test_pipeline_parallel_manual_seed
../../../../test/distributed/tensor/test_random_ops.py::DistTensorRandomOpTestWithLocalTensor::test_rng_tracker_init
../../../../test/distributed/tensor/test_random_ops.py::DistTensorRandomInitTestWithLocalTensor::test_dtensor_init_helper_tensor_meta_strides
../../../../test/distributed/tensor/test_random_ops.py::DistTensorRandomOpsTest3DWithLocalTensor::test_hsdp_tp_model_meta_init
../../../../test/distributed/test_composability.py::ComposabilityTest::test_pp_ddp_ScheduleClass0
../../../../test/distributed/test_distributed_spawn.py::TestDistBackendWithSpawn::test_ddp_apply_optim_in_backward
../../../../test/distributed/test_distributed_spawn.py::TestDistBackendWithSpawn::test_ddp_apply_optim_in_backward_grad_as_bucket_view_false
../../../../test/distributed/test_c10d_pypg.py::TestPyProcessGroup::test_block_current_stream
../../../../test/distributed/test_c10d_pypg.py::TestPyProcessGroup::test_block_current_stream_use_after_free
../../../../test/distributed/tensor/test_convolution_ops.py::DistConvolutionOpsTest::test_conv2d_no_bias_backward
../../../../test/distributed/tensor/test_convolution_ops.py::DistConvolutionOpsTest::test_conv_backward_none_grad_inp
../../../../test/distributed/algorithms/test_join.py::TestJoin::test_join_kwargs
../../../../test/distributed/algorithms/test_join.py::TestJoin::test_multiple_joinables
../../../../test/distributed/algorithms/test_join.py::TestJoin::test_single_joinable
../../../../test/distributed/algorithms/test_join.py::TestJoin::test_single_joinable_main_hooks
../../../../test/distributed/_tools/test_sac_ilp.py::TestSACILP::test_sac_ilp_case1
../../../../test/distributed/_tools/test_sac_ilp.py::TestSACILP::test_sac_ilp_case2
../../../../test/distributed/_tools/test_sac_ilp.py::TestSACILP::test_sac_ilp_case3
../../../../test/distributed/_shard/sharded_tensor/ops/test_embedding_bag.py::TestShardedEmbeddingBag::test_sharded_embedding_bag_rowwise
../../../../test/distributed/_shard/sharded_tensor/ops/test_binary_cmp.py::TestShardedTensorBinaryOps::test_torch_allclose_tensor_specs
../../../../test/distributed/_shard/sharded_tensor/ops/test_binary_cmp.py::TestShardedTensorBinaryOps::test_torch_equal_tensor_specs
../../test/test_nn.py::TestNNDeviceTypeXPU.test_cudnn_rnn_xpu_bfloat16
../../test/test_nn.py::TestNNDeviceTypeXPU.test_cudnn_rnn_xpu_float16
../../../../test/distributed/test_device_mesh.py::TestDeviceMeshGetItem::test_flatten_mesh_3d
../../../../test/distributed/_shard/sharded_tensor/test_sharded_tensor.py::TestShardedTensorChunked::test_complete_world_size
../../../../test/distributed/_shard/sharded_tensor/test_sharded_tensor.py::TestShardedTensorChunked::test_multiple_local_shards
../../../../test/distributed/_shard/sharded_tensor/test_sharded_tensor.py::TestShardedTensorChunked::test_new_group
../../../../test/distributed/_shard/sharded_tensor/test_sharded_tensor.py::TestShardedTensorChunked::test_partial_world_size
../../../../test/distributed/_shard/sharded_tensor/test_sharded_tensor.py::TestShardedTensorEnumerable::test_grid_sharding
../../../../test/distributed/_shard/sharded_tensor/test_sharded_tensor.py::TestShardedTensorEnumerable::test_multiple_local_shards
../../../../test/distributed/_shard/sharded_tensor/test_sharded_tensor.py::TestShardedTensorEnumerable::test_new_group
../../../../test/distributed/_shard/sharded_tensor/test_sharded_tensor.py::TestShardedTensorEnumerable::test_partial_world_size
../../../../test/distributed/_shard/sharded_tensor/test_sharded_tensor.py::TestShardedTensorEnumerable::test_with_rpc_names
../../../../test/distributed/_shard/sharded_tensor/test_sharded_tensor.py::TestShardedTensorFromLocalTensor::test_init_from_local_tensor
../../../../test/distributed/_shard/sharded_tensor/test_sharded_tensor.py::TestShardedTensorFromLocalShards::test_init_from_local_shards
../../../../test/distributed/_shard/sharded_tensor/test_sharded_tensor.py::TestShardedTensorFromLocalShards::test_init_from_local_shards_and_global_metadata
../../../../test/distributed/fsdp/test_fsdp_core.py::TestNoGradXPU::test_transformer_no_grad_mixed_precision_True_xpu
../../../../test/distributed/fsdp/test_fsdp_clip_grad_norm.py::TestClipGradNormXPU::test_ddp_parity_xpu
../../../../test/distributed/fsdp/test_fsdp_core.py::TestParityWithDDPXPU::test_delayed_optim_step_offload_false_none_xpu
../../../../test/distributed/fsdp/test_fsdp_core.py::TestParityWithDDPXPU::test_delayed_optim_step_offload_true_none_xpu
../../../../test/distributed/fsdp/test_fsdp_core.py::TestParityWithDDPXPU::test_delayed_reduce_scatter_offload_false_none_xpu
../../../../test/distributed/fsdp/test_fsdp_core.py::TestParityWithDDPXPU::test_delayed_reduce_scatter_offload_true_none_xpu
../../../../test/distributed/fsdp/test_fsdp_core.py::TestParityWithDDPXPU::test_nested_wrapped_model_offload_false_none_xpu
../../../../test/distributed/fsdp/test_fsdp_core.py::TestParityWithDDPXPU::test_nested_wrapped_model_offload_true_none_xpu
../../../../test/distributed/fsdp/test_fsdp_core.py::TestParityWithDDPXPU::test_transformer_offload_false_none_xpu
../../../../test/distributed/fsdp/test_fsdp_core.py::TestParityWithDDPXPU::test_transformer_offload_true_none_xpu
../../../../test/distributed/fsdp/test_fsdp_grad_acc.py::TestGradAcc::test_grad_acc_configs0_use_orig_params_False
../../../../test/distributed/fsdp/test_fsdp_grad_acc.py::TestGradAcc::test_grad_acc_configs0_use_orig_params_True
../../../../test/distributed/fsdp/test_fsdp_grad_acc.py::TestGradAcc::test_grad_acc_configs1_use_orig_params_False
../../../../test/distributed/fsdp/test_fsdp_grad_acc.py::TestGradAcc::test_grad_acc_configs1_use_orig_params_True
../../../../test/distributed/fsdp/test_fsdp_grad_acc.py::TestGradAcc::test_grad_acc_cpu_offload_use_orig_params_False
../../../../test/distributed/fsdp/test_fsdp_grad_acc.py::TestGradAcc::test_grad_acc_cpu_offload_use_orig_params_True
../../../../test/distributed/fsdp/test_fsdp_hybrid_shard.py::TestFSDPHybridShard::test_fsdp_hybrid_shard_parity
../../../../test/distributed/fsdp/test_fsdp_sharded_grad_scaler.py::TestShardedGradScalerParityWithDDP::test_fsdp_ddp_parity_with_grad_scaler_offload_false_none_none_none
../../../../test/distributed/fsdp/test_fsdp_sharded_grad_scaler.py::TestShardedGradScalerParityWithDDP::test_fsdp_ddp_parity_with_grad_scaler_offload_true_none_none_none
../../../../test/distributed/fsdp/test_fsdp_unshard_params.py::TestUnshardParamsNoShard::test_unshard_params_param_data_no_shard
../../../../test/distributed/fsdp/test_fsdp_unshard_params.py::TestUnshardParamsNoShard::test_unshard_params_writeback_no_shard
../../../../test/distributed/fsdp/test_fsdp_use_orig_params.py::TestFSDPUseOrigParamsMultipleParamGroups::test_diff_hyperparams_sharding_strategy_str_full_shard
../../../../test/distributed/fsdp/test_fsdp_use_orig_params.py::TestFSDPUseOrigParamsMultipleParamGroups::test_diff_hyperparams_sharding_strategy_str_shard_grad_op
../../../../test/distributed/fsdp/test_fsdp_core.py::TestParityWithDDPXPU::test_delayed_optim_step_offload_true_no_shard_xpu
../../../../test/distributed/test_c10d_functional_native.py::TestWithNCCL::test_reduce_scatter_tensor_coalesced
../../../../test/distributed/test_c10d_functional_native.py::TestWithNCCL::test_reduce_scatter_tensor_single
../../../../test/distributed/tensor/parallel/test_micro_pipeline_tp.py::MicroPipelineTPTest::test_dtensor_seq_par_shard_dim_0
../../../../test/distributed/tensor/parallel/test_micro_pipeline_tp.py::MicroPipelineTPTest::test_dtensor_seq_par_shard_dim_1
../../../../test/distributed/tensor/parallel/test_micro_pipeline_tp.py::MicroPipelineTPTest::test_fuse_matmul_reduce_scatter_A_dims_2_scatter_dim_0
../../../../test/distributed/tensor/parallel/test_micro_pipeline_tp.py::MicroPipelineTPTest::test_fuse_matmul_reduce_scatter_A_dims_2_scatter_dim_1
../../../../test/distributed/tensor/parallel/test_micro_pipeline_tp.py::MicroPipelineTPTest::test_fuse_matmul_reduce_scatter_A_dims_3_scatter_dim_0
../../../../test/distributed/tensor/parallel/test_micro_pipeline_tp.py::MicroPipelineTPTest::test_fuse_matmul_reduce_scatter_A_dims_3_scatter_dim_1
../../../../test/distributed/tensor/parallel/test_micro_pipeline_tp.py::MicroPipelineTPTest::test_fuse_matmul_reduce_scatter_A_dims_3_scatter_dim_2
../../../../test/distributed/tensor/parallel/test_micro_pipeline_tp.py::MicroPipelineTPTest::test_fuse_all_gather_matmul_A_dims_2_gather_dim_0_return_A_False
../../../../test/distributed/tensor/parallel/test_micro_pipeline_tp.py::MicroPipelineTPTest::test_fuse_all_gather_matmul_A_dims_2_gather_dim_0_return_A_True
../../../../test/distributed/tensor/parallel/test_micro_pipeline_tp.py::MicroPipelineTPTest::test_fuse_all_gather_matmul_A_dims_3_gather_dim_0_return_A_False
../../../../test/distributed/tensor/parallel/test_micro_pipeline_tp.py::MicroPipelineTPTest::test_fuse_all_gather_matmul_A_dims_3_gather_dim_0_return_A_True
../../../../test/distributed/tensor/parallel/test_micro_pipeline_tp.py::MicroPipelineTPTest::test_fuse_all_gather_matmul_A_dims_3_gather_dim_1_return_A_False
../../../../test/distributed/tensor/parallel/test_micro_pipeline_tp.py::MicroPipelineTPTest::test_fuse_all_gather_matmul_A_dims_3_gather_dim_1_return_A_True
../../../../test/distributed/tensor/parallel/test_micro_pipeline_tp.py::MicroPipelineTP4GPUTest::test_extra_collectives
../../../../test/distributed/tensor/parallel/test_micro_pipeline_tp.py::MicroPipelineTPTest::test_fuse_all_gather_scaled_matmul_A_dims_2_gather_dim_0_return_A_False
../../../../test/distributed/tensor/parallel/test_micro_pipeline_tp.py::MicroPipelineTPTest::test_fuse_all_gather_scaled_matmul_A_dims_2_gather_dim_0_return_A_True
../../../../test/distributed/tensor/parallel/test_micro_pipeline_tp.py::MicroPipelineTPTest::test_fuse_all_gather_scaled_matmul_A_dims_3_gather_dim_0_return_A_False
../../../../test/distributed/tensor/parallel/test_micro_pipeline_tp.py::MicroPipelineTPTest::test_fuse_all_gather_scaled_matmul_A_dims_3_gather_dim_0_return_A_True
../../../../test/distributed/tensor/parallel/test_micro_pipeline_tp.py::MicroPipelineTPTest::test_fuse_all_gather_scaled_matmul_A_dims_3_gather_dim_1_return_A_False
../../../../test/distributed/tensor/parallel/test_micro_pipeline_tp.py::MicroPipelineTPTest::test_fuse_all_gather_scaled_matmul_A_dims_3_gather_dim_1_return_A_True
../../../../test/distributed/tensor/parallel/test_micro_pipeline_tp.py::MicroPipelineTPTest::test_fuse_all_gather_scaled_matmul_A_dims_2_gather_dim_1_return_A_False
../../../../test/distributed/tensor/parallel/test_micro_pipeline_tp.py::MicroPipelineTPTest::test_fuse_all_gather_scaled_matmul_A_dims_2_gather_dim_1_return_A_True
../../../../test/distributed/tensor/parallel/test_micro_pipeline_tp.py::MicroPipelineTPTest::test_fuse_all_gather_scaled_matmul_A_dims_3_gather_dim_2_return_A_False
../../../../test/distributed/tensor/parallel/test_micro_pipeline_tp.py::MicroPipelineTPTest::test_fuse_all_gather_scaled_matmul_A_dims_3_gather_dim_2_return_A_True
../../../../test/distributed/tensor/parallel/test_micro_pipeline_tp.py::MicroPipelineTPTest::test_fuse_scaled_matmul_reduce_scatter_A_dims_2_scatter_dim_0
../../../../test/distributed/tensor/parallel/test_micro_pipeline_tp.py::MicroPipelineTPTest::test_fuse_scaled_matmul_reduce_scatter_A_dims_2_scatter_dim_1
../../../../test/distributed/tensor/parallel/test_micro_pipeline_tp.py::MicroPipelineTPTest::test_fuse_scaled_matmul_reduce_scatter_A_dims_3_scatter_dim_0
../../../../test/distributed/tensor/parallel/test_micro_pipeline_tp.py::MicroPipelineTPTest::test_fuse_scaled_matmul_reduce_scatter_A_dims_3_scatter_dim_1
../../../../test/distributed/tensor/parallel/test_micro_pipeline_tp.py::MicroPipelineTPTest::test_fuse_scaled_matmul_reduce_scatter_A_dims_3_scatter_dim_2
../../../../test/distributed/tensor/parallel/test_micro_pipeline_tp.py::MicroPipelineTPTest::test_fuse_scaled_matmul_reduce_scatter_rowwise_scales_reshape_mm_reshape_scatter_dim_0
../../../../test/distributed/tensor/parallel/test_micro_pipeline_tp.py::MicroPipelineTPTest::test_fuse_scaled_matmul_reduce_scatter_rowwise_scales_reshape_mm_reshape_scatter_dim_1
../../../../test/distributed/tensor/parallel/test_micro_pipeline_tp.py::MicroPipelineTPTest::test_fuse_scaled_matmul_reduce_scatter_rowwise_scales_reshape_mm_reshape_scatter_dim_2
../../../../test/distributed/tensor/parallel/test_tp_examples.py::DistTensorParallelExampleTest::test_transformer_req_grad_seq_parallel_float32_thaw_all
../../../../test/distributed/tensor/parallel/test_tp_examples.py::DistTensorParallelExampleTest::test_transformer_req_grad_seq_parallel_float32_thaw_layers_0_attention_wv__layers_0_feed_forward_w1__layers_1_feed_forward_w2__layers_1_ffn_norm__output__tok_embeddings
../../../../test/distributed/tensor/parallel/test_tp_examples.py::DistTensorParallelExampleTest::test_transformer_req_grad_seq_parallel_float32_thaw_layers_1_ffn_norm__norm__output__tok_embeddings
../../../../test/distributed/tensor/parallel/test_tp_examples.py::DistTensorParallelExampleTest::test_transformer_req_grad_seq_parallel_float32_thaw_output__tok_embeddings
../../../../test/distributed/tensor/parallel/test_tp_examples.py::DistTensorParallelExampleTest::test_transformer_req_grad_seq_parallel_float32_thaw_norm__output__tok_embeddings
../../../../test/distributed/tensor/parallel/test_tp_examples.py::DistTensorParallelExampleTest::test_transformer_training_is_seq_parallel_False_float32
../../../../test/distributed/tensor/parallel/test_tp_examples.py::DistTensorParallelExampleTest::test_transformer_training_is_seq_parallel_True_float32
../../../../test/distributed/tensor/test_attention.py::RingAttentionTest::test_ring_attention_sdpa
../../../../test/distributed/tensor/parallel/test_tp_examples.py::DistTensorParallelExampleTest::test_transformer_req_grad_seq_parallel_float32_thaw_norm__output
../../../../test/distributed/test_c10d_functional_native.py::CompileTest::test_inductor_all_reduce_coalesced
../../../../test/distributed/test_c10d_functional_native.py::CompileTest::test_inductor_all_reduce_single
../../../../test/distributed/test_c10d_functional_native.py::CompileTest::test_inductor_all_to_all_single
../../../../test/distributed/test_c10d_functional_native.py::CompileTest::test_inductor_broadcast
../../../../test/distributed/test_c10d_functional_native.py::CompileTest::test_ranks_and_tag
../../../../test/distributed/test_c10d_functional_native.py::CompileTest::test_inductor_all_gather_into_tensor_coalesced
../../../../test/distributed/test_c10d_functional_native.py::CompileTest::test_inductor_reduce_scatter_tensor_coalesced
../../../../test/distributed/test_c10d_functional_native.py::CompileTest::test_inductor_reduce_scatter_tensor_single
../../../../test/distributed/_composable/fsdp/test_fully_shard_clip_grad_norm_.py::TestClipGradNormWorldSize4::test_clip_grad_norm_2d
../../../../test/distributed/_composable/fsdp/test_fully_shard_training.py::TestFullyShard1DTrainingCore::test_train_parity_multi_group_unshard_async_op
../../../../test/distributed/_composable/fsdp/test_fully_shard_training.py::TestFullyShard1DTrainingCompose::test_train_parity_with_activation_checkpointing
../../../../test/distributed/_composable/fsdp/test_fully_shard_comm.py::TestFullyShardUnshardMultiProcess::test_unshard_async
../../../../test/distributed/tensor/test_experimental_ops.py::DistOtherOpsTest::test_bernoulli
../../../../test/distributed/_composable/fsdp/test_fully_shard_memory.py::TestFullyShardMemory::test_fully_shard_training_memory
../../../../test/distributed/_composable/test_replicate_with_compiler.py::ReplicateTest::test_compile_backward_only
../../../../test/distributed/_composable/test_replicate_with_compiler.py::ReplicateTest::test_compile_bf16
../../../../test/distributed/_composable/test_replicate_with_compiler.py::ReplicateTest::test_compile_fp16
../../../../test/distributed/_composable/test_replicate_with_compiler.py::ReplicateTest::test_compile_gpu
../../../../test/distributed/_composable/test_replicate_with_compiler.py::ReplicateTest::test_compile_gpu_ac
../../../../test/distributed/tensor/test_math_ops.py::DistMathOpsTest::test_nll_loss_and_cross_entropy
../../../../test/distributed/tensor/parallel/test_tp_style.py::TensorParallelStyleTest::test_sequence_parallel_style
../../../../test/distributed/tensor/parallel/test_tp_examples.py::DistTensorParallelExampleTest::test_mlp_inference
../../../../test/distributed/tensor/test_dtensor.py::TestDTensorPlacementTypes::test_split_tensor_1D
../../../../test/distributed/tensor/test_tensor_ops.py::DistTensorOpsTest::test_op_out_variant
../../../../test/distributed/_composable/fsdp/test_fully_shard_training.py::TestFullyShard1DTrainingCore::test_non_root_forward_backward
../../../../test/distributed/_composable/fsdp/test_fully_shard_overlap.py::TestFullyShardPerParamMeshOverlap::test_fully_shard_per_param_mesh_no_grad_input_overlap
../../../../test/distributed/_composable/fsdp/test_fully_shard_overlap.py::TestFullyShardPerParamMeshOverlap::test_fully_shard_per_param_mesh_training_overlap
../../../../test/distributed/test_inductor_collectives.py::TestCollectivesMultiProc::test_eager_async_allreduce_inductor_wait
../../../../test/distributed/checkpoint/test_file_system_checkpoint_cpu.py::TestDistributedReshardOnLoad::test_load_rowwise_to_colwise_thread_count_1
../../../../test/distributed/checkpoint/test_file_system_checkpoint_cpu.py::TestDistributedReshardOnLoad::test_load_rowwise_to_colwise_thread_count_2
../../../../test/distributed/checkpoint/test_file_system_checkpoint_cpu.py::TestDistributedReshardOnLoad::test_load_with_different_shard_plan_thread_count_1
../../../../test/distributed/checkpoint/test_file_system_checkpoint_cpu.py::TestDistributedReshardOnLoad::test_load_with_different_shard_plan_thread_count_2
../../../../test/distributed/checkpoint/fsdp/test_fsdp_dsd.py::TestFullyShardWithDistributedStateDict::test_save_with_fsdp1_and_load_with_fsdp2
../../../../test/distributed/checkpoint/fsdp/test_fsdp_dsd.py::TestFullyShardWithDistributedStateDict::test_save_with_fsdp1_and_load_with_fsdp2_tp
../../../../test/distributed/checkpoint/fsdp/test_fsdp_dsd.py::TestFullyShardWithDistributedStateDict::test_save_with_fsdp2_tp_and_load_with_tp
../../../../test/distributed/checkpoint/fsdp/test_fsdp_dsd.py::TestFullyShardWithDistributedStateDict::test_save_with_tp_and_load_with_fsdp2_tp
../../../../test/distributed/checkpoint/test_checkpoint.py::TestDistributedFailure::test_save_error_handling
../../../../test/distributed/checkpoint/test_dtensor_resharding.py::TestDTensorReshardMeshChange::test_dtensor_checkpoint_resharding_with_empty_shard
../../../../test/distributed/checkpoint/test_tp_checkpoint.py::TestTpCheckpoint::test_tp_checkpoint
../../../../test/distributed/checkpoint/test_tp_checkpoint.py::TestTpCheckpoint::test_tp_checkpoint_load_on_meta_device
../../../../test/distributed/checkpoint/test_checkpoint.py::TestDistributedFailure::test_dummy_writer_works
../../../../test/distributed/checkpoint/test_dtensor_checkpoint.py::DTensorPlanner::test_distributed_tensor_planner
../../../../test/distributed/checkpoint/test_file_system_checkpoint_cpu.py::TestDistributedReshardOnLoad::test_switch_between_sharded_tensor_to_tensor_thread_count_1
../../../../test/distributed/checkpoint/test_file_system_checkpoint_cpu.py::TestDistributedReshardOnLoad::test_switch_between_sharded_tensor_to_tensor_thread_count_2
../../../../test/distributed/checkpoint/test_state_dict_utils.py::TestStateDictUtils::test_create_cpu_state_dict
op_ut,third_party.torch-xpu-ops.test.xpu.test_scaled_matmul_cuda_xpu.TestFP8MatmulXPU,test_scaled_mm_deepseek_error_messages_bfloat16_lhs_block_128_rhs_block_1_M_256_N_256_K_256_xpu
op_ut,third_party.torch-xpu-ops.test.xpu.test_scaled_matmul_cuda_xpu.TestFP8MatmulXPU,test_scaled_mm_deepseek_error_messages_bfloat16_lhs_block_128_rhs_block_1_M_256_N_256_K_512_xpu
op_ut,third_party.torch-xpu-ops.test.xpu.test_scaled_matmul_cuda_xpu.TestFP8MatmulXPU,test_scaled_mm_deepseek_error_messages_bfloat16_lhs_block_1_rhs_block_128_M_256_N_256_K_256_xpu
op_ut,third_party.torch-xpu-ops.test.xpu.test_scaled_matmul_cuda_xpu.TestFP8MatmulXPU,test_scaled_mm_deepseek_error_messages_bfloat16_lhs_block_1_rhs_block_128_M_256_N_256_K_512_xpu
op_ut,third_party.torch-xpu-ops.test.xpu.test_scaled_matmul_cuda_xpu.TestFP8MatmulXPU,test_scaled_mm_deepseek_error_messages_bfloat16_lhs_block_1_rhs_block_1_M_256_N_256_K_256_xpu
op_ut,third_party.torch-xpu-ops.test.xpu.test_scaled_matmul_cuda_xpu.TestFP8MatmulXPU,test_scaled_mm_deepseek_error_messages_bfloat16_lhs_block_1_rhs_block_1_M_256_N_256_K_512_xpu
op_ut,third_party.torch-xpu-ops.test.xpu.dynamo.test_aot_autograd_cache_xpu.AOTAutogradCachePicklerTests,test_identical_graphs_and_configs
op_ut,third_party.torch-xpu-ops.test.xpu.dynamo.test_aot_autograd_cache_xpu.AOTAutogradCachePicklerTests,test_different_configs
op_ut,third_party.torch-xpu-ops.test.xpu.test_ops_xpu.TestCommonXPU,test_errors_arange_xpu
op_ut,third_party.torch-xpu-ops.test.xpu.test_meta_xpu.TestMetaXPU,test_meta_outplace_torch_ops_aten__flash_attention_forward_xpu_float16
op_ut,third_party.torch-xpu-ops.test.xpu.dynamo.test_misc_xpu.MiscTests,test_const_dict_variable_python_type
op_ut,third_party.torch-xpu-ops.test.xpu.test_ops_xpu.TestCompositeComplianceXPU,test_backward_nn_functional_conv_transpose3d_xpu_float32
op_ut,third_party.torch-xpu-ops.test.xpu.test_custom_ops_xpu.TestCustomOp,test_backward_grads_are_tensor_or_none
op_ut,third_party.torch-xpu-ops.test.xpu.test_custom_ops_xpu.TestCustomOp,test_backward_impl_on_existing_op
op_ut,third_party.torch-xpu-ops.test.xpu.test_custom_ops_xpu.TestCustomOp,test_backward_dict_invalid_keys
op_ut,third_party.torch-xpu-ops.test.xpu.test_custom_ops_xpu.TestCustomOp,test_backward_dict_requires_keys_for_input_optional_tensors
op_ut,third_party.torch-xpu-ops.test.xpu.test_custom_ops_xpu.TestCustomOp,test_backward_dict_requires_keys_for_input_tensors
op_ut,third_party.torch-xpu-ops.test.xpu.test_custom_ops_xpu.TestCustomOp,test_backward_dict_grad_for_nontensor
op_ut,third_party.torch-xpu-ops.test.xpu.test_ops_xpu.TestFakeTensorXPU,test_fake_crossref_backward_amp_fft_hfft2_xpu_float32
op_ut,third_party.torch-xpu-ops.test.xpu.test_ops_xpu.TestFakeTensorXPU,test_fake_crossref_backward_amp_fft_hfftn_xpu_float32
op_ut,third_party.torch-xpu-ops.test.xpu.test_ops_xpu.TestFakeTensorXPU,test_fake_crossref_backward_amp_fft_irfft2_xpu_float32
op_ut,third_party.torch-xpu-ops.test.xpu.test_ops_xpu.TestFakeTensorXPU,test_fake_crossref_backward_amp_fft_irfftn_xpu_float32
op_ut,third_party.torch-xpu-ops.test.xpu.test_ops_xpu.TestFakeTensorXPU,test_fake_crossref_backward_amp_nn_functional_max_unpool2d_grad_xpu_float32
op_ut,third_party.torch-xpu-ops.test.xpu.test_ops_xpu.TestFakeTensorXPU,test_fake_crossref_backward_amp_nn_functional_max_unpool2d_xpu_float32
op_ut,third_party.torch-xpu-ops.test.xpu.test_ops_xpu.TestFakeTensorXPU,test_fake_crossref_backward_no_amp_fft_hfft2_xpu_float32
op_ut,third_party.torch-xpu-ops.test.xpu.test_ops_xpu.TestFakeTensorXPU,test_fake_crossref_backward_no_amp_fft_hfftn_xpu_float32
op_ut,third_party.torch-xpu-ops.test.xpu.test_ops_xpu.TestFakeTensorXPU,test_fake_crossref_backward_no_amp_fft_irfft2_xpu_float32
op_ut,third_party.torch-xpu-ops.test.xpu.test_ops_xpu.TestFakeTensorXPU,test_fake_crossref_backward_no_amp_fft_irfftn_xpu_float32
op_ut,third_party.torch-xpu-ops.test.xpu.test_ops_xpu.TestFakeTensorXPU,test_fake_crossref_backward_no_amp_nn_functional_max_unpool2d_grad_xpu_float32
op_ut,third_party.torch-xpu-ops.test.xpu.test_ops_xpu.TestFakeTensorXPU,test_fake_crossref_backward_no_amp_nn_functional_max_unpool2d_xpu_float32
op_ut,third_party.torch-xpu-ops.test.xpu.dynamo.test_functions_xpu.FunctionTests,test_get_device_properties_tensor_device
op_ut,third_party.torch-xpu-ops.test.xpu.functorch.test_ops_xpu.TestOperatorsXPU,test_vjpvmap_nn_functional_conv3d_xpu_float32
op_ut,third_party.torch-xpu-ops.test.xpu.test_autograd_xpu.TestAutogradDeviceTypeXPU,test_strided_leaf_grad_layout_xpu
op_ut,third_party.torch-xpu-ops.test.xpu.test_ops_xpu.TestCommonXPU,test_dtypes_nn_functional_conv_transpose2d_xpu
op_ut,third_party.torch-xpu-ops.test.xpu.test_ops_xpu.TestCommonXPU,test_dtypes_nn_functional_conv_transpose3d_xpu
op_ut,third_party.torch-xpu-ops.test.xpu.dynamo.test_streams_xpu.TestStreams,test_record_stream_problem_basic
op_ut,third_party.torch-xpu-ops.test.xpu.dynamo.test_streams_xpu.TestStreams,test_record_stream_problem_interleaved
op_ut,third_party.torch-xpu-ops.test.xpu.dynamo.test_streams_xpu.TestStreams,test_stream_backward_simple
op_ut,third_party.torch-xpu-ops.test.xpu.dynamo.test_streams_xpu.TestStreams,test_stream_backward_sync
op_ut,third_party.torch-xpu-ops.test.xpu.dynamo.test_streams_xpu.TestStreams,test_stream_enter_exit
op_ut,third_party.torch-xpu-ops.test.xpu.dynamo.test_streams_xpu.TestStreams,test_stream_with_mutation
op_ut,third_party.torch-xpu-ops.test.xpu.dynamo.test_streams_xpu.TestStreams,test_local_stream_enter_exit
op_ut,third_party.torch-xpu-ops.test.xpu.dynamo.test_streams_xpu.TestStreams,test_local_stream_nested_enter_exit
op_ut,third_party.torch-xpu-ops.test.xpu.dynamo.test_streams_xpu.TestStreams,test_nested_stream_enter_exit
op_ut,third_party.torch-xpu-ops.test.xpu.dynamo.test_streams_xpu.TestStreams,test_epilogue_copy_streams_inference
op_ut,third_party.torch-xpu-ops.test.xpu.dynamo.test_streams_xpu.TestStreams,test_epilogue_copy_stream_tracking
op_ut,third_party.torch-xpu-ops.test.xpu.dynamo.test_streams_xpu.TestStreams,test_event_tracing
op_ut,third_party.torch-xpu-ops.test.xpu.test_indexing_xpu.TestIndexingXPU,test_index_add_correctness_2d_alpha_xpu
op_ut,third_party.torch-xpu-ops.test.xpu.test_indexing_xpu.TestIndexingXPU,test_index_add_correctness_2d_large_xpu_bfloat16
op_ut,third_party.torch-xpu-ops.test.xpu.test_indexing_xpu.TestIndexingXPU,test_index_add_correctness_2d_out_of_place_xpu_bfloat16
~~op_ut,third_party.torch-xpu-ops.test.xpu.test_multiprocessing_xpu.TestMultiprocessing,test_is_shared_cuda~~
op_ut,third_party.torch-xpu-ops.test.xpu.test_multiprocessing_xpu.TestMultiprocessing,test_integer_parameter_serialization_cpu
op_ut,third_party.torch-xpu-ops.test.xpu.test_multiprocessing_xpu.TestMultiprocessing,test_meta_simple
op_ut,third_party.torch-xpu-ops.test.xpu.test_multiprocessing_xpu.TestMultiprocessing,test_autograd_fine_with_spawn
op_ut,third_party.torch-xpu-ops.test.xpu.test_multiprocessing_xpu.TestMultiprocessing,test_cuda_bad_call
op_ut,third_party.torch-xpu-ops.test.xpu.dynamo.test_streams_xpu.TestStreams,test_record_stream_problem_basic
op_ut,third_party.torch-xpu-ops.test.xpu.dynamo.test_streams_xpu.TestStreams,test_record_stream_problem_interleaved
op_ut,third_party.torch-xpu-ops.test.xpu.dynamo.test_streams_xpu.TestStreams,test_stream_backward_simple
op_ut,third_party.torch-xpu-ops.test.xpu.dynamo.test_streams_xpu.TestStreams,test_stream_backward_sync
op_ut,third_party.torch-xpu-ops.test.xpu.dynamo.test_streams_xpu.TestStreams,test_stream_enter_exit
op_ut,third_party.torch-xpu-ops.test.xpu.dynamo.test_streams_xpu.TestStreams,test_stream_with_mutation
op_ut,third_party.torch-xpu-ops.test.xpu.dynamo.test_streams_xpu.TestStreams,test_local_stream_enter_exit
op_ut,third_party.torch-xpu-ops.test.xpu.dynamo.test_streams_xpu.TestStreams,test_local_stream_nested_enter_exit
op_ut,third_party.torch-xpu-ops.test.xpu.dynamo.test_streams_xpu.TestStreams,test_nested_stream_enter_exit
op_ut,third_party.torch-xpu-ops.test.xpu.dynamo.test_streams_xpu.TestStreams,test_epilogue_copy_streams_inference
op_ut,third_party.torch-xpu-ops.test.xpu.dynamo.test_streams_xpu.TestStreams,test_epilogue_copy_stream_tracking
op_ut,third_party.torch-xpu-ops.test.xpu.dynamo.test_streams_xpu.TestStreams,test_event_tracing
~~op_ut,third_party.torch-xpu-ops.test.xpu.dynamo.test_compiler_bisector_xpu.TestCompilerBisector,test_pre_grad~~
~~op_ut,third_party.torch-xpu-ops.test.xpu.dynamo.test_wrap_inductor_compiled_regions_xpu.TestWrapInductorCompiledRegions,test_wrap_config_affects_cache_key~~
op_ut,third_party.torch-xpu-ops.test.xpu.test_dataloader_xpu.TestDataLoaderDeviceTypeXPU,test_sparse_tensor_multiprocessing_context_forkserver_xpu
op_ut,third_party.torch-xpu-ops.test.xpu.test_dataloader_xpu.TestDataLoaderDeviceTypeXPU,test_sparse_tensor_multiprocessing_context_spawn_xpu
~~op_ut,third_party.torch-xpu-ops.test.xpu.profiler.test_profiler_xpu.TestExperimentalUtils,test_utils_get_optimizable_events~~
op_ut,third_party.torch-xpu-ops.test.xpu.profiler.test_profiler_xpu.TestProfiler,test_disable_external_correlation
op_ut,third_party.torch-xpu-ops.test.xpu.profiler.test_profiler_xpu.TestProfiler,test_dynamic_toggle
~~op_ut,third_party.torch-xpu-ops.test.xpu.profiler.test_profiler_xpu.TestExperimentalUtils,test_profiler_pattern_matcher_json_report~~
~~op_ut,third_party.torch-xpu-ops.test.xpu.profiler.test_profiler_xpu.TestProfiler,test_basic_chrome_trace~~
op_ut,third_party.torch-xpu-ops.test.xpu.profiler.test_cpp_thread_xpu.CppThreadTestXPU,test_without_enable_profiler_in_child_thread_xpu
op_ut,third_party.torch-xpu-ops.test.xpu.profiler.test_cpp_thread_xpu.CppThreadTestXPU,test_with_enable_profiler_in_child_thread_xpu
op_ut,third_party.torch-xpu-ops.test.xpu.export.test_torchbind_xpu.TestCompileTorchbind,test_export_obj_torchbind_op_with_autocast_device_xpu
op_ut,third_party.torch-xpu-ops.test.xpu.export.test_torchbind_xpu.TestCompileTorchbind,test_compile_obj_torchbind_op_with_autocast_device_xpu_backend_inductor
op_ut,third_party.torch-xpu-ops.test.xpu.export.test_torchbind_xpu.TestCompileTorchbind,test_compile_obj_torchbind_op_with_autocast_device_xpu_backend_aot_eager
op_ut,third_party.torch-xpu-ops.test.xpu.export.test_torchbind_xpu.TestCompileTorchbind,test_compile_obj_torchbind_op_with_autocast_device_xpu_backend_eager
op_ut,third_party.torch-xpu-ops.test.xpu.test_prims_xpu.TestPrimsXPU,test_philox_rand_xpu_float32
op_ut,third_party.torch-xpu-ops.test.xpu.dynamo.test_streams_xpu,TestStreams.test_record_stream_problem_basic_xpu
op_ut,third_party.torch-xpu-ops.test.xpu.dynamo.test_streams_xpu,TestStreams.test_record_stream_problem_interleaved_xpu
op_ut,third_party.torch-xpu-ops.test.xpu.dynamo.test_streams_xpu,TestStreams.test_stream_backward_simple_xpu
op_ut,third_party.torch-xpu-ops.test.xpu.dynamo.test_streams_xpu,TestStreams.test_stream_backward_sync_xpu
~~op_ut,third_party.torch-xpu-ops.test.xpu.dynamo.test_ctx_manager_xpu.CtxManagerTests,test_cuda_event_method~~
~~op_ut,third_party.torch-xpu-ops.test.xpu.dynamo.test_ctx_manager_xpu.CtxManagerTests,test_cuda_stream_context_manager1~~
~~op_ut,third_party.torch-xpu-ops.test.xpu.dynamo.test_ctx_manager_xpu.CtxManagerTests,test_cuda_stream_method~~
op_ut,third_party.torch-xpu-ops.test.xpu.nn.test_convolution_xpu.TestConvolutionNNDeviceTypeXPU,test_Conv2d_naive_groups_xpu_float16
op_ut,third_party.torch-xpu-ops.test.xpu.test_ops_gradients_xpu.TestBwdGradientsXPU,test_fn_gradgrad_grid_sampler_2d_xpu_float64
op_ut,third_party.torch-xpu-ops.test.xpu.test_transformers_xpu.TestSDPAFailureModesXPU,test_mem_eff_attention_large_seq_len_uniform_attention_xpu
op_ut,third_party.torch-xpu-ops.test.xpu.test_transformers_xpu.TestSDPAFailureModesXPU,test_mem_eff_attention_large_seq_len_uniform_attention_xpu
op_ut,third_party.torch-xpu-ops.test.xpu.test_transformers_xpu.TestSDPAFailureModesXPU,test_mem_eff_attention_large_seq_len_uniform_attention_xpu
op_ut,third_party.torch-xpu-ops.test.xpu.test_optim_xpu.TestOptimRenewedXPU,test_fused_mixed_precision_hook_skips_existing_state_amsgrad_False_Adam_xpu_float32
op_ut,third_party.torch-xpu-ops.test.xpu.test_optim_xpu.TestOptimRenewedXPU,test_fused_mixed_precision_hook_skips_existing_state_amsgrad_True_AdamW_xpu_float32
op_ut,third_party.torch-xpu-ops.test.xpu.test_optim_xpu.TestOptimRenewedXPU,test_fused_mixed_precision_hook_skips_existing_state_amsgrad_True_Adam_xpu_float32
op_ut,third_party.torch-xpu-ops.test.xpu.test_optim_xpu.TestOptimRenewedXPU,test_fused_mixed_precision_numerics_AdamW_xpu_float32
op_ut,third_party.torch-xpu-ops.test.xpu.test_optim_xpu.TestOptimRenewedXPU,test_fused_mixed_precision_numerics_Adam_xpu_float32
op_ut,third_party.torch-xpu-ops.test.xpu.test_optim_xpu.TestOptimRenewedXPU,test_fused_mixed_precision_state_init_amsgrad_False_AdamW_xpu_float32
op_ut,third_party.torch-xpu-ops.test.xpu.test_optim_xpu.TestOptimRenewedXPU,test_fused_mixed_precision_state_init_amsgrad_False_Adam_xpu_float32
op_ut,third_party.torch-xpu-ops.test.xpu.test_optim_xpu.TestOptimRenewedXPU,test_fused_mixed_precision_state_init_amsgrad_True_AdamW_xpu_float32
op_ut,third_party.torch-xpu-ops.test.xpu.test_optim_xpu.TestOptimRenewedXPU,test_fused_mixed_precision_state_init_amsgrad_True_Adam_xpu_float32
op_ut,third_party.torch-xpu-ops.test.xpu.test_optim_xpu.TestOptimRenewedXPU,test_fused_mixed_precision_hook_skips_existing_state_amsgrad_False_AdamW_xpu_float32
op_ut,third_party.torch-xpu-ops.test.xpu.test_torch_xpu.TestBasicVitalSigns,test_basic_vitals
op_ut,third_party.torch-xpu-ops.test.xpu.test_torch_xpu.TestBasicVitalSigns,test_basic_vitals_read_write
op_ut,third_party.torch-xpu-ops.test.xpu.test_torch_xpu.TestBasicVitalSigns,test_dataloader_vitals
op_ut,third_party.torch-xpu-ops.test.xpu.test_autograd_xpu.TestAutogradStreamSynchronizationXPU,test_side_stream_backward_overlap_xpu
~~op_ut,third_party.torch-xpu-ops.test.xpu.test_transformers_xpu.TestSDPAFailureModesXPU,test_sdpa_unbacked_no_dde_xpu~~
op_ut,third_party.torch-xpu-ops.test.xpu.test_sparse_csr_xpu.TestSparseCompressedTritonKernelsXPU,test_triton_sampled_addmm_block_size_16_xpu_bfloat16
op_ut,third_party.torch-xpu-ops.test.xpu.test_sparse_csr_xpu.TestSparseCompressedTritonKernelsXPU,test_triton_sampled_addmm_block_size_16_xpu_float16
op_ut,third_party.torch-xpu-ops.test.xpu.test_sparse_csr_xpu.TestSparseCompressedTritonKernelsXPU,test_triton_sampled_addmm_block_size_16_xpu_float32
op_ut,third_party.torch-xpu-ops.test.xpu.test_sparse_csr_xpu.TestSparseCompressedTritonKernelsXPU,test_triton_sampled_addmm_block_size_32_xpu_bfloat16
op_ut,third_party.torch-xpu-ops.test.xpu.test_sparse_csr_xpu.TestSparseCompressedTritonKernelsXPU,test_triton_sampled_addmm_block_size_32_xpu_float16
op_ut,third_party.torch-xpu-ops.test.xpu.test_sparse_csr_xpu.TestSparseCompressedTritonKernelsXPU,test_triton_sampled_addmm_block_size_32_xpu_float32
op_ut,third_party.torch-xpu-ops.test.xpu.test_sparse_csr_xpu.TestSparseCompressedTritonKernelsXPU,test_triton_sampled_addmm_block_size_64_xpu_bfloat16
op_ut,third_party.torch-xpu-ops.test.xpu.test_sparse_csr_xpu.TestSparseCompressedTritonKernelsXPU,test_triton_sampled_addmm_block_size_64_xpu_float16
op_ut,third_party.torch-xpu-ops.test.xpu.test_sparse_csr_xpu.TestSparseCompressedTritonKernelsXPU,test_triton_sampled_addmm_block_size_64_xpu_float32
op_ut,third_party.torch-xpu-ops.test.xpu.nn.test_convolution_xpu.TestConvolutionNN,test_Conv2d_groups_nobias
op_ut,third_party.torch-xpu-ops.test.xpu.test_sparse_csr_xpu.TestSparseCompressedTritonKernelsXPU,test_triton_bsr_softmax_xpu_bfloat16
op_ut,third_party.torch-xpu-ops.test.xpu.test_sparse_csr_xpu.TestSparseCompressedTritonKernelsXPU,test_triton_bsr_softmax_xpu_float16
op_ut,third_party.torch-xpu-ops.test.xpu.test_sparse_csr_xpu.TestSparseCompressedTritonKernelsXPU,test_triton_bsr_softmax_xpu_float32
op_ut,third_party.torch-xpu-ops.test.xpu.test_transformers_xpu.TestSDPACudaOnlyXPU,test_fused_attention_vs_math_ref_grads_cudagraph_batch_size_8_seq_len_q_256_seq_len_k_256_head_dim_64_is_causal_True_dropout_p_0_0_float16_scale_l1_fused_kernel0_xpu_float16
op_ut,third_party.torch-xpu-ops.test.xpu.test_transformers_xpu.TestSDPACudaOnlyXPU,test_fused_attention_vs_math_ref_grads_cudagraph_batch_size_8_seq_len_q_256_seq_len_k_256_head_dim_64_is_causal_False_dropout_p_0_0_float16_scale_l1_fused_kernel0_xpu_float16
op_ut,third_party.torch-xpu-ops.test.xpu.test_transformers_xpu.TestSDPACudaOnlyXPU,test_fused_attention_vs_math_ref_grads_cudagraph_batch_size_8_seq_len_q_256_seq_len_k_1024_head_dim_64_is_causal_False_dropout_p_0_0_float16_scale0_fused_kernel0_xpu_float16
op_ut,third_party.torch-xpu-ops.test.xpu.test_transformers_xpu.TestSDPACudaOnlyXPU,test_fused_attention_vs_math_ref_grads_cudagraph_batch_size_1_seq_len_q_256_seq_len_k_256_head_dim_64_is_causal_False_dropout_p_0_0_float16_scale0_fused_kernel0_xpu_float16
op_ut,third_party.torch-xpu-ops.test.xpu.test_transformers_xpu.TestSDPACudaOnlyXPU,test_fused_attention_vs_math_ref_grads_cudagraph_batch_size_1_seq_len_q_256_seq_len_k_256_head_dim_64_is_causal_True_dropout_p_0_0_float16_scale_l1_fused_kernel0_xpu_float16
op_ut,third_party.torch-xpu-ops.test.xpu.test_transformers_xpu.TestSDPACudaOnlyXPU,test_fused_attention_vs_math_ref_grads_cudagraph_batch_size_1_seq_len_q_1024_seq_len_k_1024_head_dim_64_is_causal_True_dropout_p_0_0_float16_scale0_fused_kernel0_xpu_float16
op_ut,third_party.torch-xpu-ops.test.xpu.test_transformers_xpu.TestSDPACudaOnlyXPU,test_fused_attention_vs_math_ref_grads_cudagraph_batch_size_8_seq_len_q_256_seq_len_k_256_head_dim_64_is_causal_False_dropout_p_0_0_float16_scale0_fused_kernel0_xpu_float16
op_ut,third_party.torch-xpu-ops.test.xpu.test_transformers_xpu.TestSDPACudaOnlyXPU,test_fused_attention_vs_math_ref_grads_cudagraph_batch_size_8_seq_len_q_256_seq_len_k_256_head_dim_64_is_causal_True_dropout_p_0_0_float16_scale0_fused_kernel0_xpu_float16
op_ut,third_party.torch-xpu-ops.test.xpu.test_transformers_xpu.TestSDPACudaOnlyXPU,test_fused_attention_vs_math_ref_grads_cudagraph_batch_size_8_seq_len_q_1024_seq_len_k_1024_head_dim_64_is_causal_False_dropout_p_0_0_float16_scale_l1_fused_kernel0_xpu_float16
op_ut,third_party.torch-xpu-ops.test.xpu.test_transformers_xpu.TestSDPACudaOnlyXPU,test_fused_attention_vs_math_ref_grads_cudagraph_batch_size_1_seq_len_q_1024_seq_len_k_256_head_dim_64_is_causal_False_dropout_p_0_0_float16_scale_l1_fused_kernel0_xpu_float16
op_ut,third_party.torch-xpu-ops.test.xpu.test_transformers_xpu.TestSDPACudaOnlyXPU,test_fused_attention_vs_math_ref_grads_cudagraph_batch_size_8_seq_len_q_1024_seq_len_k_256_head_dim_64_is_causal_False_dropout_p_0_0_float16_scale0_fused_kernel0_xpu_float16
op_ut,third_party.torch-xpu-ops.test.xpu.test_transformers_xpu.TestSDPACudaOnlyXPU,test_fused_attention_vs_math_ref_grads_cudagraph_batch_size_1_seq_len_q_256_seq_len_k_256_head_dim_64_is_causal_True_dropout_p_0_0_float16_scale0_fused_kernel0_xpu_float16
op_ut,third_party.torch-xpu-ops.test.xpu.test_transformers_xpu.TestSDPACudaOnlyXPU,test_fused_attention_vs_math_ref_grads_cudagraph_batch_size_1_seq_len_q_1024_seq_len_k_1024_head_dim_64_is_causal_False_dropout_p_0_0_float16_scale0_fused_kernel0_xpu_float16
op_ut,third_party.torch-xpu-ops.test.xpu.test_transformers_xpu.TestSDPACudaOnlyXPU,test_fused_attention_vs_math_ref_grads_cudagraph_batch_size_1_seq_len_q_1024_seq_len_k_1024_head_dim_64_is_causal_True_dropout_p_0_0_float16_scale_l1_fused_kernel0_xpu_float16
op_ut,third_party.torch-xpu-ops.test.xpu.test_transformers_xpu.TestSDPACudaOnlyXPU,test_fused_attention_vs_math_ref_grads_cudagraph_batch_size_1_seq_len_q_1024_seq_len_k_256_head_dim_64_is_causal_False_dropout_p_0_0_float16_scale0_fused_kernel0_xpu_float16
op_ut,third_party.torch-xpu-ops.test.xpu.test_transformers_xpu.TestSDPACudaOnlyXPU,test_fused_attention_vs_math_ref_grads_cudagraph_batch_size_1_seq_len_q_256_seq_len_k_1024_head_dim_64_is_causal_False_dropout_p_0_0_float16_scale_l1_fused_kernel0_xpu_float16
op_ut,third_party.torch-xpu-ops.test.xpu.test_transformers_xpu.TestSDPACudaOnlyXPU,test_fused_attention_vs_math_ref_grads_cudagraph_batch_size_8_seq_len_q_1024_seq_len_k_256_head_dim_64_is_causal_False_dropout_p_0_0_float16_scale_l1_fused_kernel0_xpu_float16
op_ut,third_party.torch-xpu-ops.test.xpu.test_transformers_xpu.TestSDPACudaOnlyXPU,test_fused_attention_vs_math_ref_grads_cudagraph_batch_size_8_seq_len_q_1024_seq_len_k_1024_head_dim_64_is_causal_True_dropout_p_0_0_float16_scale_l1_fused_kernel0_xpu_float16
op_ut,third_party.torch-xpu-ops.test.xpu.test_transformers_xpu.TestSDPACudaOnlyXPU,test_fused_attention_vs_math_ref_grads_cudagraph_batch_size_8_seq_len_q_1024_seq_len_k_1024_head_dim_64_is_causal_False_dropout_p_0_0_float16_scale0_fused_kernel0_xpu_float16
op_ut,third_party.torch-xpu-ops.test.xpu.test_transformers_xpu.TestSDPACudaOnlyXPU,test_fused_attention_vs_math_ref_grads_cudagraph_batch_size_8_seq_len_q_1024_seq_len_k_1024_head_dim_64_is_causal_True_dropout_p_0_0_float16_scale0_fused_kernel0_xpu_float16
op_ut,third_party.torch-xpu-ops.test.xpu.test_transformers_xpu.TestSDPACudaOnlyXPU,test_fused_attention_vs_math_ref_grads_cudagraph_batch_size_8_seq_len_q_256_seq_len_k_1024_head_dim_64_is_causal_False_dropout_p_0_0_float16_scale_l1_fused_kernel0_xpu_float16
op_ut,third_party.torch-xpu-ops.test.xpu.test_transformers_xpu.TestSDPACudaOnlyXPU,test_fused_attention_vs_math_ref_grads_cudagraph_batch_size_1_seq_len_q_256_seq_len_k_256_head_dim_64_is_causal_False_dropout_p_0_0_float16_scale_l1_fused_kernel0_xpu_float16
op_ut,third_party.torch-xpu-ops.test.xpu.test_transformers_xpu.TestSDPACudaOnlyXPU,test_fused_attention_vs_math_ref_grads_cudagraph_batch_size_1_seq_len_q_256_seq_len_k_1024_head_dim_64_is_causal_False_dropout_p_0_0_float16_scale0_fused_kernel0_xpu_float16
op_ut,third_party.torch-xpu-ops.test.xpu.test_transformers_xpu.TestSDPACudaOnlyXPU,test_fused_attention_vs_math_ref_grads_cudagraph_batch_size_1_seq_len_q_1024_seq_len_k_1024_head_dim_64_is_causal_False_dropout_p_0_0_float16_scale_l1_fused_kernel0_xpu_float16
op_ut,third_party.torch-xpu-ops.test.xpu.test_transformers_xpu.TestSDPACudaOnlyXPU,test_fused_attention_vs_math_ref_grads_cudagraph_batch_size_1_seq_len_q_256_seq_len_k_256_head_dim_64_is_causal_True_dropout_p_0_22_float16_scale0_fused_kernel0_xpu_float16
op_ut,third_party.torch-xpu-ops.test.xpu.test_transformers_xpu.TestSDPACudaOnlyXPU,test_fused_attention_vs_math_ref_grads_cudagraph_batch_size_8_seq_len_q_256_seq_len_k_256_head_dim_32_is_causal_False_dropout_p_0_22_float16_scale0_fused_kernel0_xpu_float16
op_ut,third_party.torch-xpu-ops.test.xpu.test_transformers_xpu.TestSDPACudaOnlyXPU,test_fused_attention_vs_math_ref_grads_cudagraph_batch_size_1_seq_len_q_1024_seq_len_k_256_head_dim_32_is_causal_False_dropout_p_0_22_float16_scale_l1_fused_kernel0_xpu_float16
op_ut,third_party.torch-xpu-ops.test.xpu.test_transformers_xpu.TestSDPACudaOnlyXPU,test_fused_attention_vs_math_ref_grads_cudagraph_batch_size_8_seq_len_q_256_seq_len_k_256_head_dim_32_is_causal_False_dropout_p_0_22_float16_scale_l1_fused_kernel0_xpu_float16
op_ut,third_party.torch-xpu-ops.test.xpu.test_transformers_xpu.TestSDPACudaOnlyXPU,test_fused_attention_vs_math_ref_grads_cudagraph_batch_size_8_seq_len_q_256_seq_len_k_256_head_dim_64_is_causal_True_dropout_p_0_22_float16_scale0_fused_kernel0_xpu_float16
op_ut,third_party.torch-xpu-ops.test.xpu.test_transformers_xpu.TestSDPACudaOnlyXPU,test_fused_attention_vs_math_ref_grads_cudagraph_batch_size_1_seq_len_q_1024_seq_len_k_1024_head_dim_64_is_causal_True_dropout_p_0_22_float16_scale0_fused_kernel0_xpu_float16
op_ut,third_party.torch-xpu-ops.test.xpu.test_transformers_xpu.TestSDPACudaOnlyXPU,test_fused_attention_vs_math_ref_grads_cudagraph_batch_size_8_seq_len_q_256_seq_len_k_1024_head_dim_64_is_causal_False_dropout_p_0_22_float16_scale_l1_fused_kernel0_xpu_float16
op_ut,third_party.torch-xpu-ops.test.xpu.test_transformers_xpu.TestSDPACudaOnlyXPU,test_fused_attention_vs_math_ref_grads_cudagraph_batch_size_1_seq_len_q_256_seq_len_k_256_head_dim_64_is_causal_False_dropout_p_0_22_float16_scale0_fused_kernel0_xpu_float16
op_ut,third_party.torch-xpu-ops.test.xpu.test_transformers_xpu.TestSDPACudaOnlyXPU,test_fused_attention_vs_math_ref_grads_cudagraph_batch_size_1_seq_len_q_256_seq_len_k_256_head_dim_32_is_causal_True_dropout_p_0_22_float16_scale0_fused_kernel0_xpu_float16
op_ut,third_party.torch-xpu-ops.test.xpu.test_transformers_xpu.TestSDPACudaOnlyXPU,test_fused_attention_vs_math_ref_grads_cudagraph_batch_size_8_seq_len_q_1024_seq_len_k_1024_head_dim_64_is_causal_True_dropout_p_0_22_float16_scale_l1_fused_kernel0_xpu_float16
op_ut,third_party.torch-xpu-ops.test.xpu.test_transformers_xpu.TestSDPACudaOnlyXPU,test_fused_attention_vs_math_ref_grads_cudagraph_batch_size_1_seq_len_q_256_seq_len_k_1024_head_dim_32_is_causal_False_dropout_p_0_22_float16_scale_l1_fused_kernel0_xpu_float16
op_ut,third_party.torch-xpu-ops.test.xpu.test_transformers_xpu.TestSDPACudaOnlyXPU,test_fused_attention_vs_math_ref_grads_cudagraph_batch_size_8_seq_len_q_1024_seq_len_k_1024_head_dim_64_is_causal_False_dropout_p_0_22_float16_scale0_fused_kernel0_xpu_float16
op_ut,third_party.torch-xpu-ops.test.xpu.test_transformers_xpu.TestSDPACudaOnlyXPU,test_fused_attention_vs_math_ref_grads_cudagraph_batch_size_8_seq_len_q_1024_seq_len_k_1024_head_dim_32_is_causal_True_dropout_p_0_22_float16_scale_l1_fused_kernel0_xpu_float16
op_ut,third_party.torch-xpu-ops.test.xpu.test_transformers_xpu.TestSDPACudaOnlyXPU,test_fused_attention_vs_math_ref_grads_cudagraph_batch_size_1_seq_len_q_1024_seq_len_k_256_head_dim_64_is_causal_False_dropout_p_0_22_float16_scale0_fused_kernel0_xpu_float16
op_ut,third_party.torch-xpu-ops.test.xpu.test_transformers_xpu.TestSDPACudaOnlyXPU,test_fused_attention_vs_math_ref_grads_cudagraph_batch_size_8_seq_len_q_1024_seq_len_k_256_head_dim_32_is_causal_False_dropout_p_0_22_float16_scale_l1_fused_kernel0_xpu_float16
op_ut,third_party.torch-xpu-ops.test.xpu.test_transformers_xpu.TestSDPACudaOnlyXPU,test_fused_attention_vs_math_ref_grads_cudagraph_batch_size_8_seq_len_q_256_seq_len_k_256_head_dim_64_is_causal_False_dropout_p_0_22_float16_scale_l1_fused_kernel0_xpu_float16
op_ut,third_party.torch-xpu-ops.test.xpu.test_transformers_xpu.TestSDPACudaOnlyXPU,test_fused_attention_vs_math_ref_grads_cudagraph_batch_size_8_seq_len_q_1024_seq_len_k_1024_head_dim_32_is_causal_True_dropout_p_0_22_float16_scale0_fused_kernel0_xpu_float16
op_ut,third_party.torch-xpu-ops.test.xpu.test_transformers_xpu.TestSDPACudaOnlyXPU,test_fused_attention_vs_math_ref_grads_cudagraph_batch_size_8_seq_len_q_1024_seq_len_k_1024_head_dim_32_is_causal_False_dropout_p_0_22_float16_scale0_fused_kernel0_xpu_float16
op_ut,third_party.torch-xpu-ops.test.xpu.test_transformers_xpu.TestSDPACudaOnlyXPU,test_fused_attention_vs_math_ref_grads_cudagraph_batch_size_8_seq_len_q_1024_seq_len_k_256_head_dim_64_is_causal_False_dropout_p_0_22_float16_scale_l1_fused_kernel0_xpu_float16
op_ut,third_party.torch-xpu-ops.test.xpu.test_transformers_xpu.TestSDPACudaOnlyXPU,test_fused_attention_vs_math_ref_grads_cudagraph_batch_size_8_seq_len_q_256_seq_len_k_256_head_dim_32_is_causal_True_dropout_p_0_22_float16_scale_l1_fused_kernel0_xpu_float16
op_ut,third_party.torch-xpu-ops.test.xpu.test_transformers_xpu.TestSDPACudaOnlyXPU,test_fused_attention_vs_math_ref_grads_cudagraph_batch_size_1_seq_len_q_256_seq_len_k_256_head_dim_64_is_causal_False_dropout_p_0_22_float16_scale_l1_fused_kernel0_xpu_float16
op_ut,third_party.torch-xpu-ops.test.xpu.test_transformers_xpu.TestSDPACudaOnlyXPU,test_fused_attention_vs_math_ref_grads_cudagraph_batch_size_1_seq_len_q_256_seq_len_k_256_head_dim_32_is_causal_False_dropout_p_0_22_float16_scale_l1_fused_kernel0_xpu_float16
op_ut,third_party.torch-xpu-ops.test.xpu.test_transformers_xpu.TestSDPACudaOnlyXPU,test_fused_attention_vs_math_ref_grads_cudagraph_batch_size_1_seq_len_q_256_seq_len_k_1024_head_dim_64_is_causal_False_dropout_p_0_22_float16_scale0_fused_kernel0_xpu_float16
op_ut,third_party.torch-xpu-ops.test.xpu.test_transformers_xpu.TestSDPACudaOnlyXPU,test_fused_attention_vs_math_ref_grads_cudagraph_batch_size_8_seq_len_q_1024_seq_len_k_1024_head_dim_64_is_causal_False_dropout_p_0_22_float16_scale_l1_fused_kernel0_xpu_float16
op_ut,third_party.torch-xpu-ops.test.xpu.test_transformers_xpu.TestSDPACudaOnlyXPU,test_fused_attention_vs_math_ref_grads_cudagraph_batch_size_8_seq_len_q_1024_seq_len_k_1024_head_dim_64_is_causal_True_dropout_p_0_22_float16_scale0_fused_kernel0_xpu_float16
op_ut,third_party.torch-xpu-ops.test.xpu.test_transformers_xpu.TestSDPACudaOnlyXPU,test_fused_attention_vs_math_ref_grads_cudagraph_batch_size_8_seq_len_q_1024_seq_len_k_256_head_dim_64_is_causal_False_dropout_p_0_22_float16_scale0_fused_kernel0_xpu_float16
op_ut,third_party.torch-xpu-ops.test.xpu.test_transformers_xpu.TestSDPACudaOnlyXPU,test_fused_attention_vs_math_ref_grads_cudagraph_batch_size_8_seq_len_q_256_seq_len_k_256_head_dim_64_is_causal_False_dropout_p_0_22_float16_scale0_fused_kernel0_xpu_float16
op_ut,third_party.torch-xpu-ops.test.xpu.test_transformers_xpu.TestSDPACudaOnlyXPU,test_fused_attention_vs_math_ref_grads_cudagraph_batch_size_1_seq_len_q_1024_seq_len_k_1024_head_dim_32_is_causal_False_dropout_p_0_22_float16_scale_l1_fused_kernel0_xpu_float16
op_ut,third_party.torch-xpu-ops.test.xpu.test_transformers_xpu.TestSDPACudaOnlyXPU,test_fused_attention_vs_math_ref_grads_cudagraph_batch_size_1_seq_len_q_1024_seq_len_k_1024_head_dim_64_is_causal_True_dropout_p_0_22_float16_scale_l1_fused_kernel0_xpu_float16
op_ut,third_party.torch-xpu-ops.test.xpu.test_transformers_xpu.TestSDPACudaOnlyXPU,test_fused_attention_vs_math_ref_grads_cudagraph_batch_size_1_seq_len_q_256_seq_len_k_256_head_dim_64_is_causal_True_dropout_p_0_22_float16_scale_l1_fused_kernel0_xpu_float16
op_ut,third_party.torch-xpu-ops.test.xpu.test_transformers_xpu.TestSDPACudaOnlyXPU,test_fused_attention_vs_math_ref_grads_cudagraph_batch_size_8_seq_len_q_256_seq_len_k_1024_head_dim_32_is_causal_False_dropout_p_0_22_float16_scale0_fused_kernel0_xpu_float16
op_ut,third_party.torch-xpu-ops.test.xpu.test_transformers_xpu.TestSDPACudaOnlyXPU,test_fused_attention_vs_math_ref_grads_cudagraph_batch_size_1_seq_len_q_256_seq_len_k_256_head_dim_32_is_causal_False_dropout_p_0_22_float16_scale0_fused_kernel0_xpu_float16
op_ut,third_party.torch-xpu-ops.test.xpu.test_transformers_xpu.TestSDPACudaOnlyXPU,test_fused_attention_vs_math_ref_grads_cudagraph_batch_size_1_seq_len_q_1024_seq_len_k_256_head_dim_64_is_causal_False_dropout_p_0_22_float16_scale_l1_fused_kernel0_xpu_float16
op_ut,third_party.torch-xpu-ops.test.xpu.test_transformers_xpu.TestSDPACudaOnlyXPU,test_fused_attention_vs_math_ref_grads_cudagraph_batch_size_8_seq_len_q_256_seq_len_k_1024_head_dim_64_is_causal_False_dropout_p_0_22_float16_scale0_fused_kernel0_xpu_float16
op_ut,third_party.torch-xpu-ops.test.xpu.test_transformers_xpu.TestSDPACudaOnlyXPU,test_fused_attention_vs_math_ref_grads_cudagraph_batch_size_1_seq_len_q_1024_seq_len_k_1024_head_dim_32_is_causal_True_dropout_p_0_22_float16_scale0_fused_kernel0_xpu_float16
op_ut,third_party.torch-xpu-ops.test.xpu.test_transformers_xpu.TestSDPACudaOnlyXPU,test_fused_attention_vs_math_ref_grads_cudagraph_batch_size_1_seq_len_q_256_seq_len_k_256_head_dim_32_is_causal_True_dropout_p_0_22_float16_scale_l1_fused_kernel0_xpu_float16
op_ut,third_party.torch-xpu-ops.test.xpu.test_transformers_xpu.TestSDPACudaOnlyXPU,test_fused_attention_vs_math_ref_grads_cudagraph_batch_size_1_seq_len_q_1024_seq_len_k_1024_head_dim_32_is_causal_False_dropout_p_0_22_float16_scale0_fused_kernel0_xpu_float16
op_ut,third_party.torch-xpu-ops.test.xpu.test_transformers_xpu.TestSDPACudaOnlyXPU,test_fused_attention_vs_math_ref_grads_cudagraph_batch_size_8_seq_len_q_1024_seq_len_k_256_head_dim_32_is_causal_False_dropout_p_0_22_float16_scale0_fused_kernel0_xpu_float16
op_ut,third_party.torch-xpu-ops.test.xpu.test_transformers_xpu.TestSDPACudaOnlyXPU,test_fused_attention_vs_math_ref_grads_cudagraph_batch_size_8_seq_len_q_256_seq_len_k_256_head_dim_32_is_causal_True_dropout_p_0_22_float16_scale0_fused_kernel0_xpu_float16
op_ut,third_party.torch-xpu-ops.test.xpu.test_transformers_xpu.TestSDPACudaOnlyXPU,test_fused_attention_vs_math_ref_grads_cudagraph_batch_size_8_seq_len_q_1024_seq_len_k_1024_head_dim_32_is_causal_False_dropout_p_0_22_float16_scale_l1_fused_kernel0_xpu_float16
op_ut,third_party.torch-xpu-ops.test.xpu.test_transformers_xpu.TestSDPACudaOnlyXPU,test_fused_attention_vs_math_ref_grads_cudagraph_batch_size_8_seq_len_q_256_seq_len_k_256_head_dim_64_is_causal_True_dropout_p_0_22_float16_scale_l1_fused_kernel0_xpu_float16
op_ut,third_party.torch-xpu-ops.test.xpu.test_transformers_xpu.TestSDPACudaOnlyXPU,test_fused_attention_vs_math_ref_grads_cudagraph_batch_size_1_seq_len_q_256_seq_len_k_1024_head_dim_64_is_causal_False_dropout_p_0_22_float16_scale_l1_fused_kernel0_xpu_float16
op_ut,third_party.torch-xpu-ops.test.xpu.test_transformers_xpu.TestSDPACudaOnlyXPU,test_fused_attention_vs_math_ref_grads_cudagraph_batch_size_1_seq_len_q_1024_seq_len_k_256_head_dim_32_is_causal_False_dropout_p_0_22_float16_scale0_fused_kernel0_xpu_float16
op_ut,third_party.torch-xpu-ops.test.xpu.test_transformers_xpu.TestSDPACudaOnlyXPU,test_fused_attention_vs_math_ref_grads_cudagraph_batch_size_1_seq_len_q_1024_seq_len_k_1024_head_dim_64_is_causal_False_dropout_p_0_22_float16_scale0_fused_kernel0_xpu_float16
op_ut,third_party.torch-xpu-ops.test.xpu.test_transformers_xpu.TestSDPACudaOnlyXPU,test_fused_attention_vs_math_ref_grads_cudagraph_batch_size_8_seq_len_q_256_seq_len_k_1024_head_dim_32_is_causal_False_dropout_p_0_22_float16_scale_l1_fused_kernel0_xpu_float16
op_ut,third_party.torch-xpu-ops.test.xpu.test_transformers_xpu.TestSDPACudaOnlyXPU,test_fused_attention_vs_math_ref_grads_cudagraph_batch_size_1_seq_len_q_1024_seq_len_k_1024_head_dim_64_is_causal_False_dropout_p_0_22_float16_scale_l1_fused_kernel0_xpu_float16
op_ut,third_party.torch-xpu-ops.test.xpu.test_transformers_xpu.TestSDPACudaOnlyXPU,test_fused_attention_vs_math_ref_grads_cudagraph_batch_size_1_seq_len_q_1024_seq_len_k_1024_head_dim_32_is_causal_True_dropout_p_0_22_float16_scale_l1_fused_kernel0_xpu_float16
op_ut,third_party.torch-xpu-ops.test.xpu.test_transformers_xpu.TestSDPACudaOnlyXPU,test_fused_attention_vs_math_ref_grads_cudagraph_batch_size_1_seq_len_q_256_seq_len_k_1024_head_dim_32_is_causal_False_dropout_p_0_22_float16_scale0_fused_kernel0_xpu_float16
op_ut,third_party.torch-xpu-ops.test.xpu.test_ops_xpu.TestCompositeComplianceXPU,test_backward_nn_functional_conv3d_xpu_float32
op_ut,third_party.torch-xpu-ops.test.xpu.functorch.test_ops_xpu.TestOperatorsXPU,test_vjp_nn_functional_conv3d_xpu_float32
op_ut,third_party.torch-xpu-ops.test.xpu.functorch.test_ops_xpu.TestOperatorsXPU,test_grad_nn_functional_conv3d_xpu_float32
op_ut,third_party.torch-xpu-ops.test.xpu.functorch.test_ops_xpu.TestOperatorsXPU,test_jvpvjp_nn_functional_conv3d_xpu_float32
op_ut,third_party.torch-xpu-ops.test.xpu.functorch.test_vmap_xpu.TestVmapBatchedGradientXPU,test_randomness_backend3_randomness_different_xpu
op_ut,third_party.torch-xpu-ops.test.xpu.functorch.test_vmap_xpu.TestVmapBatchedGradientXPU,test_randomness_backend3_randomness_error_xpu
op_ut,third_party.torch-xpu-ops.test.xpu.functorch.test_vmap_xpu.TestVmapBatchedGradientXPU,test_randomness_backend3_randomness_same_xpu
op_ut,third_party.torch-xpu-ops.test.xpu.functorch.test_vmap_xpu.TestVmapBatchedGradientXPU,test_sdpa_backend3_xpu
op_ut,third_party.torch-xpu-ops.test.xpu.test_nestedtensor_xpu.TestNestedTensorSubclassXPU,test_sdpa_with_packed_in_proj_xpu_bfloat16
op_ut,third_party.torch-xpu-ops.test.xpu.test_dataloader_xpu.TestDataLoaderDeviceTypeXPU,test_nested_tensor_multiprocessing_context_forkserver_xpu
op_ut,third_party.torch-xpu-ops.test.xpu.test_dataloader_xpu.TestDataLoaderDeviceTypeXPU,test_nested_tensor_multiprocessing_context_spawn_xpu
op_ut,third_party.torch-xpu-ops.test.xpu.test_sparse_csr_xpu.TestSparseCSRXPU,test_sparse_csr_unary_inplace_abs_xpu_complex64
op_ut,third_party.torch-xpu-ops.test.xpu.test_sparse_csr_xpu.TestSparseCSRXPU,test_sparse_csr_unary_out_abs_xpu_complex64
op_ut,third_party.torch-xpu-ops.test.xpu.test_schema_check.TestSchemaCheckModeOpInfoXPU,test_schema_correctness_torch_ops_aten__flash_attention_forward_xpu_float16
op_ut,third_party.torch-xpu-ops.test.xpu.nn.test_convolution_xpu.TestConvolutionNNDeviceTypeXPU,test_depthwise_conv_64bit_indexing_xpu
op_ut,third_party.torch-xpu-ops.test.xpu.test_optim_xpu.TestOptimRenewedXPU,test_state_dict_with_cuda_params_Muon_xpu_float32
op_ut,third_party.torch-xpu-ops.test.xpu.test_linalg_xpu.TestLinalgXPU,test_linalg_lstsq_input_checks_xpu_complex128
op_ut,third_party.torch-xpu-ops.test.xpu.test_linalg_xpu.TestLinalgXPU,test_linalg_lstsq_input_checks_xpu_complex64
op_ut,third_party.torch-xpu-ops.test.xpu.test_linalg_xpu.TestLinalgXPU,test_linalg_lstsq_input_checks_xpu_float32
op_ut,third_party.torch-xpu-ops.test.xpu.test_linalg_xpu.TestLinalgXPU,test_linalg_lstsq_input_checks_xpu_float64
op_ut,third_party.torch-xpu-ops.test.xpu.test_linalg_xpu.TestLinalgXPU,test_blas_alpha_beta_empty_xpu_complex64
op_ut,third_party.torch-xpu-ops.test.xpu.test_linalg_xpu.TestLinalgXPU,test_blas_alpha_beta_empty_xpu_complex128
op_ut,third_party.torch-xpu-ops.test.xpu.test_linalg_xpu.TestLinalgXPU,test_svd_xpu_complex128
op_ut,third_party.torch-xpu-ops.test.xpu.test_linalg_xpu.TestLinalgXPU,test_svd_xpu_complex64
op_ut,third_party.torch-xpu-ops.test.xpu.test_linalg_xpu.TestLinalgXPU,test_svd_xpu_float32
op_ut,third_party.torch-xpu-ops.test.xpu.test_linalg_xpu.TestLinalgXPU,test_svd_xpu_float64
op_ut,third_party.torch-xpu-ops.test.xpu.test_decomp_xpu.TestDecompXPU,test_comprehensive_logspace_tensor_overload_xpu_int16
op_ut,third_party.torch-xpu-ops.test.xpu.test_decomp_xpu.TestDecompXPU,test_comprehensive_logspace_tensor_overload_xpu_int32
op_ut,third_party.torch-xpu-ops.test.xpu.test_decomp_xpu.TestDecompXPU,test_comprehensive_logspace_tensor_overload_xpu_int64
op_ut,third_party.torch-xpu-ops.test.xpu.test_decomp_xpu.TestDecompXPU,test_comprehensive_logspace_xpu_int16
op_ut,third_party.torch-xpu-ops.test.xpu.test_decomp_xpu.TestDecompXPU,test_comprehensive_logspace_xpu_int32
op_ut,third_party.torch-xpu-ops.test.xpu.test_decomp_xpu.TestDecompXPU,test_comprehensive_logspace_xpu_int64
op_ut,third_party.torch-xpu-ops.test.xpu.test_decomp_xpu.TestDecompXPU,test_quick_logspace_tensor_overload_xpu_int16
op_ut,third_party.torch-xpu-ops.test.xpu.test_decomp_xpu.TestDecompXPU,test_quick_logspace_tensor_overload_xpu_int32
op_ut,third_party.torch-xpu-ops.test.xpu.test_decomp_xpu.TestDecompXPU,test_quick_logspace_tensor_overload_xpu_int64
op_ut,third_party.torch-xpu-ops.test.xpu.test_decomp_xpu.TestDecompXPU,test_quick_logspace_xpu_int16
op_ut,third_party.torch-xpu-ops.test.xpu.test_decomp_xpu.TestDecompXPU,test_quick_logspace_xpu_int32
op_ut,third_party.torch-xpu-ops.test.xpu.test_decomp_xpu.TestDecompXPU,test_quick_logspace_xpu_int64
~~op_ut,third_party.torch-xpu-ops.test.xpu.test_modules_xpu.TestModuleXPU,test_errors_nn_NLLLoss_xpu_float32~~
~~op_ut,third_party.torch-xpu-ops.test.xpu.test_modules_xpu.TestModuleXPU,test_errors_nn_NLLLoss_xpu_float64~~
op_ut,third_party.torch-xpu-ops.test.xpu.test_foreach_xpu.TestForeachXPU,test_addcmul_alpha_one_fma_parity_xpu_float32
op_ut,third_party.torch-xpu-ops.test.xpu.test_foreach_xpu.TestForeachXPU,test_addcmul_alpha_one_fma_parity_xpu_float64
op_ut,third_party.torch-xpu-ops.test.xpu.test_ops_xpu.TestCompositeComplianceXPU,test_operator_histogram_xpu_float32
op_ut,test.test_fake_tensor.FakeTensorOperatorInvariants,test_module_to
op_ut,third_party.torch-xpu-ops.test.xpu.test_fake_tensor_xpu.FakeTensorOperatorInvariants,test_module_to
op_ut,test.inductor.test_unbacked_symints.TestUnbackedSymintsXPU,test_sdfpa_unbacked_strides_xpu
op_ut,test.inductor.test_aot_inductor.AOTInductorTestABICompatibleGpu,test_fallback_kernel_with_symexpr_output_xpu
op_ut,test.inductor.test_unbacked_symints.TestUnbackedSymintsXPU,test_sdpfa_xpu
op_ut,third_party.torch-xpu-ops.test.xpu.functorch.test_ops_xpu.TestOperatorsXPU,test_vjpvjp_index_reduce_prod_xpu_float32
~~op_ut,third_party.torch-xpu-ops.test.xpu.test_nn_xpu.TestNN,test_cudnn_weight_format~~
op_ut,third_party.torch-xpu-ops.test.xpu.test_binary_ufuncs_xpu.TestBinaryUfuncsXPU,test_fmod_remainder_by_zero_integral_xpu_int64
op_ut,third_party.torch-xpu-ops.test.xpu.test_linalg_xpu.TestLinalgXPU,test_einsum_random_xpu_float64
~~op_ut,third_party.torch-xpu-ops.test.xpu.test_modules_xpu.TestModuleXPU,test_memory_format_nn_ConvTranspose2d_xpu_float64~~
op_ut,third_party.torch-xpu-ops.test.xpu.test_modules_xpu.TestModuleXPU,test_cpu_gpu_parity_nn_ConvTranspose1d_xpu_complex32
~~op_ut,third_party.torch-xpu-ops.test.xpu.test_nn_xpu.TestNNDeviceTypeXPU,test_upsamplingNearest2d_launch_fail_xpu~~
~~op_ut,third_party.torch-xpu-ops.test.xpu.test_modules_xpu.TestModuleXPU,test_memory_format_nn_LazyConv2d_xpu_float64~~
~~op_ut,third_party.torch-xpu-ops.test.xpu.test_ops_xpu.TestCommonXPU,test_python_ref_executor__refs_pow_executor_aten_xpu_complex32~~
~~op_ut,third_party.torch-xpu-ops.test.xpu.test_ops_xpu.TestCommonXPU,test_python_ref_executor__refs_mul_executor_aten_xpu_complex32~~
op_ut,third_party.torch-xpu-ops.test.xpu.test_modules_xpu.TestModuleXPU,test_cpu_gpu_parity_nn_ConvTranspose2d_xpu_complex32
~~op_ut,third_party.torch-xpu-ops.test.xpu.test_modules_xpu.TestModuleXPU,test_memory_format_nn_LazyConvTranspose2d_xpu_float64~~
~~op_ut,third_party.torch-xpu-ops.test.xpu.test_modules_xpu.TestModuleXPU,test_memory_format_nn_Conv2d_xpu_float64~~
op_ut,third_party.torch-xpu-ops.test.xpu.quantization.core.test_quantized_op_xpu.TestQuantizedOpsXPU,test_qsoftmax_qnnpack_xpu
~~op_ut,third_party.torch-xpu-ops.test.xpu.test_linalg_xpu.TestLinalgXPU,test_compile_int4_mm_m_64_k_32_n_48_xpu~~
~~op_ut,third_party.torch-xpu-ops.test.xpu.test_linalg_xpu.TestLinalgXPU,test_compile_int4_mm_m_32_k_32_n_48_xpu~~
~~op_ut,third_party.torch-xpu-ops.test.xpu.test_linalg_xpu.TestLinalgXPU,test_compile_int4_mm_m_64_k_64_n_48_xpu~~
~~op_ut,third_party.torch-xpu-ops.test.xpu.test_linalg_xpu.TestLinalgXPU,test_compile_int4_mm_m_64_k_32_n_64_xpu~~
~~op_ut,third_party.torch-xpu-ops.test.xpu.test_linalg_xpu.TestLinalgXPU,test_compile_int4_mm_m_32_k_64_n_48_xpu~~
~~op_ut,third_party.torch-xpu-ops.test.xpu.test_linalg_xpu.TestLinalgXPU,test_compile_int4_mm_m_64_k_64_n_64_xpu~~
~~op_ut,third_party.torch-xpu-ops.test.xpu.test_linalg_xpu.TestLinalgXPU,test_compile_int4_mm_m_32_k_64_n_64_xpu~~
~~op_ut,third_party.torch-xpu-ops.test.xpu.test_linalg_xpu.TestLinalgXPU,test_compile_int4_mm_m_32_k_32_n_64_xpu~~
~~op_ut,third_party.torch-xpu-ops.test.xpu.quantization.core.test_quantized_op_xpu.TestQuantizedOpsXPU,test_qrelu_xpu~~
~~op_ut,third_party.torch-xpu-ops.test.xpu.test_sort_and_select_xpu.TestSortAndSelectXPU,test_sort_large_slice_xpu~~
op_ut,third_party.torch-xpu-ops.test.xpu.test_nn_xpu.TestNNDeviceTypeXPU,test_ctc_loss_cudnn_tensor_cuda_xpu
op_ut,third_party.torch-xpu-ops.test.xpu.test_linalg_xpu.TestLinalgXPU,test_numerical_check_accuracy_tunableop_xpu_float32
op_ut,third_party.torch-xpu-ops.test.xpu.test_linalg_xpu.TestLinalgXPU,test_gemm_bias_offline_tunableop_xpu_bfloat16
op_ut,third_party.torch-xpu-ops.test.xpu.test_linalg_xpu.TestLinalgXPU,test_mm_submatrix_offline_tunableop_xpu_float32
~~op_ut,third_party.torch-xpu-ops.test.xpu.test_nn_xpu.TestNNDeviceTypeXPU,test_ctc_loss_cudnn_tensor_cpu_length_cuda_xpu~~
op_ut,third_party.torch-xpu-ops.test.xpu.test_linalg_xpu.TestLinalgXPU,test_numeric_check_leak_tunableop_rocm_xpu_bfloat16
op_ut,third_party.torch-xpu-ops.test.xpu.test_spectral_ops_xpu.TestFFTXPU,test_cufft_plan_cache_xpu_float64
~~op_ut,third_party.torch-xpu-ops.test.xpu.quantization.core.test_quantized_op_xpu.TestQuantizedOpsXPU,test_qgelu_xpu~~
~~op_ut,third_party.torch-xpu-ops.test.xpu.test_nn_xpu.TestNN,test_layer_norm_backwards_eps~~
op_ut,third_party.torch-xpu-ops.test.xpu.test_torch_xpu.TestTorchDeviceTypeXPU,test_sync_warning_xpu
op_ut,third_party.torch-xpu-ops.test.xpu.test_linalg_xpu.TestLinalgXPU,test_numerical_check_accuracy_tunableop_xpu_float16
op_ut,test_torch_xpu.TestTorch,test_as_subclass
~~op_ut,test_torch_xpu.TestTorchDeviceTypeXPU,test_nondeterministic_alert_histc_xpu_float32~~
~~op_ut,third_party.torch-xpu-ops.test.xpu.test_torch_xpu.TestTorchDeviceTypeXPU,test_nondeterministic_alert_histc_xpu_float32~~
op_ut,test_torch_xpu.TestTorchDeviceTypeXPU,test_int64_upsample3d_xpu_bfloat16
op_ut,test_torch_xpu.TestTorch,test_index_add
op_ut,test_torch_xpu.TestTorch,test_index_add_all_dtypes
op_ut,test_torch_xpu.TestTorch,test_index_add_correctness
~~op_ut,test_torch_xpu.TestTorchDeviceTypeXPU,test_cpp_warnings_have_python_context_xpu~~
~~op_ut,test_torch_xpu.TestTorchDeviceTypeCPU,test_cpp_warnings_have_python_context_cpu~~
~~op_ut,test_torch_xpu.TestTorchDeviceTypeXPU,test_pdist_norm_large_xpu~~
~~op_ut,test_torch_xpu.TestTorchDeviceTypeXPU,test_storage_all_devices_non_blocking_True_xpu~~
op_ut,third_party.torch-xpu-ops.test.xpu.test_torch_xpu.TestTorchDeviceTypeXPU,test_storage_all_devices_non_blocking_True_xpu
op_ut,test.test_foreach.TestForeachXPU,test_foreach_copy_with_multi_dtypes_large_input_xpu
op_ut,third_party.torch-xpu-ops.test.xpu.test_foreach_xpu.TestForeachXPU,test_foreach_copy_with_multi_dtypes_large_input_xpu
op_ut,third_party.torch-xpu-ops.test.xpu.test_expanded_weights_xpu.TestExpandedWeightModuleXPU,test_Conv3d_circular_stride2_pad2_xpu_double_xpu
op_ut,third_party.torch-xpu-ops.test.xpu.test_expanded_weights_xpu.TestExpandedWeightModuleXPU,test_Conv1d_pad2_xpu_double_xpu
op_ut,third_party.torch-xpu-ops.test.xpu.test_expanded_weights_xpu.TestExpandedWeightModuleXPU,test_Conv1d_xpu_double_xpu
op_ut,third_party.torch-xpu-ops.test.xpu.test_expanded_weights_xpu.TestExpandedWeightModuleXPU,test_Conv2d_zeros_stride2_pad2_xpu
op_ut,third_party.torch-xpu-ops.test.xpu.test_expanded_weights_xpu.TestExpandedWeightModuleXPU,test_Conv2d_no_bias_xpu_double_xpu
op_ut,third_party.torch-xpu-ops.test.xpu.test_expanded_weights_xpu.TestExpandedWeightModuleXPU,test_Conv2d_padding_xpu_double_xpu
op_ut,third_party.torch-xpu-ops.test.xpu.test_expanded_weights_xpu.TestExpandedWeightModuleXPU,test_LayerNorm_3d_no_affine_large_feature_xpu_double_xpu
op_ut,third_party.torch-xpu-ops.test.xpu.test_expanded_weights_xpu.TestExpandedWeightModuleXPU,test_Conv2d_reflect_stride2_pad2_xpu_double_xpu
op_ut,third_party.torch-xpu-ops.test.xpu.test_expanded_weights_xpu.TestExpandedWeightModuleXPU,test_Linear_no_bias_xpu_double_xpu
op_ut,third_party.torch-xpu-ops.test.xpu.test_expanded_weights_xpu.TestExpandedWeightModuleXPU,test_Conv2d_replicate_stride2_pad2_xpu_double_xpu
op_ut,third_party.torch-xpu-ops.test.xpu.test_expanded_weights_xpu.TestExpandedWeightModuleXPU,test_Conv1d_pad2size1_xpu_double_xpu
op_ut,third_party.torch-xpu-ops.test.xpu.test_expanded_weights_xpu.TestExpandedWeightModuleXPU,test_Conv2d_strided_xpu_double_xpu
op_ut,third_party.torch-xpu-ops.test.xpu.test_expanded_weights_xpu.TestExpandedWeightModuleXPU,test_Conv1d_reflect_stride2_pad2_xpu_double_xpu
op_ut,third_party.torch-xpu-ops.test.xpu.test_expanded_weights_xpu.TestExpandedWeightModuleXPU,test_Linear_xpu_double_xpu
op_ut,third_party.torch-xpu-ops.test.xpu.test_expanded_weights_xpu.TestExpandedWeightModuleXPU,test_Conv1d_replicate_stride2_pad2_xpu_double_xpu
op_ut,third_party.torch-xpu-ops.test.xpu.test_expanded_weights_xpu.TestExpandedWeightModuleXPU,test_Conv2d_xpu_double_xpu
op_ut,third_party.torch-xpu-ops.test.xpu.test_expanded_weights_xpu.TestExpandedWeightModuleXPU,test_Conv1d_stride_xpu_double_xpu
op_ut,third_party.torch-xpu-ops.test.xpu.test_expanded_weights_xpu.TestExpandedWeightModuleXPU,test_Conv2d_zeros_stride2_pad2_xpu_double_xpu
op_ut,third_party.torch-xpu-ops.test.xpu.test_expanded_weights_xpu.TestExpandedWeightModuleXPU,test_Conv3d_1x1x1_no_bias_xpu_double_xpu
op_ut,third_party.torch-xpu-ops.test.xpu.test_expanded_weights_xpu.TestExpandedWeightModuleXPU,test_Conv3d_no_bias_xpu_double_xpu
op_ut,third_party.torch-xpu-ops.test.xpu.test_expanded_weights_xpu.TestExpandedWeightModuleXPU,test_Conv1d_zeros_stride2_pad2_xpu_double_xpu
op_ut,third_party.torch-xpu-ops.test.xpu.test_expanded_weights_xpu.TestExpandedWeightModuleXPU,test_Conv2d_circular_stride2_pad2_xpu_double_xpu
op_ut,third_party.torch-xpu-ops.test.xpu.test_expanded_weights_xpu.TestExpandedWeightModuleXPU,test_Conv3d_replicate_stride2_pad2_xpu_double_xpu
op_ut,third_party.torch-xpu-ops.test.xpu.test_expanded_weights_xpu.TestExpandedWeightModuleXPU,test_Conv3d_stride_padding_xpu_double_xpu
op_ut,third_party.torch-xpu-ops.test.xpu.test_expanded_weights_xpu.TestExpandedWeightModuleXPU,test_Conv2d_dilated_xpu_double_xpu
op_ut,third_party.torch-xpu-ops.test.xpu.test_expanded_weights_xpu.TestExpandedWeightModuleXPU,test_Conv3d_stride_xpu_double_xpu
op_ut,third_party.torch-xpu-ops.test.xpu.test_expanded_weights_xpu.TestExpandedWeightModuleXPU,test_Conv3d_xpu_double_xpu
op_ut,third_party.torch-xpu-ops.test.xpu.test_expanded_weights_xpu.TestExpandedWeightModuleXPU,test_Conv3d_zeros_stride2_pad2_xpu_double_xpu
op_ut,third_party.torch-xpu-ops.test.xpu.test_expanded_weights_xpu.TestExpandedWeightModuleXPU,test_Conv1d_circular_stride2_pad2_xpu_double_xpu
op_ut,third_party.torch-xpu-ops.test.xpu.test_expanded_weights_xpu.TestExpandedWeightModuleXPU,test_Conv1d_pad1_xpu_double_xpu
op_ut,third_party.torch-xpu-ops.test.xpu.test_expanded_weights_xpu.TestExpandedWeightModuleXPU,test_Conv1d_pad1size1_xpu_double_xpu
op_ut,third_party.torch-xpu-ops.test.xpu.test_expanded_weights_xpu.TestExpandedWeightModuleXPU,test_Conv1d_reflect_stride2_pad2_xpu
op_ut,third_party.torch-xpu-ops.test.xpu.test_expanded_weights_xpu.TestExpandedWeightModuleXPU,test_Conv1d_xpu
op_ut,third_party.torch-xpu-ops.test.xpu.test_expanded_weights_xpu.TestExpandedWeightModuleXPU,test_Conv2d_reflect_stride2_pad2_xpu
op_ut,third_party.torch-xpu-ops.test.xpu.test_expanded_weights_xpu.TestExpandedWeightModuleXPU,test_Conv2d_zeros_stride2_pad2_xpu
op_ut,third_party.torch-xpu-ops.test.xpu.test_expanded_weights_xpu.TestExpandedWeightModuleXPU,test_Conv3d_1x1x1_no_bias_xpu
op_ut,third_party.torch-xpu-ops.test.xpu.test_expanded_weights_xpu.TestExpandedWeightModuleXPU,test_Conv2d_xpu
op_ut,third_party.torch-xpu-ops.test.xpu.test_expanded_weights_xpu.TestExpandedWeightModuleXPU,test_Conv2d_padding_xpu
op_ut,third_party.torch-xpu-ops.test.xpu.test_expanded_weights_xpu.TestExpandedWeightModuleXPU,test_Conv1d_pad2size1_xpu
op_ut,third_party.torch-xpu-ops.test.xpu.test_expanded_weights_xpu.TestExpandedWeightModuleXPU,test_Conv2d_no_bias_xpu
op_ut,third_party.torch-xpu-ops.test.xpu.test_expanded_weights_xpu.TestExpandedWeightModuleXPU,test_Conv3d_zeros_stride2_pad2_xpu
op_ut,third_party.torch-xpu-ops.test.xpu.test_expanded_weights_xpu.TestExpandedWeightModuleXPU,test_Conv1d_pad1_xpu
op_ut,third_party.torch-xpu-ops.test.xpu.test_expanded_weights_xpu.TestExpandedWeightModuleXPU,test_Conv1d_zeros_stride2_pad2_xpu
op_ut,third_party.torch-xpu-ops.test.xpu.test_expanded_weights_xpu.TestExpandedWeightModuleXPU,test_Conv3d_replicate_stride2_pad2_xpu
op_ut,third_party.torch-xpu-ops.test.xpu.test_expanded_weights_xpu.TestExpandedWeightModuleXPU,test_Conv1d_circular_stride2_pad2_xpu
op_ut,third_party.torch-xpu-ops.test.xpu.test_expanded_weights_xpu.TestExpandedWeightModuleXPU,test_Conv3d_circular_stride2_pad2_xpu
op_ut,third_party.torch-xpu-ops.test.xpu.test_expanded_weights_xpu.TestExpandedWeightModuleXPU,test_Conv2d_strided_xpu
op_ut,third_party.torch-xpu-ops.test.xpu.test_expanded_weights_xpu.TestExpandedWeightModuleXPU,test_LayerNorm_3d_no_affine_large_feature_xpu
op_ut,third_party.torch-xpu-ops.test.xpu.test_expanded_weights_xpu.TestExpandedWeightModuleXPU,test_Linear_xpu
op_ut,third_party.torch-xpu-ops.test.xpu.test_expanded_weights_xpu.TestExpandedWeightModuleXPU,test_Conv2d_dilated_xpu
op_ut,third_party.torch-xpu-ops.test.xpu.test_expanded_weights_xpu.TestExpandedWeightModuleXPU,test_Conv3d_xpu
op_ut,third_party.torch-xpu-ops.test.xpu.test_expanded_weights_xpu.TestExpandedWeightModuleXPU,test_Linear_no_bias_xpu
op_ut,third_party.torch-xpu-ops.test.xpu.test_expanded_weights_xpu.TestExpandedWeightModuleXPU,test_Conv3d_stride_padding_xpu
op_ut,third_party.torch-xpu-ops.test.xpu.test_expanded_weights_xpu.TestExpandedWeightModuleXPU,test_Conv1d_stride_xpu
op_ut,third_party.torch-xpu-ops.test.xpu.test_expanded_weights_xpu.TestExpandedWeightModuleXPU,test_Conv1d_pad2_xpu
op_ut,third_party.torch-xpu-ops.test.xpu.test_expanded_weights_xpu.TestExpandedWeightModuleXPU,test_Conv3d_stride_xpu
op_ut,third_party.torch-xpu-ops.test.xpu.test_expanded_weights_xpu.TestExpandedWeightModuleXPU,test_Conv2d_replicate_stride2_pad2_xpu
op_ut,third_party.torch-xpu-ops.test.xpu.test_expanded_weights_xpu.TestExpandedWeightModuleXPU,test_Conv3d_no_bias_xpu
op_ut,third_party.torch-xpu-ops.test.xpu.test_expanded_weights_xpu.TestExpandedWeightModuleXPU,test_Conv1d_replicate_stride2_pad2_xpu
op_ut,third_party.torch-xpu-ops.test.xpu.test_expanded_weights_xpu.TestExpandedWeightModuleXPU,test_Conv2d_circular_stride2_pad2_xpu
op_ut,third_party.torch-xpu-ops.test.xpu.test_expanded_weights_xpu.TestExpandedWeightModuleXPU,test_Conv1d_pad1size1_xpu
~~op_ut,third_party.torch-xpu-ops.test.xpu.nn.test_pooling_xpu.TestPoolingNNDeviceTypeXPU,test_max_pool_nan_inf_xpu_float64~~
~~op_ut,third_party.torch-xpu-ops.test.xpu.nn.test_pruning_xpu.TestPruningNN,test_random_pruning_pickle~~
~~op_ut,third_party.torch-xpu-ops.test.xpu.nn.test_pruning_xpu.TestPruningNN,test_pruning_rollback~~
~~op_ut,third_party.torch-xpu-ops.test.xpu.nn.test_pruning_xpu.TestPruningNN,test_random_pruning_new_weight~~
~~op_ut,third_party.torch-xpu-ops.test.xpu.nn.test_pruning_xpu.TestPruningNN,test_random_pruning_sizes~~
~~op_ut,third_party.torch-xpu-ops.test.xpu.nn.test_pruning_xpu.TestPruningNN,test_remove_pruning~~
~~op_ut,third_party.torch-xpu-ops.test.xpu.nn.test_pruning_xpu.TestPruningNN,test_remove_pruning_exception~~
~~op_ut,third_party.torch-xpu-ops.test.xpu.nn.test_pruning_xpu.TestPruningNN,test_random_pruning_orig~~
op_ut,third_party.torch-xpu-ops.test.xpu.quantization.core.test_workflow_ops_xpu.TestFakeQuantizeOpsXPU,test_fq_module_per_tensor_xpu
op_ut,third_party.torch-xpu-ops.test.xpu.test_decomp_xpu.TestDecompXPU,test_quick_logaddexp_xpu_complex128
op_ut,third_party.torch-xpu-ops.test.xpu.test_decomp_xpu.TestDecompXPU,test_quick_logaddexp_xpu_complex32
op_ut,third_party.torch-xpu-ops.test.xpu.test_decomp_xpu.TestDecompXPU,test_quick_logaddexp_xpu_complex64
op_ut,third_party.torch-xpu-ops.test.xpu.test_decomp_xpu.TestDecompXPU,test_comprehensive_logaddexp_xpu_complex128
op_ut,third_party.torch-xpu-ops.test.xpu.test_decomp_xpu.TestDecompXPU,test_comprehensive_logaddexp_xpu_complex32
op_ut,third_party.torch-xpu-ops.test.xpu.test_decomp_xpu.TestDecompXPU,test_comprehensive_logaddexp_xpu_complex64
op_ut,third_party.torch-xpu-ops.test.xpu.test_binary_ufuncs_xpu.TestBinaryUfuncsXPU,test_contig_size1_large_dim_logaddexp_xpu_complex128
op_ut,third_party.torch-xpu-ops.test.xpu.test_binary_ufuncs_xpu.TestBinaryUfuncsXPU,test_contig_size1_large_dim_logaddexp_xpu_complex32
op_ut,third_party.torch-xpu-ops.test.xpu.test_binary_ufuncs_xpu.TestBinaryUfuncsXPU,test_contig_size1_large_dim_logaddexp_xpu_complex64
op_ut,third_party.torch-xpu-ops.test.xpu.test_binary_ufuncs_xpu.TestBinaryUfuncsXPU,test_logaddexp_xpu_complex128
op_ut,third_party.torch-xpu-ops.test.xpu.test_binary_ufuncs_xpu.TestBinaryUfuncsXPU,test_logaddexp_xpu_complex32
op_ut,third_party.torch-xpu-ops.test.xpu.test_binary_ufuncs_xpu.TestBinaryUfuncsXPU,test_logaddexp_xpu_complex64
op_ut,third_party.torch-xpu-ops.test.xpu.test_binary_ufuncs_xpu.TestBinaryUfuncsXPU,test_non_contig_index_logaddexp_xpu_complex128
op_ut,third_party.torch-xpu-ops.test.xpu.test_binary_ufuncs_xpu.TestBinaryUfuncsXPU,test_non_contig_index_logaddexp_xpu_complex32
op_ut,third_party.torch-xpu-ops.test.xpu.test_binary_ufuncs_xpu.TestBinaryUfuncsXPU,test_non_contig_index_logaddexp_xpu_complex64
op_ut,third_party.torch-xpu-ops.test.xpu.test_binary_ufuncs_xpu.TestBinaryUfuncsXPU,test_contig_size1_logaddexp_xpu_complex128
op_ut,third_party.torch-xpu-ops.test.xpu.test_binary_ufuncs_xpu.TestBinaryUfuncsXPU,test_contig_size1_logaddexp_xpu_complex32
op_ut,third_party.torch-xpu-ops.test.xpu.test_binary_ufuncs_xpu.TestBinaryUfuncsXPU,test_contig_size1_logaddexp_xpu_complex64
op_ut,third_party.torch-xpu-ops.test.xpu.test_binary_ufuncs_xpu.TestBinaryUfuncsXPU,test_non_contig_logaddexp_xpu_complex128
op_ut,third_party.torch-xpu-ops.test.xpu.test_binary_ufuncs_xpu.TestBinaryUfuncsXPU,test_non_contig_logaddexp_xpu_complex32
op_ut,third_party.torch-xpu-ops.test.xpu.test_binary_ufuncs_xpu.TestBinaryUfuncsXPU,test_non_contig_logaddexp_xpu_complex64
op_ut,third_party.torch-xpu-ops.test.xpu.test_binary_ufuncs_xpu.TestBinaryUfuncsXPU,test_non_contig_expand_logaddexp_xpu_complex128
op_ut,third_party.torch-xpu-ops.test.xpu.test_binary_ufuncs_xpu.TestBinaryUfuncsXPU,test_non_contig_expand_logaddexp_xpu_complex32
op_ut,third_party.torch-xpu-ops.test.xpu.test_binary_ufuncs_xpu.TestBinaryUfuncsXPU,test_non_contig_expand_logaddexp_xpu_complex64
op_ut,third_party.torch-xpu-ops.test.xpu.test_binary_ufuncs_xpu.TestBinaryUfuncsXPU,test_batch_vs_slicing_logaddexp_xpu_complex128
op_ut,third_party.torch-xpu-ops.test.xpu.test_binary_ufuncs_xpu.TestBinaryUfuncsXPU,test_batch_vs_slicing_logaddexp_xpu_complex32
op_ut,third_party.torch-xpu-ops.test.xpu.test_binary_ufuncs_xpu.TestBinaryUfuncsXPU,test_batch_vs_slicing_logaddexp_xpu_complex64
op_ut,third_party.torch-xpu-ops.test.xpu.test_binary_ufuncs_xpu.TestBinaryUfuncsXPU,test_contig_vs_transposed_logaddexp_xpu_complex128
op_ut,third_party.torch-xpu-ops.test.xpu.test_binary_ufuncs_xpu.TestBinaryUfuncsXPU,test_contig_vs_transposed_logaddexp_xpu_complex32
op_ut,third_party.torch-xpu-ops.test.xpu.test_binary_ufuncs_xpu.TestBinaryUfuncsXPU,test_contig_vs_transposed_logaddexp_xpu_complex64
op_ut,third_party.torch-xpu-ops.test.xpu.test_binary_ufuncs_xpu.TestBinaryUfuncsXPU,test_type_promotion_logaddexp_xpu
op_ut,third_party.torch-xpu-ops.test.xpu.test_binary_ufuncs_xpu.TestBinaryUfuncsXPU,test_contig_vs_every_other_logaddexp_xpu_complex128
op_ut,third_party.torch-xpu-ops.test.xpu.test_binary_ufuncs_xpu.TestBinaryUfuncsXPU,test_contig_vs_every_other_logaddexp_xpu_complex32
op_ut,third_party.torch-xpu-ops.test.xpu.test_binary_ufuncs_xpu.TestBinaryUfuncsXPU,test_contig_vs_every_other_logaddexp_xpu_complex64
op_ut,third_party.torch-xpu-ops.test.xpu.test_decomp_xpu.TestDecompXPU,test_quick_logaddexp_xpu_complex128
op_ut,third_party.torch-xpu-ops.test.xpu.test_decomp_xpu.TestDecompXPU,test_quick_logaddexp_xpu_complex32
op_ut,third_party.torch-xpu-ops.test.xpu.test_decomp_xpu.TestDecompXPU,test_quick_logaddexp_xpu_complex64
op_ut,third_party.torch-xpu-ops.test.xpu.test_decomp_xpu.TestDecompXPU,test_comprehensive_logaddexp_xpu_complex128
op_ut,third_party.torch-xpu-ops.test.xpu.test_decomp_xpu.TestDecompXPU,test_comprehensive_logaddexp_xpu_complex32
op_ut,third_party.torch-xpu-ops.test.xpu.test_decomp_xpu.TestDecompXPU,test_comprehensive_logaddexp_xpu_complex64
op_ut,third_party.torch-xpu-ops.test.xpu.test_linalg_xpu.TestLinalgXPU,test_logaddexp_cpu_vs_cuda_complex_xpu
op_ut,third_party.torch-xpu-ops.test.xpu.test_meta_xpu.TestMetaXPU,test_meta_outplace_logaddexp_xpu_complex128
op_ut,third_party.torch-xpu-ops.test.xpu.test_meta_xpu.TestMetaXPU,test_meta_outplace_logaddexp_xpu_complex32
op_ut,third_party.torch-xpu-ops.test.xpu.test_meta_xpu.TestMetaXPU,test_meta_outplace_logaddexp_xpu_complex64
op_ut,third_party.torch-xpu-ops.test.xpu.test_meta_xpu.TestMetaXPU,test_dispatch_symbolic_meta_outplace_logaddexp_xpu_complex128
op_ut,third_party.torch-xpu-ops.test.xpu.test_meta_xpu.TestMetaXPU,test_dispatch_symbolic_meta_outplace_logaddexp_xpu_complex32
op_ut,third_party.torch-xpu-ops.test.xpu.test_meta_xpu.TestMetaXPU,test_dispatch_symbolic_meta_outplace_logaddexp_xpu_complex64
op_ut,third_party.torch-xpu-ops.test.xpu.test_meta_xpu.TestMetaXPU,test_dispatch_meta_outplace_logaddexp_xpu_complex128
op_ut,third_party.torch-xpu-ops.test.xpu.test_meta_xpu.TestMetaXPU,test_dispatch_meta_outplace_logaddexp_xpu_complex32
op_ut,third_party.torch-xpu-ops.test.xpu.test_meta_xpu.TestMetaXPU,test_dispatch_meta_outplace_logaddexp_xpu_complex64
op_ut,third_party.torch-xpu-ops.test.xpu.test_ops_fwd_gradients_xpu.TestFwdGradientsXPU,test_forward_mode_AD_logaddexp_xpu_complex128
op_ut,third_party.torch-xpu-ops.test.xpu.test_ops_fwd_gradients_xpu.TestFwdGradientsXPU,test_fn_fwgrad_bwgrad_logaddexp_xpu_complex128
op_ut,third_party.torch-xpu-ops.test.xpu.test_ops_gradients_xpu.TestBwdGradientsXPU,test_fn_grad_logaddexp_xpu_complex128
op_ut,third_party.torch-xpu-ops.test.xpu.test_ops_gradients_xpu.TestBwdGradientsXPU,test_fn_gradgrad_logaddexp_xpu_complex128
op_ut,third_party.torch-xpu-ops.test.xpu.test_ops_xpu.TestMathBitsXPU,test_neg_conj_view_logaddexp_xpu_complex128
op_ut,third_party.torch-xpu-ops.test.xpu.test_ops_xpu.TestCommonXPU,test_noncontiguous_samples_logaddexp_xpu_complex64
op_ut,third_party.torch-xpu-ops.test.xpu.test_ops_xpu.TestCommonXPU,test_complex_half_reference_testing_logaddexp_xpu_complex32
op_ut,third_party.torch-xpu-ops.test.xpu.test_ops_xpu.TestCommonXPU,test_out_requires_grad_error_logaddexp_xpu_complex64
op_ut,third_party.torch-xpu-ops.test.xpu.test_ops_xpu.TestCommonXPU,test_variant_consistency_eager_logaddexp_xpu_complex64
op_ut,third_party.torch-xpu-ops.test.xpu.test_ops_xpu.TestMathBitsXPU,test_conj_view_logaddexp_xpu_complex64
op_ut,third_party.torch-xpu-ops.test.xpu.test_ops_xpu.TestCommonXPU,test_dtypes_logaddexp_xpu
op_ut,third_party.torch-xpu-ops.test.xpu.test_ops_gradients_xpu.TestBwdGradientsXPU,test_fn_gradgrad_index_reduce_mean_xpu_float64
op_ut,third_party.torch-xpu-ops.test.xpu.test_ops_gradients_xpu.TestBwdGradientsXPU,test_inplace_gradgrad_index_reduce_mean_xpu_float64
op_ut,third_party.torch-xpu-ops.test.xpu.test_ops_gradients_xpu.TestBwdGradientsXPU,test_inplace_gradgrad_index_reduce_prod_xpu_float64
op_ut,third_party.torch-xpu-ops.test.xpu.test_ops_gradients_xpu.TestBwdGradientsXPU,test_fn_gradgrad_index_reduce_prod_xpu_float64
op_ut,third_party.torch-xpu-ops.test.xpu.test_meta_xpu.TestMetaXPU,test_dispatch_symbolic_meta_outplace_torch_ops_aten__efficient_attention_forward_xpu_float16
op_ut,third_party.torch-xpu-ops.test.xpu.test_meta_xpu.TestMetaXPU,test_dispatch_symbolic_meta_outplace_torch_ops_aten__efficient_attention_forward_xpu_float32
op_ut,third_party.torch-xpu-ops.test.xpu.test_meta_xpu.TestMetaXPU,test_dispatch_meta_outplace_torch_ops_aten__efficient_attention_forward_xpu_float16
op_ut,third_party.torch-xpu-ops.test.xpu.test_meta_xpu.TestMetaXPU,test_dispatch_meta_outplace_torch_ops_aten__efficient_attention_forward_xpu_float32
op_ut,third_party.torch-xpu-ops.test.xpu.test_meta_xpu.TestMetaXPU,test_meta_outplace_torch_ops_aten__efficient_attention_forward_xpu_float16
op_ut,third_party.torch-xpu-ops.test.xpu.test_meta_xpu.TestMetaXPU,test_meta_outplace_torch_ops_aten__efficient_attention_forward_xpu_float32
op_ut,third_party.torch-xpu-ops.test.xpu.test_ops_xpu.TestCompositeComplianceXPU,test_cow_input_torch_ops_aten__efficient_attention_forward_xpu_float32
op_ut,third_party.torch-xpu-ops.test.xpu.test_ops_xpu.TestFakeTensorXPU,test_fake_crossref_backward_no_amp_torch_ops_aten__efficient_attention_forward_xpu_float32
op_ut,third_party.torch-xpu-ops.test.xpu.test_ops_xpu.TestCommonXPU,test_out_warning_torch_ops_aten__efficient_attention_forward_xpu
op_ut,third_party.torch-xpu-ops.test.xpu.test_ops_xpu.TestCompositeComplianceXPU,test_view_replay_torch_ops_aten__efficient_attention_forward_xpu_float32
op_ut,third_party.torch-xpu-ops.test.xpu.test_ops_xpu.TestCommonXPU,test_variant_consistency_eager_torch_ops_aten__efficient_attention_forward_xpu_float32
op_ut,third_party.torch-xpu-ops.test.xpu.test_ops_xpu.TestFakeTensorXPU,test_fake_crossref_backward_amp_torch_ops_aten__efficient_attention_forward_xpu_float32
op_ut,third_party.torch-xpu-ops.test.xpu.test_ops_xpu.TestCommonXPU,test_out_torch_ops_aten__efficient_attention_forward_xpu_float32
op_ut,third_party.torch-xpu-ops.test.xpu.test_sparse_xpu.TestSparseAnyXPU,test_gradcheck_mm_SparseCSR_masked_fast_xpu_complex128
op_ut,third_party.torch-xpu-ops.test.xpu.test_sparse_xpu.TestSparseAnyXPU,test_gradcheck_mm_SparseCSR_masked_fast_xpu_float64
op_ut,third_party.torch-xpu-ops.test.xpu.test_sparse_xpu.TestSparseAnyXPU,test_gradcheck_mm_SparseCSR_masked_slow_xpu_complex128
op_ut,third_party.torch-xpu-ops.test.xpu.test_sparse_xpu.TestSparseAnyXPU,test_gradcheck_mm_SparseCSR_masked_slow_xpu_float64
op_ut,third_party.torch-xpu-ops.test.xpu.test_sparse_csr_xpu.TestSparseCSRXPU,test_autograd_dense_output_addmm_xpu_float64
op_ut,third_party.torch-xpu-ops.test.xpu.test_sparse_csr_xpu.TestSparseCSRXPU,test_sampled_addmm_autograd_xpu_complex128
op_ut,third_party.torch-xpu-ops.test.xpu.test_sparse_csr_xpu.TestSparseCSRXPU,test_sampled_addmm_autograd_xpu_complex64
op_ut,third_party.torch-xpu-ops.test.xpu.test_sparse_csr_xpu.TestSparseCSRXPU,test_sampled_addmm_autograd_xpu_float32
op_ut,third_party.torch-xpu-ops.test.xpu.test_sparse_csr_xpu.TestSparseCSRXPU,test_sampled_addmm_autograd_xpu_float64
op_ut,third_party.torch-xpu-ops.test.xpu.test_sparse_csr_xpu.TestSparseCSRXPU,test_sampled_addmm_xpu_complex128
op_ut,third_party.torch-xpu-ops.test.xpu.test_sparse_csr_xpu.TestSparseCSRXPU,test_sampled_addmm_xpu_complex64
op_ut,third_party.torch-xpu-ops.test.xpu.test_sparse_csr_xpu.TestSparseCSRXPU,test_sampled_addmm_xpu_float32
op_ut,third_party.torch-xpu-ops.test.xpu.test_sparse_csr_xpu.TestSparseCSRXPU,test_sampled_addmm_xpu_float64
op_ut,third_party.torch-xpu-ops.test.xpu.test_sparse_csr_xpu.TestSparseCSRXPU,test_sampled_addmm_zero_sized_xpu_complex128
op_ut,third_party.torch-xpu-ops.test.xpu.test_sparse_csr_xpu.TestSparseCSRXPU,test_sampled_addmm_zero_sized_xpu_complex64
op_ut,third_party.torch-xpu-ops.test.xpu.test_sparse_csr_xpu.TestSparseCSRXPU,test_sampled_addmm_zero_sized_xpu_float32
op_ut,third_party.torch-xpu-ops.test.xpu.test_sparse_csr_xpu.TestSparseCSRXPU,test_sampled_addmm_zero_sized_xpu_float64
op_ut,third_party.torch-xpu-ops.test.xpu.test_sparse_csr_xpu.TestSparseCSRXPU,test_sampled_addmm_errors_xpu_complex128
op_ut,third_party.torch-xpu-ops.test.xpu.test_sparse_csr_xpu.TestSparseCSRXPU,test_sampled_addmm_errors_xpu_complex64
op_ut,third_party.torch-xpu-ops.test.xpu.test_sparse_csr_xpu.TestSparseCSRXPU,test_sampled_addmm_errors_xpu_float32
op_ut,third_party.torch-xpu-ops.test.xpu.test_sparse_csr_xpu.TestSparseCSRXPU,test_sampled_addmm_errors_xpu_float64
op_ut,third_party.torch-xpu-ops.test.xpu.test_decomp_xpu.TestDecompXPU,test_comprehensive_torch_ops_aten__flash_attention_forward_xpu_float16
op_ut,third_party.torch-xpu-ops.test.xpu.test_unary_ufuncs_xpu.TestUnaryUfuncsXPU,test_reference_numerics_extremal__refs_tan_xpu_complex64
op_ut,third_party.torch-xpu-ops.test.xpu.test_unary_ufuncs_xpu.TestUnaryUfuncsXPU,test_reference_numerics_extremal__refs_tanh_xpu_complex64
op_ut,third_party.torch-xpu-ops.test.xpu.test_unary_ufuncs_xpu.TestUnaryUfuncsXPU,test_reference_numerics_extremal_acos_xpu_complex64
op_ut,third_party.torch-xpu-ops.test.xpu.test_unary_ufuncs_xpu.TestUnaryUfuncsXPU,test_reference_numerics_extremal_acosh_xpu_complex64
op_ut,third_party.torch-xpu-ops.test.xpu.test_unary_ufuncs_xpu.TestUnaryUfuncsXPU,test_reference_numerics_extremal_asin_xpu_complex64
op_ut,third_party.torch-xpu-ops.test.xpu.test_unary_ufuncs_xpu.TestUnaryUfuncsXPU,test_reference_numerics_extremal_asinh_xpu_complex64
op_ut,third_party.torch-xpu-ops.test.xpu.test_unary_ufuncs_xpu.TestUnaryUfuncsXPU,test_reference_numerics_extremal_log10_xpu_complex64
op_ut,third_party.torch-xpu-ops.test.xpu.test_unary_ufuncs_xpu.TestUnaryUfuncsXPU,test_reference_numerics_extremal_log1p_xpu_complex64
op_ut,third_party.torch-xpu-ops.test.xpu.test_unary_ufuncs_xpu.TestUnaryUfuncsXPU,test_reference_numerics_extremal_log_xpu_complex64
op_ut,third_party.torch-xpu-ops.test.xpu.test_unary_ufuncs_xpu.TestUnaryUfuncsXPU,test_reference_numerics_normal_asinh_xpu_complex64
op_ut,third_party.torch-xpu-ops.test.xpu.test_unary_ufuncs_xpu.TestUnaryUfuncsXPU,test_reference_numerics_extremal_nn_functional_tanhshrink_xpu_complex64
op_ut,third_party.torch-xpu-ops.test.xpu.test_unary_ufuncs_xpu.TestUnaryUfuncsXPU,test_reference_numerics_extremal_round_decimals_3_xpu_bfloat16
op_ut,third_party.torch-xpu-ops.test.xpu.test_unary_ufuncs_xpu.TestUnaryUfuncsXPU,test_reference_numerics_extremal_tan_xpu_complex64
op_ut,third_party.torch-xpu-ops.test.xpu.test_unary_ufuncs_xpu.TestUnaryUfuncsXPU,test_reference_numerics_extremal_tanh_xpu_complex64
op_ut,third_party.torch-xpu-ops.test.xpu.test_unary_ufuncs_xpu.TestUnaryUfuncsXPU,test_reference_numerics_large__refs_acosh_xpu_complex64
op_ut,third_party.torch-xpu-ops.test.xpu.test_unary_ufuncs_xpu.TestUnaryUfuncsXPU,test_reference_numerics_large__refs_asinh_xpu_complex128
op_ut,third_party.torch-xpu-ops.test.xpu.test_unary_ufuncs_xpu.TestUnaryUfuncsXPU,test_reference_numerics_large__refs_asinh_xpu_complex32
op_ut,third_party.torch-xpu-ops.test.xpu.test_unary_ufuncs_xpu.TestUnaryUfuncsXPU,test_reference_numerics_large__refs_asinh_xpu_complex64
op_ut,third_party.torch-xpu-ops.test.xpu.test_unary_ufuncs_xpu.TestUnaryUfuncsXPU,test_reference_numerics_normal_nn_functional_tanhshrink_xpu_complex64
~~op_ut,third_party.torch-xpu-ops.test.xpu.test_unary_ufuncs_xpu.TestUnaryUfuncsXPU,test_reference_numerics_large__refs_rsqrt_xpu_complex32~~
op_ut,third_party.torch-xpu-ops.test.xpu.test_unary_ufuncs_xpu.TestUnaryUfuncsXPU,test_reference_numerics_normal_polygamma_polygamma_n_1_xpu_float16
op_ut,third_party.torch-xpu-ops.test.xpu.test_unary_ufuncs_xpu.TestUnaryUfuncsXPU,test_reference_numerics_normal_polygamma_polygamma_n_2_xpu_float16
op_ut,third_party.torch-xpu-ops.test.xpu.test_unary_ufuncs_xpu.TestUnaryUfuncsXPU,test_reference_numerics_normal_polygamma_polygamma_n_3_xpu_float16
op_ut,third_party.torch-xpu-ops.test.xpu.test_unary_ufuncs_xpu.TestUnaryUfuncsXPU,test_reference_numerics_normal_polygamma_polygamma_n_4_xpu_float16
op_ut,third_party.torch-xpu-ops.test.xpu.test_unary_ufuncs_xpu.TestUnaryUfuncsXPU,test_reference_numerics_large_acosh_xpu_complex64
op_ut,third_party.torch-xpu-ops.test.xpu.test_unary_ufuncs_xpu.TestUnaryUfuncsXPU,test_reference_numerics_large_asinh_xpu_complex128
op_ut,third_party.torch-xpu-ops.test.xpu.test_unary_ufuncs_xpu.TestUnaryUfuncsXPU,test_reference_numerics_large_asinh_xpu_complex32
op_ut,third_party.torch-xpu-ops.test.xpu.test_unary_ufuncs_xpu.TestUnaryUfuncsXPU,test_reference_numerics_large_asinh_xpu_complex64
op_ut,third_party.torch-xpu-ops.test.xpu.test_unary_ufuncs_xpu.TestUnaryUfuncsXPU,test_reference_numerics_normal_round_decimals_3_xpu_bfloat16
~~op_ut,third_party.torch-xpu-ops.test.xpu.test_unary_ufuncs_xpu.TestUnaryUfuncsXPU,test_log1p_complex_xpu_complex64~~
~~op_ut,third_party.torch-xpu-ops.test.xpu.test_unary_ufuncs_xpu.TestUnaryUfuncsXPU,test_reference_numerics_large_rsqrt_xpu_complex32~~
op_ut,third_party.torch-xpu-ops.test.xpu.test_unary_ufuncs_xpu.TestUnaryUfuncsXPU,test_reference_numerics_normal__refs_asinh_xpu_complex64
op_ut,third_party.torch-xpu-ops.test.xpu.test_unary_ufuncs_xpu.TestUnaryUfuncsXPU,test_reference_numerics_extremal__refs_acos_xpu_complex64
op_ut,third_party.torch-xpu-ops.test.xpu.test_unary_ufuncs_xpu.TestUnaryUfuncsXPU,test_reference_numerics_extremal__refs_acosh_xpu_complex64
op_ut,third_party.torch-xpu-ops.test.xpu.test_unary_ufuncs_xpu.TestUnaryUfuncsXPU,test_reference_numerics_extremal__refs_asin_xpu_complex64
op_ut,third_party.torch-xpu-ops.test.xpu.test_unary_ufuncs_xpu.TestUnaryUfuncsXPU,test_reference_numerics_extremal__refs_asinh_xpu_complex64
op_ut,third_party.torch-xpu-ops.test.xpu.test_unary_ufuncs_xpu.TestUnaryUfuncsXPU,test_reference_numerics_extremal__refs_log10_xpu_complex64
op_ut,third_party.torch-xpu-ops.test.xpu.test_unary_ufuncs_xpu.TestUnaryUfuncsXPU,test_reference_numerics_extremal__refs_log1p_xpu_complex64
op_ut,third_party.torch-xpu-ops.test.xpu.test_unary_ufuncs_xpu.TestUnaryUfuncsXPU,test_reference_numerics_extremal__refs_log_xpu_complex64
op_ut,third_party.torch-xpu-ops.test.xpu.test_unary_ufuncs_xpu.TestUnaryUfuncsXPU,test_reference_numerics_extremal__refs_nn_functional_tanhshrink_xpu_complex64
op_ut,third_party.torch-xpu-ops.test.xpu.test_unary_ufuncs_xpu.TestUnaryUfuncsXPU,test_reference_numerics_normal__refs_nn_functional_tanhshrink_xpu_complex64
~~op_ut,third_party.torch-xpu-ops.test.xpu.test_unary_ufuncs_xpu.TestUnaryUfuncsXPU,test_nonzero_large_xpu_int8~~
~~op_ut,third_party.torch-xpu-ops.test.xpu.test_binary_ufuncs_xpu.TestBinaryUfuncsXPU,test_pow_cuda_complex_extremal_passing_xpu_complex128~~
op_ut,third_party.torch-xpu-ops.test.xpu.test_ops_xpu.TestCommonXPU,test_dtypes_addmm_decomposed_xpu
op_ut,third_party.torch-xpu-ops.test.xpu.test_ops_xpu.TestCommonXPU,test_dtypes_addmm_xpu
op_ut,third_party.torch-xpu-ops.test.xpu.test_ops_xpu.TestCommonXPU,test_dtypes_addmv_xpu
op_ut,third_party.torch-xpu-ops.test.xpu.test_ops_xpu.TestCommonXPU,test_dtypes_baddbmm_xpu
op_ut,third_party.torch-xpu-ops.test.xpu.test_ops_xpu.TestCommonXPU,test_dtypes_histogram_xpu
op_ut,third_party.torch-xpu-ops.test.xpu.test_ops_xpu.TestCommonXPU,test_dtypes_histogramdd_xpu
op_ut,third_party.torch-xpu-ops.test.xpu.test_ops_xpu.TestCommonXPU,test_dtypes_mv_xpu
op_ut,third_party.torch-xpu-ops.test.xpu.test_ops_xpu.TestCommonXPU,test_dtypes_nn_functional_conv1d_xpu
op_ut,third_party.torch-xpu-ops.test.xpu.test_ops_xpu.TestCommonXPU,test_dtypes_nn_functional_conv2d_xpu
op_ut,third_party.torch-xpu-ops.test.xpu.test_ops_xpu.TestCommonXPU,test_dtypes_nn_functional_conv3d_xpu
op_ut,third_party.torch-xpu-ops.test.xpu.test_ops_xpu.TestCommonXPU,test_dtypes_nn_functional_conv_transpose1d_xpu
~~op_ut,third_party.torch-xpu-ops.test.xpu.test_ops_xpu.TestCommonXPU,test_dtypes_nn_functional_conv_transpose2d_xpu~~
~~op_ut,third_party.torch-xpu-ops.test.xpu.test_ops_xpu.TestCommonXPU,test_dtypes_nn_functional_conv_transpose3d_xpu~~
~~op_ut,third_party.torch-xpu-ops.test.xpu.test_ops_xpu.TestCommonXPU,test_dtypes_nn_functional_softsign_xpu~~
op_ut,third_party.torch-xpu-ops.test.xpu.test_ops_xpu.TestCommonXPU,test_dtypes_einsum_xpu
~~op_ut,third_party.torch-xpu-ops.test.xpu.test_ops_xpu.TestCommonXPU,test_dtypes_inner_xpu~~
op_ut,third_party.torch-xpu-ops.test.xpu.test_ops_xpu.TestCommonXPU,test_python_ref__refs_true_divide_xpu_complex32
~~op_ut,third_party.torch-xpu-ops.test.xpu.test_ops_xpu.TestCommonXPU,test_dtypes_linalg_lu_factor_ex_xpu~~
op_ut,third_party.torch-xpu-ops.test.xpu.test_ops_xpu.TestCommonXPU,test_dtypes_mm_xpu
op_ut,third_party.torch-xpu-ops.test.xpu.test_ops_xpu.TestCommonXPU,test_python_ref_executor__refs_true_divide_executor_aten_xpu_complex32
op_ut,third_party.torch-xpu-ops.test.xpu.test_ops_xpu.TestCommonXPU,test_dtypes_nn_functional_embedding_bag_xpu
op_ut,third_party.torch-xpu-ops.test.xpu.test_ops_xpu.TestCommonXPU,test_dtypes_nn_functional_linear_xpu
~~op_ut,third_party.torch-xpu-ops.test.xpu.test_ops_xpu.TestCommonXPU,test_dtypes_tensordot_xpu~~
op_ut,third_party.torch-xpu-ops.test.xpu.test_ops_xpu.TestCommonXPU,test_noncontiguous_samples_matmul_xpu_int64
op_ut,third_party.torch-xpu-ops.test.xpu.test_ops_xpu.TestCommonXPU,test_noncontiguous_samples_mm_xpu_int64
op_ut,third_party.torch-xpu-ops.test.xpu.test_ops_xpu.TestCommonXPU,test_noncontiguous_samples_mv_xpu_int64
op_ut,third_party.torch-xpu-ops.test.xpu.test_ops_xpu.TestCommonXPU,test_noncontiguous_samples_nn_functional_bilinear_xpu_int64
op_ut,third_party.torch-xpu-ops.test.xpu.test_ops_xpu.TestCommonXPU,test_noncontiguous_samples_nn_functional_conv1d_xpu_int64
op_ut,third_party.torch-xpu-ops.test.xpu.test_ops_xpu.TestCommonXPU,test_noncontiguous_samples_nn_functional_conv2d_xpu_int64
op_ut,third_party.torch-xpu-ops.test.xpu.test_ops_xpu.TestCommonXPU,test_noncontiguous_samples_nn_functional_conv3d_xpu_int64
op_ut,third_party.torch-xpu-ops.test.xpu.test_ops_xpu.TestCommonXPU,test_noncontiguous_samples_nn_functional_conv_transpose1d_xpu_int64
op_ut,third_party.torch-xpu-ops.test.xpu.test_ops_xpu.TestCommonXPU,test_noncontiguous_samples_nn_functional_conv_transpose2d_xpu_int64
op_ut,third_party.torch-xpu-ops.test.xpu.test_ops_xpu.TestCommonXPU,test_noncontiguous_samples_nn_functional_conv_transpose3d_xpu_int64
op_ut,third_party.torch-xpu-ops.test.xpu.test_ops_xpu.TestCommonXPU,test_noncontiguous_samples_nn_functional_linear_xpu_int64
op_ut,third_party.torch-xpu-ops.test.xpu.test_ops_xpu.TestCommonXPU,test_noncontiguous_samples_tensordot_xpu_int64
op_ut,third_party.torch-xpu-ops.test.xpu.test_ops_xpu.TestCommonXPU,test_numpy_ref_addbmm_xpu_int64
op_ut,third_party.torch-xpu-ops.test.xpu.test_ops_xpu.TestCommonXPU,test_multiple_devices_addbmm_xpu_int64
op_ut,third_party.torch-xpu-ops.test.xpu.test_ops_xpu.TestCommonXPU,test_multiple_devices_addmm_decomposed_xpu_int64
op_ut,third_party.torch-xpu-ops.test.xpu.test_ops_xpu.TestCommonXPU,test_multiple_devices_addmm_xpu_int64
op_ut,third_party.torch-xpu-ops.test.xpu.test_ops_xpu.TestCommonXPU,test_multiple_devices_addmv_xpu_int64
op_ut,third_party.torch-xpu-ops.test.xpu.test_ops_xpu.TestCommonXPU,test_multiple_devices_baddbmm_xpu_int64
op_ut,third_party.torch-xpu-ops.test.xpu.test_ops_xpu.TestCommonXPU,test_multiple_devices_bmm_xpu_int64
op_ut,third_party.torch-xpu-ops.test.xpu.test_ops_xpu.TestCommonXPU,test_multiple_devices_linalg_multi_dot_xpu_int64
op_ut,third_party.torch-xpu-ops.test.xpu.test_ops_xpu.TestCommonXPU,test_multiple_devices_mm_xpu_int64
op_ut,third_party.torch-xpu-ops.test.xpu.test_ops_xpu.TestCommonXPU,test_multiple_devices_mv_xpu_int64
op_ut,third_party.torch-xpu-ops.test.xpu.test_ops_xpu.TestCommonXPU,test_multiple_devices_nn_functional_bilinear_xpu_int64
op_ut,third_party.torch-xpu-ops.test.xpu.test_ops_xpu.TestCommonXPU,test_multiple_devices_nn_functional_conv1d_xpu_int64
op_ut,third_party.torch-xpu-ops.test.xpu.test_ops_xpu.TestCommonXPU,test_multiple_devices_nn_functional_conv2d_xpu_int64
op_ut,third_party.torch-xpu-ops.test.xpu.test_ops_xpu.TestCommonXPU,test_multiple_devices_nn_functional_conv3d_xpu_int64
op_ut,third_party.torch-xpu-ops.test.xpu.test_ops_xpu.TestCommonXPU,test_multiple_devices_nn_functional_conv_transpose1d_xpu_int64
op_ut,third_party.torch-xpu-ops.test.xpu.test_ops_xpu.TestCommonXPU,test_multiple_devices_nn_functional_conv_transpose2d_xpu_int64
op_ut,third_party.torch-xpu-ops.test.xpu.test_ops_xpu.TestCommonXPU,test_multiple_devices_nn_functional_conv_transpose3d_xpu_int64
op_ut,third_party.torch-xpu-ops.test.xpu.test_ops_xpu.TestCommonXPU,test_multiple_devices_nn_functional_linear_xpu_int64
op_ut,third_party.torch-xpu-ops.test.xpu.test_ops_xpu.TestCommonXPU,test_multiple_devices_tensordot_xpu_int64
op_ut,third_party.torch-xpu-ops.test.xpu.test_ops_xpu.TestCommonXPU,test_noncontiguous_samples___rmatmul___xpu_int64
op_ut,third_party.torch-xpu-ops.test.xpu.test_ops_xpu.TestCommonXPU,test_noncontiguous_samples_addbmm_xpu_int64
op_ut,third_party.torch-xpu-ops.test.xpu.test_ops_xpu.TestCommonXPU,test_noncontiguous_samples_addmm_decomposed_xpu_int64
op_ut,third_party.torch-xpu-ops.test.xpu.test_ops_xpu.TestCommonXPU,test_noncontiguous_samples_addmm_xpu_int64
op_ut,third_party.torch-xpu-ops.test.xpu.test_ops_xpu.TestCommonXPU,test_noncontiguous_samples_addmv_xpu_int64
op_ut,third_party.torch-xpu-ops.test.xpu.test_ops_xpu.TestCommonXPU,test_noncontiguous_samples_baddbmm_xpu_int64
op_ut,third_party.torch-xpu-ops.test.xpu.test_ops_xpu.TestCommonXPU,test_noncontiguous_samples_bmm_xpu_int64
op_ut,third_party.torch-xpu-ops.test.xpu.test_ops_xpu.TestCommonXPU,test_noncontiguous_samples_einsum_xpu_int64
~~op_ut,third_party.torch-xpu-ops.test.xpu.test_ops_xpu.TestCompositeComplianceXPU,test_cow_input___rmatmul___xpu_float32~~
~~op_ut,third_party.torch-xpu-ops.test.xpu.test_ops_xpu.TestCompositeComplianceXPU,test_cow_input_addbmm_xpu_float32~~
~~op_ut,third_party.torch-xpu-ops.test.xpu.test_ops_xpu.TestCompositeComplianceXPU,test_cow_input_addmm_decomposed_xpu_float32~~
~~op_ut,third_party.torch-xpu-ops.test.xpu.test_ops_xpu.TestCompositeComplianceXPU,test_cow_input_addmm_xpu_float32~~
~~op_ut,third_party.torch-xpu-ops.test.xpu.test_ops_xpu.TestCompositeComplianceXPU,test_cow_input_addmv_xpu_float32~~
~~op_ut,third_party.torch-xpu-ops.test.xpu.test_ops_xpu.TestCompositeComplianceXPU,test_cow_input_addr_xpu_float32~~
~~op_ut,third_party.torch-xpu-ops.test.xpu.test_ops_xpu.TestCompositeComplianceXPU,test_cow_input_baddbmm_xpu_float32~~
~~op_ut,third_party.torch-xpu-ops.test.xpu.test_ops_xpu.TestCompositeComplianceXPU,test_cow_input_bmm_xpu_float32~~
~~op_ut,third_party.torch-xpu-ops.test.xpu.test_ops_xpu.TestCompositeComplianceXPU,test_cow_input_cdist_xpu_float32~~
~~op_ut,third_party.torch-xpu-ops.test.xpu.test_ops_xpu.TestCompositeComplianceXPU,test_cow_input_cholesky_inverse_xpu_float32~~
~~op_ut,third_party.torch-xpu-ops.test.xpu.test_ops_xpu.TestCompositeComplianceXPU,test_cow_input_cholesky_solve_xpu_float32~~
~~op_ut,third_party.torch-xpu-ops.test.xpu.test_ops_xpu.TestCompositeComplianceXPU,test_cow_input_cholesky_xpu_float32~~
~~op_ut,third_party.torch-xpu-ops.test.xpu.test_ops_xpu.TestCompositeComplianceXPU,test_cow_input_einsum_xpu_float32~~
op_ut,third_party.torch-xpu-ops.test.xpu.test_ops_xpu.TestCompositeComplianceXPU,test_cow_input_histogramdd_xpu_float32
op_ut,third_party.torch-xpu-ops.test.xpu.test_ops_xpu.TestCompositeComplianceXPU,test_cow_input_jiterator_2inputs_2outputs_xpu_float32
op_ut,third_party.torch-xpu-ops.test.xpu.test_ops_xpu.TestCompositeComplianceXPU,test_cow_input_jiterator_4inputs_with_extra_args_xpu_float32
op_ut,third_party.torch-xpu-ops.test.xpu.test_ops_xpu.TestCompositeComplianceXPU,test_cow_input_jiterator_binary_return_by_ref_xpu_float32
op_ut,third_party.torch-xpu-ops.test.xpu.test_ops_xpu.TestCompositeComplianceXPU,test_cow_input_jiterator_binary_xpu_float32
op_ut,third_party.torch-xpu-ops.test.xpu.test_ops_xpu.TestCompositeComplianceXPU,test_cow_input_jiterator_unary_xpu_float32
~~op_ut,third_party.torch-xpu-ops.test.xpu.test_ops_xpu.TestCompositeComplianceXPU,test_cow_input_linalg_cholesky_ex_xpu_float32~~
~~op_ut,third_party.torch-xpu-ops.test.xpu.test_ops_xpu.TestCompositeComplianceXPU,test_cow_input_linalg_cholesky_xpu_float32~~
~~op_ut,third_party.torch-xpu-ops.test.xpu.test_ops_xpu.TestCompositeComplianceXPU,test_cow_input_linalg_householder_product_xpu_float32~~
~~op_ut,third_party.torch-xpu-ops.test.xpu.test_ops_xpu.TestCompositeComplianceXPU,test_cow_input_linalg_inv_ex_xpu_float32~~
~~op_ut,third_party.torch-xpu-ops.test.xpu.test_ops_xpu.TestCompositeComplianceXPU,test_cow_input_linalg_inv_xpu_float32~~
~~op_ut,third_party.torch-xpu-ops.test.xpu.test_ops_xpu.TestCompositeComplianceXPU,test_cow_input_linalg_lstsq_grad_oriented_xpu_float32~~
~~op_ut,third_party.torch-xpu-ops.test.xpu.test_ops_xpu.TestCompositeComplianceXPU,test_cow_input_linalg_lstsq_xpu_float32~~
~~op_ut,third_party.torch-xpu-ops.test.xpu.test_ops_xpu.TestCompositeComplianceXPU,test_cow_input_linalg_lu_factor_ex_xpu_float32~~
~~op_ut,third_party.torch-xpu-ops.test.xpu.test_ops_xpu.TestCompositeComplianceXPU,test_cow_input_linalg_lu_factor_xpu_float32~~
~~op_ut,third_party.torch-xpu-ops.test.xpu.test_ops_xpu.TestCompositeComplianceXPU,test_cow_input_linalg_lu_solve_xpu_float32~~
~~op_ut,third_party.torch-xpu-ops.test.xpu.test_ops_xpu.TestCompositeComplianceXPU,test_cow_input_linalg_lu_xpu_float32~~
~~op_ut,third_party.torch-xpu-ops.test.xpu.test_ops_xpu.TestCompositeComplianceXPU,test_cow_input_linalg_matrix_power_xpu_float32~~
~~op_ut,third_party.torch-xpu-ops.test.xpu.test_ops_xpu.TestCompositeComplianceXPU,test_cow_input_linalg_multi_dot_xpu_float32~~
~~op_ut,third_party.torch-xpu-ops.test.xpu.test_ops_xpu.TestCompositeComplianceXPU,test_cow_input_linalg_pinv_hermitian_xpu_float32~~
~~op_ut,third_party.torch-xpu-ops.test.xpu.test_ops_xpu.TestCompositeComplianceXPU,test_cow_input_linalg_pinv_singular_xpu_float32~~
~~op_ut,third_party.torch-xpu-ops.test.xpu.test_ops_xpu.TestCompositeComplianceXPU,test_cow_input_linalg_pinv_xpu_float32~~
~~op_ut,third_party.torch-xpu-ops.test.xpu.test_ops_xpu.TestCompositeComplianceXPU,test_cow_input_linalg_qr_xpu_float32~~
~~op_ut,third_party.torch-xpu-ops.test.xpu.test_ops_xpu.TestCompositeComplianceXPU,test_cow_input_linalg_svd_xpu_float32~~
~~op_ut,third_party.torch-xpu-ops.test.xpu.test_ops_xpu.TestCompositeComplianceXPU,test_cow_input_linalg_tensorinv_xpu_float32~~
~~op_ut,third_party.torch-xpu-ops.test.xpu.test_ops_xpu.TestCompositeComplianceXPU,test_cow_input_lu_solve_xpu_float32~~
~~op_ut,third_party.torch-xpu-ops.test.xpu.test_ops_xpu.TestCompositeComplianceXPU,test_cow_input_lu_xpu_float32~~
~~op_ut,third_party.torch-xpu-ops.test.xpu.test_ops_xpu.TestCompositeComplianceXPU,test_cow_input_matmul_xpu_float32~~
~~op_ut,third_party.torch-xpu-ops.test.xpu.test_ops_xpu.TestCompositeComplianceXPU,test_cow_input_mm_xpu_float32~~
~~op_ut,third_party.torch-xpu-ops.test.xpu.test_ops_xpu.TestCompositeComplianceXPU,test_cow_input_mv_xpu_float32~~
~~op_ut,third_party.torch-xpu-ops.test.xpu.test_ops_xpu.TestCompositeComplianceXPU,test_cow_input_nn_functional_bilinear_xpu_float32~~
op_ut,third_party.torch-xpu-ops.test.xpu.test_ops_xpu.TestCompositeComplianceXPU,test_cow_input_nn_functional_conv1d_xpu_float32
op_ut,third_party.torch-xpu-ops.test.xpu.test_ops_xpu.TestCompositeComplianceXPU,test_cow_input_nn_functional_conv2d_xpu_float32
op_ut,third_party.torch-xpu-ops.test.xpu.test_ops_xpu.TestCompositeComplianceXPU,test_cow_input_nn_functional_conv3d_xpu_float32
op_ut,third_party.torch-xpu-ops.test.xpu.test_ops_xpu.TestCompositeComplianceXPU,test_cow_input_nn_functional_conv_transpose1d_xpu_float32
op_ut,third_party.torch-xpu-ops.test.xpu.test_ops_xpu.TestCompositeComplianceXPU,test_cow_input_nn_functional_conv_transpose2d_xpu_float32
op_ut,third_party.torch-xpu-ops.test.xpu.test_ops_xpu.TestCompositeComplianceXPU,test_cow_input_nn_functional_conv_transpose3d_xpu_float32
~~op_ut,third_party.torch-xpu-ops.test.xpu.test_ops_xpu.TestCompositeComplianceXPU,test_cow_input_nn_functional_cross_entropy_xpu_float32~~
~~op_ut,third_party.torch-xpu-ops.test.xpu.test_ops_xpu.TestCompositeComplianceXPU,test_cow_input_nn_functional_linear_xpu_float32~~
~~op_ut,third_party.torch-xpu-ops.test.xpu.test_ops_xpu.TestCompositeComplianceXPU,test_cow_input_nn_functional_multi_head_attention_forward_xpu_float32~~
~~op_ut,third_party.torch-xpu-ops.test.xpu.test_ops_xpu.TestCompositeComplianceXPU,test_cow_input_nn_functional_scaled_dot_product_attention_xpu_float32~~
~~op_ut,third_party.torch-xpu-ops.test.xpu.test_ops_xpu.TestCompositeComplianceXPU,test_cow_input_ormqr_xpu_float32~~
~~op_ut,third_party.torch-xpu-ops.test.xpu.test_ops_xpu.TestCompositeComplianceXPU,test_cow_input_pca_lowrank_xpu_float32~~
~~op_ut,third_party.torch-xpu-ops.test.xpu.test_ops_xpu.TestCompositeComplianceXPU,test_cow_input_pinverse_xpu_float32~~
~~op_ut,third_party.torch-xpu-ops.test.xpu.test_ops_xpu.TestCompositeComplianceXPU,test_cow_input_qr_xpu_float32~~
~~op_ut,third_party.torch-xpu-ops.test.xpu.test_ops_xpu.TestCompositeComplianceXPU,test_cow_input_svd_lowrank_xpu_float32~~
~~op_ut,third_party.torch-xpu-ops.test.xpu.test_ops_xpu.TestCompositeComplianceXPU,test_cow_input_svd_xpu_float32~~
~~op_ut,third_party.torch-xpu-ops.test.xpu.test_ops_xpu.TestCompositeComplianceXPU,test_cow_input_tensordot_xpu_float32~~
~~op_ut,third_party.torch-xpu-ops.test.xpu.test_ops_xpu.TestCompositeComplianceXPU,test_cow_input_topk_xpu_float32~~
~~op_ut,third_party.torch-xpu-ops.test.xpu.functorch.test_ops_xpu.TestOperatorsXPU,test_vjp_nn_functional_conv_transpose2d_xpu_float32~~
~~op_ut,third_party.torch-xpu-ops.test.xpu.functorch.test_ops_xpu.TestOperatorsXPU,test_vjp_nn_functional_conv_transpose3d_xpu_float32~~
~~op_ut,third_party.torch-xpu-ops.test.xpu.functorch.test_ops_xpu.TestOperatorsXPU,test_vmapjvpall_has_batch_rule_nn_functional_conv_transpose2d_xpu_float32~~
~~op_ut,third_party.torch-xpu-ops.test.xpu.functorch.test_ops_xpu.TestOperatorsXPU,test_vmapjvpall_has_batch_rule_nn_functional_conv_transpose3d_xpu_float32~~
~~op_ut,third_party.torch-xpu-ops.test.xpu.functorch.test_ops_xpu.TestOperatorsXPU,test_grad_nn_functional_conv_transpose2d_xpu_float32~~
~~op_ut,third_party.torch-xpu-ops.test.xpu.functorch.test_ops_xpu.TestOperatorsXPU,test_grad_nn_functional_conv_transpose3d_xpu_float32~~
~~op_ut,third_party.torch-xpu-ops.test.xpu.functorch.test_ops_xpu.TestOperatorsXPU,test_jvpvjp_nn_functional_conv_transpose2d_xpu_float32~~
~~op_ut,third_party.torch-xpu-ops.test.xpu.functorch.test_ops_xpu.TestOperatorsXPU,test_jvpvjp_nn_functional_conv_transpose3d_xpu_float32~~
~~op_ut,third_party.torch-xpu-ops.test.xpu.functorch.test_ops_xpu.TestOperatorsXPU,test_vjpvmap_nn_functional_conv3d_xpu_float32~~
~~op_ut,third_party.torch-xpu-ops.test.xpu.functorch.test_ops_xpu.TestOperatorsXPU,test_vjpvmap_nn_functional_conv_transpose2d_xpu_float32~~
~~op_ut,third_party.torch-xpu-ops.test.xpu.functorch.test_ops_xpu.TestOperatorsXPU,test_vjpvmap_nn_functional_conv_transpose3d_xpu_float32~~
op_ut,third_party.torch-xpu-ops.test.xpu.functorch.test_ops_xpu.TestOperatorsXPU,test_vmapvjp_nn_functional_conv3d_xpu_float32
~~op_ut,third_party.torch-xpu-ops.test.xpu.functorch.test_ops_xpu.TestOperatorsXPU,test_vmapvjp_nn_functional_conv_transpose2d_xpu_float32~~
~~op_ut,third_party.torch-xpu-ops.test.xpu.functorch.test_ops_xpu.TestOperatorsXPU,test_vmapvjp_nn_functional_conv_transpose3d_xpu_float32~~
~~op_ut,third_party.torch-xpu-ops.test.xpu.functorch.test_ops_xpu.TestOperatorsXPU,test_vjpvjp_nn_functional_conv_transpose2d_xpu_float32~~
~~op_ut,third_party.torch-xpu-ops.test.xpu.functorch.test_ops_xpu.TestOperatorsXPU,test_vjpvjp_nn_functional_conv_transpose3d_xpu_float32~~
~~op_ut,third_party.torch-xpu-ops.test.xpu.functorch.test_ops_xpu.TestOperatorsXPU,test_jvp_nn_functional_conv_transpose2d_xpu_float32~~
~~op_ut,third_party.torch-xpu-ops.test.xpu.functorch.test_ops_xpu.TestOperatorsXPU,test_jvp_nn_functional_conv_transpose3d_xpu_float32~~
~~op_ut,third_party.torch-xpu-ops.test.xpu.functorch.test_ops_xpu.TestOperatorsXPU,test_vmapjvpall_nn_functional_conv_transpose2d_xpu_float32~~
~~op_ut,third_party.torch-xpu-ops.test.xpu.functorch.test_ops_xpu.TestOperatorsXPU,test_vmapjvpall_nn_functional_conv_transpose3d_xpu_float32~~
op_ut,third_party.torch-xpu-ops.test.xpu.functorch.test_ops_xpu.TestOperatorsXPU,test_vmapjvpvjp_nn_functional_conv3d_xpu_float32
~~op_ut,third_party.torch-xpu-ops.test.xpu.functorch.test_ops_xpu.TestOperatorsXPU,test_vmapvjp_has_batch_rule_nn_functional_conv_transpose2d_xpu_float32~~
~~op_ut,third_party.torch-xpu-ops.test.xpu.functorch.test_ops_xpu.TestOperatorsXPU,test_vmapvjp_has_batch_rule_nn_functional_conv_transpose3d_xpu_float32~~
~~op_ut,third_party.torch-xpu-ops.test.xpu.functorch.test_ops_xpu.TestOperatorsXPU,test_vmapjvpvjp_nn_functional_conv_transpose2d_xpu_float32~~
~~op_ut,third_party.torch-xpu-ops.test.xpu.functorch.test_ops_xpu.TestOperatorsXPU,test_vmapjvpvjp_nn_functional_conv_transpose3d_xpu_float32~~
op_ut,third_party.torch-xpu-ops.test.xpu.functorch.test_ops_xpu.TestOperatorsXPU,test_vmapvjpvjp_nn_functional_conv3d_xpu_float32
~~op_ut,third_party.torch-xpu-ops.test.xpu.functorch.test_ops_xpu.TestOperatorsXPU,test_vmapvjpvjp_nn_functional_conv_transpose2d_xpu_float32~~
~~op_ut,third_party.torch-xpu-ops.test.xpu.functorch.test_ops_xpu.TestOperatorsXPU,test_vmapvjpvjp_nn_functional_conv_transpose3d_xpu_float32~~
~~op_ut,third_party.torch-xpu-ops.test.xpu.functorch.test_ops_xpu.TestOperatorsXPU,test_vmapjvpall_nn_functional_conv_transpose2d_xpu_float32~~
op_ut,third_party.torch-xpu-ops.test.xpu.test_sparse_csr_xpu.TestSparseCompressedCPU,test_invalid_input_SparseBSC_target_sparse_compressed_tensor_cpu
op_ut,third_party.torch-xpu-ops.test.xpu.test_sparse_csr_xpu.TestSparseCompressedCPU,test_invalid_input_SparseBSC_target_sparse_compressed_tensor_no_size_cpu
op_ut,third_party.torch-xpu-ops.test.xpu.test_sparse_csr_xpu.TestSparseCompressedCPU,test_invalid_input_SparseBSC_target_validate_sparse_compressed_tensor_args_cpu
op_ut,third_party.torch-xpu-ops.test.xpu.test_sparse_csr_xpu.TestSparseCompressedCPU,test_invalid_input_SparseBSR_target_sparse_compressed_tensor_cpu
op_ut,third_party.torch-xpu-ops.test.xpu.test_sparse_csr_xpu.TestSparseCompressedCPU,test_invalid_input_SparseBSR_target_sparse_compressed_tensor_no_size_cpu
op_ut,third_party.torch-xpu-ops.test.xpu.test_sparse_csr_xpu.TestSparseCompressedCPU,test_invalid_input_SparseBSR_target_validate_sparse_compressed_tensor_args_cpu
op_ut,third_party.torch-xpu-ops.test.xpu.test_sparse_csr_xpu.TestSparseCompressedCPU,test_invalid_input_SparseCSC_target_sparse_compressed_tensor_cpu
op_ut,third_party.torch-xpu-ops.test.xpu.test_sparse_csr_xpu.TestSparseCompressedCPU,test_invalid_input_SparseCSC_target_sparse_compressed_tensor_no_size_cpu
op_ut,third_party.torch-xpu-ops.test.xpu.test_sparse_csr_xpu.TestSparseCompressedCPU,test_invalid_input_SparseCSC_target_validate_sparse_compressed_tensor_args_cpu
op_ut,third_party.torch-xpu-ops.test.xpu.test_sparse_csr_xpu.TestSparseCompressedCPU,test_invalid_input_SparseCSR_target_sparse_compressed_tensor_cpu
op_ut,third_party.torch-xpu-ops.test.xpu.test_sparse_csr_xpu.TestSparseCompressedCPU,test_invalid_input_SparseCSR_target_sparse_compressed_tensor_no_size_cpu
op_ut,third_party.torch-xpu-ops.test.xpu.test_sparse_csr_xpu.TestSparseCompressedCPU,test_invalid_input_SparseCSR_target_validate_sparse_compressed_tensor_args_cpu
~~op_ut,third_party.torch-xpu-ops.test.xpu.test_sparse_csr_xpu.TestSparseCompressedXPU,test_invalid_input_SparseBSC_target_sparse_compressed_tensor_xpu~~
~~op_ut,third_party.torch-xpu-ops.test.xpu.test_sparse_csr_xpu.TestSparseCompressedXPU,test_invalid_input_SparseBSC_target_sparse_compressed_tensor_no_size_xpu~~
~~op_ut,third_party.torch-xpu-ops.test.xpu.test_sparse_csr_xpu.TestSparseCompressedXPU,test_invalid_input_SparseBSC_target_validate_sparse_compressed_tensor_args_xpu~~
~~op_ut,third_party.torch-xpu-ops.test.xpu.test_sparse_csr_xpu.TestSparseCompressedXPU,test_invalid_input_SparseBSR_target_sparse_compressed_tensor_xpu~~
~~op_ut,third_party.torch-xpu-ops.test.xpu.test_sparse_csr_xpu.TestSparseCompressedXPU,test_invalid_input_SparseBSR_target_sparse_compressed_tensor_no_size_xpu~~
~~op_ut,third_party.torch-xpu-ops.test.xpu.test_sparse_csr_xpu.TestSparseCompressedXPU,test_invalid_input_SparseBSR_target_validate_sparse_compressed_tensor_args_xpu~~
~~op_ut,third_party.torch-xpu-ops.test.xpu.test_sparse_csr_xpu.TestSparseCompressedXPU,test_invalid_input_SparseCSC_target_sparse_compressed_tensor_xpu~~
~~op_ut,third_party.torch-xpu-ops.test.xpu.test_sparse_csr_xpu.TestSparseCompressedXPU,test_invalid_input_SparseCSC_target_sparse_compressed_tensor_no_size_xpu~~
~~op_ut,third_party.torch-xpu-ops.test.xpu.test_sparse_csr_xpu.TestSparseCompressedXPU,test_invalid_input_SparseCSC_target_validate_sparse_compressed_tensor_args_xpu~~
~~op_ut,third_party.torch-xpu-ops.test.xpu.test_sparse_csr_xpu.TestSparseCompressedXPU,test_invalid_input_SparseCSR_target_sparse_compressed_tensor_xpu~~
~~op_ut,third_party.torch-xpu-ops.test.xpu.test_sparse_csr_xpu.TestSparseCompressedXPU,test_invalid_input_SparseCSR_target_sparse_compressed_tensor_no_size_xpu~~
~~op_ut,third_party.torch-xpu-ops.test.xpu.test_sparse_csr_xpu.TestSparseCompressedXPU,test_invalid_input_SparseCSR_target_validate_sparse_compressed_tensor_args_xpu~~
op_ut,third_party.torch-xpu-ops.test.xpu.test_native_mha_xpu.TestMHADeviceTypeXPU,test_transform_bias_rescale_qkv_nested_xpu_float32
~~op_ut,third_party.torch-xpu-ops.test.xpu.test_binary_ufuncs_xpu.TestBinaryUfuncsXPU,test_pow_cuda_complex_extremal_passing_xpu_complex128~~
~~op_ut,third_party.torch-xpu-ops.test.xpu.test_binary_ufuncs_xpu.TestBinaryUfuncsXPU,test_pow_cuda_complex_extremal_passing_xpu_complex64~~
~~op_ut,third_party.torch-xpu-ops.test.xpu.test_reductions_xpu.TestReductionsXPU,test_reductions_large_half_tensors_xpu_complex32~~
~~op_ut,third_party.torch-xpu-ops.test.xpu.test_reductions_xpu.TestReductionsXPU,test_reductions_large_half_tensors_xpu_float16~~
op_ut,third_party.torch-xpu-ops.test.xpu.nn.test_convolution_xpu.TestConvolutionNNDeviceTypeXPU,test_depthwise_conv_64bit_indexing_xpu
op_ut,third_party.torch-xpu-ops.test.xpu.test_indexing_xpu.TestIndexingXPU,test_index_put_non_accumulate_deterministic_xpu
~~op_ut,third_party.torch-xpu-ops.test.xpu.test_linalg_xpu.TestLinalgXPU,test_matmul_mv_xpu_float32~~
op_ut,third_party.torch-xpu-ops.test.xpu.test_optim_xpu.TestOptimRenewedXPU,test_state_dict_with_cuda_params_Muon_xpu_float32
op_ut,third_party.torch-xpu-ops.test.xpu.test_indexing_xpu.TestIndexingXPU,test_index_copy_deterministic_xpu
op_ut,third_party.torch-xpu-ops.test.xpu.test_ops_xpu.TestCommonXPU,test_out_triangular_solve_xpu_float32
~~op_ut,third_party.torch-xpu-ops.test.xpu.test_ops_xpu.TestCommonXPU,test_out_addmv_xpu_float32~~
op_ut,third_party.torch-xpu-ops.test.xpu.test_ops_xpu.TestCommonXPU,test_out_cholesky_inverse_xpu_float32
op_ut,third_party.torch-xpu-ops.test.xpu.test_ops_xpu.TestCommonXPU,test_out_geqrf_xpu_float32
~~op_ut,third_party.torch-xpu-ops.test.xpu.test_ops_xpu.TestCommonXPU,test_out_histc_xpu_float32~~
~~op_ut,third_party.torch-xpu-ops.test.xpu.test_ops_xpu.TestCommonXPU,test_out_mv_xpu_float32~~
op_ut,third_party.torch-xpu-ops.test.xpu.test_ops_xpu.TestCommonXPU,test_out_narrow_copy_xpu_float32
op_ut,third_party.torch-xpu-ops.test.xpu.test_ops_xpu.TestCommonXPU,test_out_ormqr_xpu_float32
~~op_ut,third_party.torch-xpu-ops.test.xpu.test_ops_xpu.TestCommonXPU,test_out__native_batch_norm_legit_xpu_float32~~
op_ut,third_party.torch-xpu-ops.test.xpu.test_decomp_xpu.TestDecompXPU,test_quick_core_backward_logaddexp_xpu_float64
