| op_ut | third_party.torch-xpu-ops.test.xpu.dynamo.test_compiler_bisector_xpu.TestCompilerBisector | test_pre_grad | failed | AssertionError: Scalars are not equal! | XML |
| op_ut | third_party.torch-xpu-ops.test.xpu.dynamo.test_functions_xpu.FunctionTests | test_get_device_properties_tensor_device | failed | AttributeError: 'torch._C._XpuDeviceProperties' object has no attribute 'max_threads_per_multi_processor' | XML |
| op_ut | third_party.torch-xpu-ops.test.xpu.dynamo.test_compiler_bisector_xpu.TestCompilerBisector | test_pre_grad | failed | AssertionError: Scalars are not equal! | XML |
| op_ut | third_party.torch-xpu-ops.test.xpu.dynamo.test_functions_xpu.DefaultsTests | test_zip_strict | failed | torch._dynamo.exc.Unsupported: Observed exception | XML |
| op_ut | third_party.torch-xpu-ops.test.xpu.dynamo.test_misc_xpu.MiscTests | test_debugmode_warns_outside_ci | failed | AssertionError: String comparison failed: 'myli[463 chars]cated and will become an error in a future version of PyTorch.' != 'myli[463 chars]cated and will become an error in PyTorch 2.12.' | XML |
| op_ut | third_party.torch-xpu-ops.test.xpu.export.test_converter_xpu.TestConverter | test_aten___getitem___dict | failed | OSError: /tmp/xpu-tool/Python/3.10.20/x64/lib/python3.10/site-packages/torch/build/lib/libtorchbind_test.so: cannot open shared object file: No such file or directory ; OSError: Could not load this library: /tmp/xpu-tool/Python/3.10.20/x64/lib/python3.10/site-packages/torch/build/lib/libtorchbind_test.so | XML |
| op_ut | third_party.torch-xpu-ops.test.xpu.export.test_converter_xpu.TestConverter | test_aten_tensor_prim_dtype | failed | OSError: /tmp/xpu-tool/Python/3.10.20/x64/lib/python3.10/site-packages/torch/build/lib/libtorchbind_test.so: cannot open shared object file: No such file or directory ; OSError: Could not load this library: /tmp/xpu-tool/Python/3.10.20/x64/lib/python3.10/site-packages/torch/build/lib/libtorchbind_test.so | XML |
| op_ut | third_party.torch-xpu-ops.test.xpu.export.test_converter_xpu.TestConverter | test_aten_append_t | failed | OSError: /tmp/xpu-tool/Python/3.10.20/x64/lib/python3.10/site-packages/torch/build/lib/libtorchbind_test.so: cannot open shared object file: No such file or directory ; OSError: Could not load this library: /tmp/xpu-tool/Python/3.10.20/x64/lib/python3.10/site-packages/torch/build/lib/libtorchbind_test.so | XML |
| op_ut | third_party.torch-xpu-ops.test.xpu.export.test_converter_xpu.TestConverter | test_convert_if_multiple_out | failed | OSError: /tmp/xpu-tool/Python/3.10.20/x64/lib/python3.10/site-packages/torch/build/lib/libtorchbind_test.so: cannot open shared object file: No such file or directory ; OSError: Could not load this library: /tmp/xpu-tool/Python/3.10.20/x64/lib/python3.10/site-packages/torch/build/lib/libtorchbind_test.so | XML |
| op_ut | third_party.torch-xpu-ops.test.xpu.export.test_converter_xpu.TestConverter | test_aten___getitem___list | failed | OSError: /tmp/xpu-tool/Python/3.10.20/x64/lib/python3.10/site-packages/torch/build/lib/libtorchbind_test.so: cannot open shared object file: No such file or directory ; OSError: Could not load this library: /tmp/xpu-tool/Python/3.10.20/x64/lib/python3.10/site-packages/torch/build/lib/libtorchbind_test.so | XML |
| op_ut | third_party.torch-xpu-ops.test.xpu.export.test_converter_xpu.TestConverter | test_aten_dim | failed | OSError: /tmp/xpu-tool/Python/3.10.20/x64/lib/python3.10/site-packages/torch/build/lib/libtorchbind_test.so: cannot open shared object file: No such file or directory ; OSError: Could not load this library: /tmp/xpu-tool/Python/3.10.20/x64/lib/python3.10/site-packages/torch/build/lib/libtorchbind_test.so | XML |
| op_ut | third_party.torch-xpu-ops.test.xpu.export.test_converter_xpu.TestConverter | test_aten_to_dtype_with_mutating_storage | failed | OSError: /tmp/xpu-tool/Python/3.10.20/x64/lib/python3.10/site-packages/torch/build/lib/libtorchbind_test.so: cannot open shared object file: No such file or directory ; OSError: Could not load this library: /tmp/xpu-tool/Python/3.10.20/x64/lib/python3.10/site-packages/torch/build/lib/libtorchbind_test.so | XML |
| op_ut | third_party.torch-xpu-ops.test.xpu.export.test_converter_xpu.TestConverter | test_convert_if_tuple_out | failed | OSError: /tmp/xpu-tool/Python/3.10.20/x64/lib/python3.10/site-packages/torch/build/lib/libtorchbind_test.so: cannot open shared object file: No such file or directory ; OSError: Could not load this library: /tmp/xpu-tool/Python/3.10.20/x64/lib/python3.10/site-packages/torch/build/lib/libtorchbind_test.so | XML |
| op_ut | third_party.torch-xpu-ops.test.xpu.export.test_converter_xpu.TestConverter | test_context_manager | failed | OSError: /tmp/xpu-tool/Python/3.10.20/x64/lib/python3.10/site-packages/torch/build/lib/libtorchbind_test.so: cannot open shared object file: No such file or directory ; OSError: Could not load this library: /tmp/xpu-tool/Python/3.10.20/x64/lib/python3.10/site-packages/torch/build/lib/libtorchbind_test.so | XML |
| op_ut | third_party.torch-xpu-ops.test.xpu.export.test_converter_xpu.TestConverter | test_aten_floordiv | failed | OSError: /tmp/xpu-tool/Python/3.10.20/x64/lib/python3.10/site-packages/torch/build/lib/libtorchbind_test.so: cannot open shared object file: No such file or directory ; OSError: Could not load this library: /tmp/xpu-tool/Python/3.10.20/x64/lib/python3.10/site-packages/torch/build/lib/libtorchbind_test.so | XML |
| op_ut | third_party.torch-xpu-ops.test.xpu.export.test_converter_xpu.TestConverter | test_convert_nn_module_with_nested_buffer | failed | OSError: /tmp/xpu-tool/Python/3.10.20/x64/lib/python3.10/site-packages/torch/build/lib/libtorchbind_test.so: cannot open shared object file: No such file or directory ; OSError: Could not load this library: /tmp/xpu-tool/Python/3.10.20/x64/lib/python3.10/site-packages/torch/build/lib/libtorchbind_test.so | XML |
| op_ut | third_party.torch-xpu-ops.test.xpu.export.test_converter_xpu.TestConverter | test_aten___is__ | failed | OSError: /tmp/xpu-tool/Python/3.10.20/x64/lib/python3.10/site-packages/torch/build/lib/libtorchbind_test.so: cannot open shared object file: No such file or directory ; OSError: Could not load this library: /tmp/xpu-tool/Python/3.10.20/x64/lib/python3.10/site-packages/torch/build/lib/libtorchbind_test.so | XML |
| op_ut | third_party.torch-xpu-ops.test.xpu.export.test_converter_xpu.TestConverter | test_convert_retrace_nested_scripted_modules | failed | OSError: /tmp/xpu-tool/Python/3.10.20/x64/lib/python3.10/site-packages/torch/build/lib/libtorchbind_test.so: cannot open shared object file: No such file or directory ; OSError: Could not load this library: /tmp/xpu-tool/Python/3.10.20/x64/lib/python3.10/site-packages/torch/build/lib/libtorchbind_test.so | XML |
| op_ut | third_party.torch-xpu-ops.test.xpu.export.test_converter_xpu.TestConverter | test_prim_device | failed | OSError: /tmp/xpu-tool/Python/3.10.20/x64/lib/python3.10/site-packages/torch/build/lib/libtorchbind_test.so: cannot open shared object file: No such file or directory ; OSError: Could not load this library: /tmp/xpu-tool/Python/3.10.20/x64/lib/python3.10/site-packages/torch/build/lib/libtorchbind_test.so | XML |
| op_ut | third_party.torch-xpu-ops.test.xpu.export.test_converter_xpu.TestConverter | test_prim_device_cuda | failed | OSError: /tmp/xpu-tool/Python/3.10.20/x64/lib/python3.10/site-packages/torch/build/lib/libtorchbind_test.so: cannot open shared object file: No such file or directory ; OSError: Could not load this library: /tmp/xpu-tool/Python/3.10.20/x64/lib/python3.10/site-packages/torch/build/lib/libtorchbind_test.so | XML |
| op_ut | third_party.torch-xpu-ops.test.xpu.export.test_converter_xpu.TestConverter | test_profiler__record_function | failed | OSError: /tmp/xpu-tool/Python/3.10.20/x64/lib/python3.10/site-packages/torch/build/lib/libtorchbind_test.so: cannot open shared object file: No such file or directory ; OSError: Could not load this library: /tmp/xpu-tool/Python/3.10.20/x64/lib/python3.10/site-packages/torch/build/lib/libtorchbind_test.so | XML |
| op_ut | third_party.torch-xpu-ops.test.xpu.export.test_converter_xpu.TestConverter | test_ts2ep_converter_container_output | failed | OSError: /tmp/xpu-tool/Python/3.10.20/x64/lib/python3.10/site-packages/torch/build/lib/libtorchbind_test.so: cannot open shared object file: No such file or directory ; OSError: Could not load this library: /tmp/xpu-tool/Python/3.10.20/x64/lib/python3.10/site-packages/torch/build/lib/libtorchbind_test.so | XML |
| op_ut | third_party.torch-xpu-ops.test.xpu.export.test_converter_xpu.TestConverter | test_convert_script_object | failed | OSError: /tmp/xpu-tool/Python/3.10.20/x64/lib/python3.10/site-packages/torch/build/lib/libtorchbind_test.so: cannot open shared object file: No such file or directory ; OSError: Could not load this library: /tmp/xpu-tool/Python/3.10.20/x64/lib/python3.10/site-packages/torch/build/lib/libtorchbind_test.so | XML |
| op_ut | third_party.torch-xpu-ops.test.xpu.export.test_converter_xpu.TestConverter | test_prim_device_cuda | failed | OSError: /tmp/xpu-tool/Python/3.10.20/x64/lib/python3.10/site-packages/torch/build/lib/libtorchbind_test.so: cannot open shared object file: No such file or directory ; OSError: Could not load this library: /tmp/xpu-tool/Python/3.10.20/x64/lib/python3.10/site-packages/torch/build/lib/libtorchbind_test.so | XML |
| op_ut | third_party.torch-xpu-ops.test.xpu.export.test_converter_xpu.TestConverter | test_raise_exception | failed | OSError: /tmp/xpu-tool/Python/3.10.20/x64/lib/python3.10/site-packages/torch/build/lib/libtorchbind_test.so: cannot open shared object file: No such file or directory ; OSError: Could not load this library: /tmp/xpu-tool/Python/3.10.20/x64/lib/python3.10/site-packages/torch/build/lib/libtorchbind_test.so | XML |
| op_ut | third_party.torch-xpu-ops.test.xpu.export.test_converter_xpu.TestConverter | test_ts2ep_converter_contains | failed | OSError: /tmp/xpu-tool/Python/3.10.20/x64/lib/python3.10/site-packages/torch/build/lib/libtorchbind_test.so: cannot open shared object file: No such file or directory ; OSError: Could not load this library: /tmp/xpu-tool/Python/3.10.20/x64/lib/python3.10/site-packages/torch/build/lib/libtorchbind_test.so | XML |
| op_ut | third_party.torch-xpu-ops.test.xpu.export.test_converter_xpu.TestConverter | test_convert_func_without_param | failed | OSError: /tmp/xpu-tool/Python/3.10.20/x64/lib/python3.10/site-packages/torch/build/lib/libtorchbind_test.so: cannot open shared object file: No such file or directory ; OSError: Could not load this library: /tmp/xpu-tool/Python/3.10.20/x64/lib/python3.10/site-packages/torch/build/lib/libtorchbind_test.so | XML |
| op_ut | third_party.torch-xpu-ops.test.xpu.export.test_converter_xpu.TestConverter | test_aten___isnot__ | failed | OSError: /tmp/xpu-tool/Python/3.10.20/x64/lib/python3.10/site-packages/torch/build/lib/libtorchbind_test.so: cannot open shared object file: No such file or directory ; OSError: Could not load this library: /tmp/xpu-tool/Python/3.10.20/x64/lib/python3.10/site-packages/torch/build/lib/libtorchbind_test.so | XML |
| op_ut | third_party.torch-xpu-ops.test.xpu.export.test_converter_xpu.TestConverter | test_aten_len | failed | OSError: /tmp/xpu-tool/Python/3.10.20/x64/lib/python3.10/site-packages/torch/build/lib/libtorchbind_test.so: cannot open shared object file: No such file or directory ; OSError: Could not load this library: /tmp/xpu-tool/Python/3.10.20/x64/lib/python3.10/site-packages/torch/build/lib/libtorchbind_test.so | XML |
| op_ut | third_party.torch-xpu-ops.test.xpu.export.test_converter_xpu.TestConverter | test_convert_nn_module_with_nested_if_and_buffer | failed | OSError: /tmp/xpu-tool/Python/3.10.20/x64/lib/python3.10/site-packages/torch/build/lib/libtorchbind_test.so: cannot open shared object file: No such file or directory ; OSError: Could not load this library: /tmp/xpu-tool/Python/3.10.20/x64/lib/python3.10/site-packages/torch/build/lib/libtorchbind_test.so | XML |
| op_ut | third_party.torch-xpu-ops.test.xpu.export.test_converter_xpu.TestConverter | test_get_tensor_constants | failed | OSError: /tmp/xpu-tool/Python/3.10.20/x64/lib/python3.10/site-packages/torch/build/lib/libtorchbind_test.so: cannot open shared object file: No such file or directory ; OSError: Could not load this library: /tmp/xpu-tool/Python/3.10.20/x64/lib/python3.10/site-packages/torch/build/lib/libtorchbind_test.so | XML |
| op_ut | third_party.torch-xpu-ops.test.xpu.export.test_converter_xpu.TestConverter | test_prim_dtype | failed | OSError: /tmp/xpu-tool/Python/3.10.20/x64/lib/python3.10/site-packages/torch/build/lib/libtorchbind_test.so: cannot open shared object file: No such file or directory ; OSError: Could not load this library: /tmp/xpu-tool/Python/3.10.20/x64/lib/python3.10/site-packages/torch/build/lib/libtorchbind_test.so | XML |
| op_ut | third_party.torch-xpu-ops.test.xpu.export.test_converter_xpu.TestConverter | test_ts2ep_convert_quantized_model1 | failed | OSError: /tmp/xpu-tool/Python/3.10.20/x64/lib/python3.10/site-packages/torch/build/lib/libtorchbind_test.so: cannot open shared object file: No such file or directory ; OSError: Could not load this library: /tmp/xpu-tool/Python/3.10.20/x64/lib/python3.10/site-packages/torch/build/lib/libtorchbind_test.so | XML |
| op_ut | third_party.torch-xpu-ops.test.xpu.export.test_converter_xpu.TestConverter | test_ts2ep_converter_custom_op | failed | OSError: /tmp/xpu-tool/Python/3.10.20/x64/lib/python3.10/site-packages/torch/build/lib/libtorchbind_test.so: cannot open shared object file: No such file or directory ; OSError: Could not load this library: /tmp/xpu-tool/Python/3.10.20/x64/lib/python3.10/site-packages/torch/build/lib/libtorchbind_test.so | XML |
| op_ut | third_party.torch-xpu-ops.test.xpu.export.test_converter_xpu.TestConverter | test_convert_if_basic | failed | OSError: /tmp/xpu-tool/Python/3.10.20/x64/lib/python3.10/site-packages/torch/build/lib/libtorchbind_test.so: cannot open shared object file: No such file or directory ; OSError: Could not load this library: /tmp/xpu-tool/Python/3.10.20/x64/lib/python3.10/site-packages/torch/build/lib/libtorchbind_test.so | XML |
| op_ut | third_party.torch-xpu-ops.test.xpu.export.test_converter_xpu.TestConverter | test_aten___not__ | failed | OSError: /tmp/xpu-tool/Python/3.10.20/x64/lib/python3.10/site-packages/torch/build/lib/libtorchbind_test.so: cannot open shared object file: No such file or directory ; OSError: Could not load this library: /tmp/xpu-tool/Python/3.10.20/x64/lib/python3.10/site-packages/torch/build/lib/libtorchbind_test.so | XML |
| op_ut | third_party.torch-xpu-ops.test.xpu.export.test_converter_xpu.TestConverter | test_convert_nn_module_with_nested_if_and_param | failed | OSError: /tmp/xpu-tool/Python/3.10.20/x64/lib/python3.10/site-packages/torch/build/lib/libtorchbind_test.so: cannot open shared object file: No such file or directory ; OSError: Could not load this library: /tmp/xpu-tool/Python/3.10.20/x64/lib/python3.10/site-packages/torch/build/lib/libtorchbind_test.so | XML |
| op_ut | third_party.torch-xpu-ops.test.xpu.export.test_converter_xpu.TestConverter | test_aten_tensor_dtype_int | failed | OSError: /tmp/xpu-tool/Python/3.10.20/x64/lib/python3.10/site-packages/torch/build/lib/libtorchbind_test.so: cannot open shared object file: No such file or directory ; OSError: Could not load this library: /tmp/xpu-tool/Python/3.10.20/x64/lib/python3.10/site-packages/torch/build/lib/libtorchbind_test.so | XML |
| op_ut | third_party.torch-xpu-ops.test.xpu.export.test_converter_xpu.TestConverter | test_hidden_input_name | failed | OSError: /tmp/xpu-tool/Python/3.10.20/x64/lib/python3.10/site-packages/torch/build/lib/libtorchbind_test.so: cannot open shared object file: No such file or directory ; OSError: Could not load this library: /tmp/xpu-tool/Python/3.10.20/x64/lib/python3.10/site-packages/torch/build/lib/libtorchbind_test.so | XML |
| op_ut | third_party.torch-xpu-ops.test.xpu.export.test_converter_xpu.TestConverter | test_prim_max | failed | OSError: /tmp/xpu-tool/Python/3.10.20/x64/lib/python3.10/site-packages/torch/build/lib/libtorchbind_test.so: cannot open shared object file: No such file or directory ; OSError: Could not load this library: /tmp/xpu-tool/Python/3.10.20/x64/lib/python3.10/site-packages/torch/build/lib/libtorchbind_test.so | XML |
| op_ut | third_party.torch-xpu-ops.test.xpu.export.test_converter_xpu.TestConverter | test_ts2ep_convert_quantized_model_with_opcontext | failed | OSError: /tmp/xpu-tool/Python/3.10.20/x64/lib/python3.10/site-packages/torch/build/lib/libtorchbind_test.so: cannot open shared object file: No such file or directory ; OSError: Could not load this library: /tmp/xpu-tool/Python/3.10.20/x64/lib/python3.10/site-packages/torch/build/lib/libtorchbind_test.so | XML |
| op_ut | third_party.torch-xpu-ops.test.xpu.export.test_converter_xpu.TestConverter | test_ts2ep_convert_quantized_model_with_opcontext_and_constant | failed | OSError: /tmp/xpu-tool/Python/3.10.20/x64/lib/python3.10/site-packages/torch/build/lib/libtorchbind_test.so: cannot open shared object file: No such file or directory ; OSError: Could not load this library: /tmp/xpu-tool/Python/3.10.20/x64/lib/python3.10/site-packages/torch/build/lib/libtorchbind_test.so | XML |
| op_ut | third_party.torch-xpu-ops.test.xpu.export.test_converter_xpu.TestConverter | test_ts2ep_converter_unpack | failed | OSError: /tmp/xpu-tool/Python/3.10.20/x64/lib/python3.10/site-packages/torch/build/lib/libtorchbind_test.so: cannot open shared object file: No such file or directory ; OSError: Could not load this library: /tmp/xpu-tool/Python/3.10.20/x64/lib/python3.10/site-packages/torch/build/lib/libtorchbind_test.so | XML |
| op_ut | third_party.torch-xpu-ops.test.xpu.export.test_converter_xpu.TestConverter | test_convert_if_duplicate_attr_names | failed | OSError: /tmp/xpu-tool/Python/3.10.20/x64/lib/python3.10/site-packages/torch/build/lib/libtorchbind_test.so: cannot open shared object file: No such file or directory ; OSError: Could not load this library: /tmp/xpu-tool/Python/3.10.20/x64/lib/python3.10/site-packages/torch/build/lib/libtorchbind_test.so | XML |
| op_ut | third_party.torch-xpu-ops.test.xpu.export.test_converter_xpu.TestConverter | test_aten_add_t | failed | OSError: /tmp/xpu-tool/Python/3.10.20/x64/lib/python3.10/site-packages/torch/build/lib/libtorchbind_test.so: cannot open shared object file: No such file or directory ; OSError: Could not load this library: /tmp/xpu-tool/Python/3.10.20/x64/lib/python3.10/site-packages/torch/build/lib/libtorchbind_test.so | XML |
| op_ut | third_party.torch-xpu-ops.test.xpu.export.test_converter_xpu.TestConverter | test_aten_tensor_dynamic | failed | OSError: /tmp/xpu-tool/Python/3.10.20/x64/lib/python3.10/site-packages/torch/build/lib/libtorchbind_test.so: cannot open shared object file: No such file or directory ; OSError: Could not load this library: /tmp/xpu-tool/Python/3.10.20/x64/lib/python3.10/site-packages/torch/build/lib/libtorchbind_test.so | XML |
| op_ut | third_party.torch-xpu-ops.test.xpu.export.test_converter_xpu.TestConverter | test_convert_nn_module_with_nested_param | failed | OSError: /tmp/xpu-tool/Python/3.10.20/x64/lib/python3.10/site-packages/torch/build/lib/libtorchbind_test.so: cannot open shared object file: No such file or directory ; OSError: Could not load this library: /tmp/xpu-tool/Python/3.10.20/x64/lib/python3.10/site-packages/torch/build/lib/libtorchbind_test.so | XML |
| op_ut | third_party.torch-xpu-ops.test.xpu.export.test_converter_xpu.TestConverter | test_prim_min | failed | OSError: /tmp/xpu-tool/Python/3.10.20/x64/lib/python3.10/site-packages/torch/build/lib/libtorchbind_test.so: cannot open shared object file: No such file or directory ; OSError: Could not load this library: /tmp/xpu-tool/Python/3.10.20/x64/lib/python3.10/site-packages/torch/build/lib/libtorchbind_test.so | XML |
| op_ut | third_party.torch-xpu-ops.test.xpu.export.test_converter_xpu.TestConverter | test_ts2ep_convert_quantized_model_with_opcontext_and_constant | failed | OSError: /tmp/xpu-tool/Python/3.10.20/x64/lib/python3.10/site-packages/torch/build/lib/libtorchbind_test.so: cannot open shared object file: No such file or directory ; OSError: Could not load this library: /tmp/xpu-tool/Python/3.10.20/x64/lib/python3.10/site-packages/torch/build/lib/libtorchbind_test.so | XML |
| op_ut | third_party.torch-xpu-ops.test.xpu.export.test_converter_xpu.TestConverter | test_implicit_constant_to_tensor_handling | failed | OSError: /tmp/xpu-tool/Python/3.10.20/x64/lib/python3.10/site-packages/torch/build/lib/libtorchbind_test.so: cannot open shared object file: No such file or directory ; OSError: Could not load this library: /tmp/xpu-tool/Python/3.10.20/x64/lib/python3.10/site-packages/torch/build/lib/libtorchbind_test.so | XML |
| op_ut | third_party.torch-xpu-ops.test.xpu.export.test_converter_xpu.TestConverter | test_ts2ep_multi_outputs_on_call_ops | failed | OSError: /tmp/xpu-tool/Python/3.10.20/x64/lib/python3.10/site-packages/torch/build/lib/libtorchbind_test.so: cannot open shared object file: No such file or directory ; OSError: Could not load this library: /tmp/xpu-tool/Python/3.10.20/x64/lib/python3.10/site-packages/torch/build/lib/libtorchbind_test.so | XML |
| op_ut | third_party.torch-xpu-ops.test.xpu.export.test_converter_xpu.TestConverter | test_prim_SetAttr | failed | OSError: /tmp/xpu-tool/Python/3.10.20/x64/lib/python3.10/site-packages/torch/build/lib/libtorchbind_test.so: cannot open shared object file: No such file or directory ; OSError: Could not load this library: /tmp/xpu-tool/Python/3.10.20/x64/lib/python3.10/site-packages/torch/build/lib/libtorchbind_test.so | XML |
| op_ut | third_party.torch-xpu-ops.test.xpu.export.test_converter_xpu.TestConverter | test_prim_tolist | failed | OSError: /tmp/xpu-tool/Python/3.10.20/x64/lib/python3.10/site-packages/torch/build/lib/libtorchbind_test.so: cannot open shared object file: No such file or directory ; OSError: Could not load this library: /tmp/xpu-tool/Python/3.10.20/x64/lib/python3.10/site-packages/torch/build/lib/libtorchbind_test.so | XML |
| op_ut | third_party.torch-xpu-ops.test.xpu.export.test_converter_xpu.TestConverter | test_ts2ep_converter_basic | failed | OSError: /tmp/xpu-tool/Python/3.10.20/x64/lib/python3.10/site-packages/torch/build/lib/libtorchbind_test.so: cannot open shared object file: No such file or directory ; OSError: Could not load this library: /tmp/xpu-tool/Python/3.10.20/x64/lib/python3.10/site-packages/torch/build/lib/libtorchbind_test.so | XML |
| op_ut | third_party.torch-xpu-ops.test.xpu.export.test_converter_xpu.TestConverter | test_ts2ep_with_loop | failed | OSError: /tmp/xpu-tool/Python/3.10.20/x64/lib/python3.10/site-packages/torch/build/lib/libtorchbind_test.so: cannot open shared object file: No such file or directory ; OSError: Could not load this library: /tmp/xpu-tool/Python/3.10.20/x64/lib/python3.10/site-packages/torch/build/lib/libtorchbind_test.so | XML |
| op_ut | third_party.torch-xpu-ops.test.xpu.export.test_draft_export_xpu.TestDraftExport | test_complex_data_dependent_expr | failed | OSError: /tmp/xpu-tool/Python/3.10.20/x64/lib/python3.10/site-packages/torch/build/lib/libtorchbind_test.so: cannot open shared object file: No such file or directory ; OSError: Could not load this library: /tmp/xpu-tool/Python/3.10.20/x64/lib/python3.10/site-packages/torch/build/lib/libtorchbind_test.so | XML |
| op_ut | third_party.torch-xpu-ops.test.xpu.export.test_draft_export_xpu.TestDraftExport | test_cuda_memory_usage | failed | OSError: /tmp/xpu-tool/Python/3.10.20/x64/lib/python3.10/site-packages/torch/build/lib/libtorchbind_test.so: cannot open shared object file: No such file or directory ; OSError: Could not load this library: /tmp/xpu-tool/Python/3.10.20/x64/lib/python3.10/site-packages/torch/build/lib/libtorchbind_test.so | XML |
| op_ut | third_party.torch-xpu-ops.test.xpu.export.test_draft_export_xpu.TestDraftExport | test_missing_meta_kernel_custom_op_basic | failed | OSError: /tmp/xpu-tool/Python/3.10.20/x64/lib/python3.10/site-packages/torch/build/lib/libtorchbind_test.so: cannot open shared object file: No such file or directory ; OSError: Could not load this library: /tmp/xpu-tool/Python/3.10.20/x64/lib/python3.10/site-packages/torch/build/lib/libtorchbind_test.so | XML |
| op_ut | third_party.torch-xpu-ops.test.xpu.export.test_draft_export_xpu.TestDraftExport | test_dedup_data_dependent_failure | failed | OSError: /tmp/xpu-tool/Python/3.10.20/x64/lib/python3.10/site-packages/torch/build/lib/libtorchbind_test.so: cannot open shared object file: No such file or directory ; OSError: Could not load this library: /tmp/xpu-tool/Python/3.10.20/x64/lib/python3.10/site-packages/torch/build/lib/libtorchbind_test.so | XML |
| op_ut | third_party.torch-xpu-ops.test.xpu.export.test_draft_export_xpu.TestDraftExport | test_missing_meta_kernel_custom_op_multiple_profiles | failed | OSError: /tmp/xpu-tool/Python/3.10.20/x64/lib/python3.10/site-packages/torch/build/lib/libtorchbind_test.so: cannot open shared object file: No such file or directory ; OSError: Could not load this library: /tmp/xpu-tool/Python/3.10.20/x64/lib/python3.10/site-packages/torch/build/lib/libtorchbind_test.so | XML |
| op_ut | third_party.torch-xpu-ops.test.xpu.export.test_draft_export_xpu.TestDraftExport | test_fake_infer_dense_in_memory_check | failed | OSError: /tmp/xpu-tool/Python/3.10.20/x64/lib/python3.10/site-packages/torch/build/lib/libtorchbind_test.so: cannot open shared object file: No such file or directory ; OSError: Could not load this library: /tmp/xpu-tool/Python/3.10.20/x64/lib/python3.10/site-packages/torch/build/lib/libtorchbind_test.so | XML |
| op_ut | third_party.torch-xpu-ops.test.xpu.export.test_draft_export_xpu.TestDraftExport | test_masked_linear | failed | OSError: /tmp/xpu-tool/Python/3.10.20/x64/lib/python3.10/site-packages/torch/build/lib/libtorchbind_test.so: cannot open shared object file: No such file or directory ; OSError: Could not load this library: /tmp/xpu-tool/Python/3.10.20/x64/lib/python3.10/site-packages/torch/build/lib/libtorchbind_test.so | XML |
| op_ut | third_party.torch-xpu-ops.test.xpu.export.test_draft_export_xpu.TestDraftExport | test_missing_meta_kernel_custom_op_update_profile | failed | OSError: /tmp/xpu-tool/Python/3.10.20/x64/lib/python3.10/site-packages/torch/build/lib/libtorchbind_test.so: cannot open shared object file: No such file or directory ; OSError: Could not load this library: /tmp/xpu-tool/Python/3.10.20/x64/lib/python3.10/site-packages/torch/build/lib/libtorchbind_test.so | XML |
| op_ut | third_party.torch-xpu-ops.test.xpu.export.test_draft_export_xpu.TestDraftExport | test_data_dependent_failure | failed | OSError: /tmp/xpu-tool/Python/3.10.20/x64/lib/python3.10/site-packages/torch/build/lib/libtorchbind_test.so: cannot open shared object file: No such file or directory ; OSError: Could not load this library: /tmp/xpu-tool/Python/3.10.20/x64/lib/python3.10/site-packages/torch/build/lib/libtorchbind_test.so | XML |
| op_ut | third_party.torch-xpu-ops.test.xpu.export.test_draft_export_xpu.TestDraftExport | test_constantify_unbacked_symbol | failed | OSError: /tmp/xpu-tool/Python/3.10.20/x64/lib/python3.10/site-packages/torch/build/lib/libtorchbind_test.so: cannot open shared object file: No such file or directory ; OSError: Could not load this library: /tmp/xpu-tool/Python/3.10.20/x64/lib/python3.10/site-packages/torch/build/lib/libtorchbind_test.so | XML |
| op_ut | third_party.torch-xpu-ops.test.xpu.export.test_draft_export_xpu.TestDraftExport | test_missing_meta_kernel_guard | failed | OSError: /tmp/xpu-tool/Python/3.10.20/x64/lib/python3.10/site-packages/torch/build/lib/libtorchbind_test.so: cannot open shared object file: No such file or directory ; OSError: Could not load this library: /tmp/xpu-tool/Python/3.10.20/x64/lib/python3.10/site-packages/torch/build/lib/libtorchbind_test.so | XML |
| op_ut | third_party.torch-xpu-ops.test.xpu.export.test_draft_export_xpu.TestDraftExport | test_override_incorrectly_aliasing_kernel | failed | OSError: /tmp/xpu-tool/Python/3.10.20/x64/lib/python3.10/site-packages/torch/build/lib/libtorchbind_test.so: cannot open shared object file: No such file or directory ; OSError: Could not load this library: /tmp/xpu-tool/Python/3.10.20/x64/lib/python3.10/site-packages/torch/build/lib/libtorchbind_test.so | XML |
| op_ut | third_party.torch-xpu-ops.test.xpu.export.test_draft_export_xpu.TestDraftExport | test_retry_on_constraint_violation_uses_dim_auto | failed | OSError: /tmp/xpu-tool/Python/3.10.20/x64/lib/python3.10/site-packages/torch/build/lib/libtorchbind_test.so: cannot open shared object file: No such file or directory ; OSError: Could not load this library: /tmp/xpu-tool/Python/3.10.20/x64/lib/python3.10/site-packages/torch/build/lib/libtorchbind_test.so | XML |
| op_ut | third_party.torch-xpu-ops.test.xpu.export.test_draft_export_xpu.TestDraftExport | test_side_effect_inps | failed | OSError: /tmp/xpu-tool/Python/3.10.20/x64/lib/python3.10/site-packages/torch/build/lib/libtorchbind_test.so: cannot open shared object file: No such file or directory ; OSError: Could not load this library: /tmp/xpu-tool/Python/3.10.20/x64/lib/python3.10/site-packages/torch/build/lib/libtorchbind_test.so | XML |
| op_ut | third_party.torch-xpu-ops.test.xpu.export.test_draft_export_xpu.TestDraftExport | test_missing_meta_kernel_impl | failed | OSError: /tmp/xpu-tool/Python/3.10.20/x64/lib/python3.10/site-packages/torch/build/lib/libtorchbind_test.so: cannot open shared object file: No such file or directory ; OSError: Could not load this library: /tmp/xpu-tool/Python/3.10.20/x64/lib/python3.10/site-packages/torch/build/lib/libtorchbind_test.so | XML |
| op_ut | third_party.torch-xpu-ops.test.xpu.export.test_draft_export_xpu.TestDraftExport | test_override_mismatched_fake_kernel_with_unbacked_symbols | failed | OSError: /tmp/xpu-tool/Python/3.10.20/x64/lib/python3.10/site-packages/torch/build/lib/libtorchbind_test.so: cannot open shared object file: No such file or directory ; OSError: Could not load this library: /tmp/xpu-tool/Python/3.10.20/x64/lib/python3.10/site-packages/torch/build/lib/libtorchbind_test.so | XML |
| op_ut | third_party.torch-xpu-ops.test.xpu.export.test_draft_export_xpu.TestDraftExport | test_shape_failure | failed | OSError: /tmp/xpu-tool/Python/3.10.20/x64/lib/python3.10/site-packages/torch/build/lib/libtorchbind_test.so: cannot open shared object file: No such file or directory ; OSError: Could not load this library: /tmp/xpu-tool/Python/3.10.20/x64/lib/python3.10/site-packages/torch/build/lib/libtorchbind_test.so | XML |
| op_ut | third_party.torch-xpu-ops.test.xpu.export.test_draft_export_xpu.TestDraftExport | test_torchbind | failed | OSError: /tmp/xpu-tool/Python/3.10.20/x64/lib/python3.10/site-packages/torch/build/lib/libtorchbind_test.so: cannot open shared object file: No such file or directory ; OSError: Could not load this library: /tmp/xpu-tool/Python/3.10.20/x64/lib/python3.10/site-packages/torch/build/lib/libtorchbind_test.so | XML |
| op_ut | third_party.torch-xpu-ops.test.xpu.export.test_torchbind_xpu.TestExportTorchbind | test_deepcopy | failed | OSError: /tmp/xpu-tool/Python/3.10.20/x64/lib/python3.10/site-packages/torch/build/lib/libtorchbind_test.so: cannot open shared object file: No such file or directory ; OSError: Could not load this library: /tmp/xpu-tool/Python/3.10.20/x64/lib/python3.10/site-packages/torch/build/lib/libtorchbind_test.so | XML |
| op_ut | third_party.torch-xpu-ops.test.xpu.export.test_torchbind_xpu.TestCompileTorchbind | test_compile_obj_torchbind_op_backend_eager | failed | OSError: /tmp/xpu-tool/Python/3.10.20/x64/lib/python3.10/site-packages/torch/build/lib/libtorchbind_test.so: cannot open shared object file: No such file or directory ; OSError: Could not load this library: /tmp/xpu-tool/Python/3.10.20/x64/lib/python3.10/site-packages/torch/build/lib/libtorchbind_test.so | XML |
| op_ut | third_party.torch-xpu-ops.test.xpu.export.test_torchbind_xpu.TestExportTorchbind | test_torchbind_input_and_alias_pre_dispatch_True | failed | OSError: /tmp/xpu-tool/Python/3.10.20/x64/lib/python3.10/site-packages/torch/build/lib/libtorchbind_test.so: cannot open shared object file: No such file or directory ; OSError: Could not load this library: /tmp/xpu-tool/Python/3.10.20/x64/lib/python3.10/site-packages/torch/build/lib/libtorchbind_test.so | XML |
| op_ut | third_party.torch-xpu-ops.test.xpu.export.test_torchbind_xpu.TestExportTorchbind | test_aot_export_tensor_queue_operators | failed | OSError: /tmp/xpu-tool/Python/3.10.20/x64/lib/python3.10/site-packages/torch/build/lib/libtorchbind_test.so: cannot open shared object file: No such file or directory ; OSError: Could not load this library: /tmp/xpu-tool/Python/3.10.20/x64/lib/python3.10/site-packages/torch/build/lib/libtorchbind_test.so | XML |
| op_ut | third_party.torch-xpu-ops.test.xpu.export.test_torchbind_xpu.TestExportTorchbind | test_make_fx_tensor_queue_methods_make_fx_tracing_mode_symbolic | failed | OSError: /tmp/xpu-tool/Python/3.10.20/x64/lib/python3.10/site-packages/torch/build/lib/libtorchbind_test.so: cannot open shared object file: No such file or directory ; OSError: Could not load this library: /tmp/xpu-tool/Python/3.10.20/x64/lib/python3.10/site-packages/torch/build/lib/libtorchbind_test.so | XML |
| op_ut | third_party.torch-xpu-ops.test.xpu.export.test_torchbind_xpu.TestCompileTorchbind | test_compile_script_object_input_guards_backend_aot_eager | failed | OSError: /tmp/xpu-tool/Python/3.10.20/x64/lib/python3.10/site-packages/torch/build/lib/libtorchbind_test.so: cannot open shared object file: No such file or directory ; OSError: Could not load this library: /tmp/xpu-tool/Python/3.10.20/x64/lib/python3.10/site-packages/torch/build/lib/libtorchbind_test.so | XML |
| op_ut | third_party.torch-xpu-ops.test.xpu.export.test_torchbind_xpu.TestCompileTorchbind | test_compile_obj_as_hop_input_backend_aot_eager | failed | OSError: /tmp/xpu-tool/Python/3.10.20/x64/lib/python3.10/site-packages/torch/build/lib/libtorchbind_test.so: cannot open shared object file: No such file or directory ; OSError: Could not load this library: /tmp/xpu-tool/Python/3.10.20/x64/lib/python3.10/site-packages/torch/build/lib/libtorchbind_test.so | XML |
| op_ut | third_party.torch-xpu-ops.test.xpu.export.test_torchbind_xpu.TestCompileTorchbind | test_compile_error_on_input_aliasing_contents_backend_inductor | failed | OSError: /tmp/xpu-tool/Python/3.10.20/x64/lib/python3.10/site-packages/torch/build/lib/libtorchbind_test.so: cannot open shared object file: No such file or directory ; OSError: Could not load this library: /tmp/xpu-tool/Python/3.10.20/x64/lib/python3.10/site-packages/torch/build/lib/libtorchbind_test.so | XML |
| op_ut | third_party.torch-xpu-ops.test.xpu.export.test_torchbind_xpu.TestExportTorchbind | test_attribute_as_custom_op_argument_pre_dispatch_False | failed | OSError: /tmp/xpu-tool/Python/3.10.20/x64/lib/python3.10/site-packages/torch/build/lib/libtorchbind_test.so: cannot open shared object file: No such file or directory ; OSError: Could not load this library: /tmp/xpu-tool/Python/3.10.20/x64/lib/python3.10/site-packages/torch/build/lib/libtorchbind_test.so | XML |
| op_ut | third_party.torch-xpu-ops.test.xpu.export.test_torchbind_xpu.TestExportTorchbind | test_make_fx_tensor_queue_operators_fallthrough_via_lib_impl | failed | OSError: /tmp/xpu-tool/Python/3.10.20/x64/lib/python3.10/site-packages/torch/build/lib/libtorchbind_test.so: cannot open shared object file: No such file or directory ; OSError: Could not load this library: /tmp/xpu-tool/Python/3.10.20/x64/lib/python3.10/site-packages/torch/build/lib/libtorchbind_test.so | XML |
| op_ut | third_party.torch-xpu-ops.test.xpu.export.test_torchbind_xpu.TestExportTorchbind | test_torchbind_op_fallthrough_keys_respects_lib_impl | failed | OSError: /tmp/xpu-tool/Python/3.10.20/x64/lib/python3.10/site-packages/torch/build/lib/libtorchbind_test.so: cannot open shared object file: No such file or directory ; OSError: Could not load this library: /tmp/xpu-tool/Python/3.10.20/x64/lib/python3.10/site-packages/torch/build/lib/libtorchbind_test.so | XML |
| op_ut | third_party.torch-xpu-ops.test.xpu.export.test_torchbind_xpu.TestCompileTorchbind | test_compile_obj_torchbind_op_backend_inductor | failed | OSError: /tmp/xpu-tool/Python/3.10.20/x64/lib/python3.10/site-packages/torch/build/lib/libtorchbind_test.so: cannot open shared object file: No such file or directory ; OSError: Could not load this library: /tmp/xpu-tool/Python/3.10.20/x64/lib/python3.10/site-packages/torch/build/lib/libtorchbind_test.so | XML |
| op_ut | third_party.torch-xpu-ops.test.xpu.export.test_torchbind_xpu.TestExportTorchbind | test_export_inplace_custom_op | failed | OSError: /tmp/xpu-tool/Python/3.10.20/x64/lib/python3.10/site-packages/torch/build/lib/libtorchbind_test.so: cannot open shared object file: No such file or directory ; OSError: Could not load this library: /tmp/xpu-tool/Python/3.10.20/x64/lib/python3.10/site-packages/torch/build/lib/libtorchbind_test.so | XML |
| op_ut | third_party.torch-xpu-ops.test.xpu.export.test_torchbind_xpu.TestCompileTorchbind | test_compile_script_object_input_guards_backend_eager | failed | OSError: /tmp/xpu-tool/Python/3.10.20/x64/lib/python3.10/site-packages/torch/build/lib/libtorchbind_test.so: cannot open shared object file: No such file or directory ; OSError: Could not load this library: /tmp/xpu-tool/Python/3.10.20/x64/lib/python3.10/site-packages/torch/build/lib/libtorchbind_test.so | XML |
| op_ut | third_party.torch-xpu-ops.test.xpu.export.test_torchbind_xpu.TestCompileTorchbind | test_compile_error_on_non_fakified_method_backend_aot_eager | failed | OSError: /tmp/xpu-tool/Python/3.10.20/x64/lib/python3.10/site-packages/torch/build/lib/libtorchbind_test.so: cannot open shared object file: No such file or directory ; OSError: Could not load this library: /tmp/xpu-tool/Python/3.10.20/x64/lib/python3.10/site-packages/torch/build/lib/libtorchbind_test.so | XML |
| op_ut | third_party.torch-xpu-ops.test.xpu.export.test_torchbind_xpu.TestCompileTorchbind | test_compile_obj_as_hop_input_backend_eager | failed | OSError: /tmp/xpu-tool/Python/3.10.20/x64/lib/python3.10/site-packages/torch/build/lib/libtorchbind_test.so: cannot open shared object file: No such file or directory ; OSError: Could not load this library: /tmp/xpu-tool/Python/3.10.20/x64/lib/python3.10/site-packages/torch/build/lib/libtorchbind_test.so | XML |
| op_ut | third_party.torch-xpu-ops.test.xpu.export.test_torchbind_xpu.TestExportTorchbind | test_torchbind_op_register_fallthrough | failed | OSError: /tmp/xpu-tool/Python/3.10.20/x64/lib/python3.10/site-packages/torch/build/lib/libtorchbind_test.so: cannot open shared object file: No such file or directory ; OSError: Could not load this library: /tmp/xpu-tool/Python/3.10.20/x64/lib/python3.10/site-packages/torch/build/lib/libtorchbind_test.so | XML |
| op_ut | third_party.torch-xpu-ops.test.xpu.export.test_torchbind_xpu.TestExportTorchbind | test_identifying_torchbind_ops | failed | OSError: /tmp/xpu-tool/Python/3.10.20/x64/lib/python3.10/site-packages/torch/build/lib/libtorchbind_test.so: cannot open shared object file: No such file or directory ; OSError: Could not load this library: /tmp/xpu-tool/Python/3.10.20/x64/lib/python3.10/site-packages/torch/build/lib/libtorchbind_test.so | XML |
| op_ut | third_party.torch-xpu-ops.test.xpu.export.test_torchbind_xpu.TestExportTorchbind | test_make_fx_tensor_queue_operators_fallthrough_via_py_impl | failed | OSError: /tmp/xpu-tool/Python/3.10.20/x64/lib/python3.10/site-packages/torch/build/lib/libtorchbind_test.so: cannot open shared object file: No such file or directory ; OSError: Could not load this library: /tmp/xpu-tool/Python/3.10.20/x64/lib/python3.10/site-packages/torch/build/lib/libtorchbind_test.so | XML |
| op_ut | third_party.torch-xpu-ops.test.xpu.export.test_torchbind_xpu.TestExportTorchbind | test_attribute_as_custom_op_argument_pre_dispatch_True | failed | OSError: /tmp/xpu-tool/Python/3.10.20/x64/lib/python3.10/site-packages/torch/build/lib/libtorchbind_test.so: cannot open shared object file: No such file or directory ; OSError: Could not load this library: /tmp/xpu-tool/Python/3.10.20/x64/lib/python3.10/site-packages/torch/build/lib/libtorchbind_test.so | XML |
| op_ut | third_party.torch-xpu-ops.test.xpu.export.test_torchbind_xpu.TestCompileTorchbind | test_compile_obj_torchbind_op_with_autocast_device_cpu_backend_aot_eager | failed | OSError: /tmp/xpu-tool/Python/3.10.20/x64/lib/python3.10/site-packages/torch/build/lib/libtorchbind_test.so: cannot open shared object file: No such file or directory ; OSError: Could not load this library: /tmp/xpu-tool/Python/3.10.20/x64/lib/python3.10/site-packages/torch/build/lib/libtorchbind_test.so | XML |
| op_ut | third_party.torch-xpu-ops.test.xpu.export.test_torchbind_xpu.TestCompileTorchbind | test_compile_error_on_non_fakified_method_backend_eager | failed | OSError: /tmp/xpu-tool/Python/3.10.20/x64/lib/python3.10/site-packages/torch/build/lib/libtorchbind_test.so: cannot open shared object file: No such file or directory ; OSError: Could not load this library: /tmp/xpu-tool/Python/3.10.20/x64/lib/python3.10/site-packages/torch/build/lib/libtorchbind_test.so | XML |
| op_ut | third_party.torch-xpu-ops.test.xpu.export.test_torchbind_xpu.TestCompileTorchbind | test_compile_obj_as_hop_input_backend_inductor | failed | OSError: /tmp/xpu-tool/Python/3.10.20/x64/lib/python3.10/site-packages/torch/build/lib/libtorchbind_test.so: cannot open shared object file: No such file or directory ; OSError: Could not load this library: /tmp/xpu-tool/Python/3.10.20/x64/lib/python3.10/site-packages/torch/build/lib/libtorchbind_test.so | XML |
| op_ut | third_party.torch-xpu-ops.test.xpu.export.test_torchbind_xpu.TestCompileTorchbind | test_compile_script_object_input_guards_backend_inductor | failed | OSError: /tmp/xpu-tool/Python/3.10.20/x64/lib/python3.10/site-packages/torch/build/lib/libtorchbind_test.so: cannot open shared object file: No such file or directory ; OSError: Could not load this library: /tmp/xpu-tool/Python/3.10.20/x64/lib/python3.10/site-packages/torch/build/lib/libtorchbind_test.so | XML |
| op_ut | third_party.torch-xpu-ops.test.xpu.export.test_torchbind_xpu.TestExportTorchbind | test_input_as_custom_op_argument_pre_dispatch_False | failed | OSError: /tmp/xpu-tool/Python/3.10.20/x64/lib/python3.10/site-packages/torch/build/lib/libtorchbind_test.so: cannot open shared object file: No such file or directory ; OSError: Could not load this library: /tmp/xpu-tool/Python/3.10.20/x64/lib/python3.10/site-packages/torch/build/lib/libtorchbind_test.so | XML |
| op_ut | third_party.torch-xpu-ops.test.xpu.export.test_torchbind_xpu.TestExportTorchbind | test_torchbind_register_attr_at_runtime_get_restored | failed | OSError: /tmp/xpu-tool/Python/3.10.20/x64/lib/python3.10/site-packages/torch/build/lib/libtorchbind_test.so: cannot open shared object file: No such file or directory ; OSError: Could not load this library: /tmp/xpu-tool/Python/3.10.20/x64/lib/python3.10/site-packages/torch/build/lib/libtorchbind_test.so | XML |
| op_ut | third_party.torch-xpu-ops.test.xpu.export.test_torchbind_xpu.TestExportTorchbind | test_method_schema | failed | OSError: /tmp/xpu-tool/Python/3.10.20/x64/lib/python3.10/site-packages/torch/build/lib/libtorchbind_test.so: cannot open shared object file: No such file or directory ; OSError: Could not load this library: /tmp/xpu-tool/Python/3.10.20/x64/lib/python3.10/site-packages/torch/build/lib/libtorchbind_test.so | XML |
| op_ut | third_party.torch-xpu-ops.test.xpu.export.test_torchbind_xpu.TestExportTorchbind | test_attribute_pre_dispatch_False | failed | OSError: /tmp/xpu-tool/Python/3.10.20/x64/lib/python3.10/site-packages/torch/build/lib/libtorchbind_test.so: cannot open shared object file: No such file or directory ; OSError: Could not load this library: /tmp/xpu-tool/Python/3.10.20/x64/lib/python3.10/site-packages/torch/build/lib/libtorchbind_test.so | XML |
| op_ut | third_party.torch-xpu-ops.test.xpu.export.test_torchbind_xpu.TestCompileTorchbind | test_compile_obj_torchbind_op_with_autocast_device_cpu_backend_eager | failed | OSError: /tmp/xpu-tool/Python/3.10.20/x64/lib/python3.10/site-packages/torch/build/lib/libtorchbind_test.so: cannot open shared object file: No such file or directory ; OSError: Could not load this library: /tmp/xpu-tool/Python/3.10.20/x64/lib/python3.10/site-packages/torch/build/lib/libtorchbind_test.so | XML |
| op_ut | third_party.torch-xpu-ops.test.xpu.export.test_torchbind_xpu.TestCompileTorchbind | test_compile_error_on_non_fakified_method_backend_inductor | failed | OSError: /tmp/xpu-tool/Python/3.10.20/x64/lib/python3.10/site-packages/torch/build/lib/libtorchbind_test.so: cannot open shared object file: No such file or directory ; OSError: Could not load this library: /tmp/xpu-tool/Python/3.10.20/x64/lib/python3.10/site-packages/torch/build/lib/libtorchbind_test.so | XML |
| op_ut | third_party.torch-xpu-ops.test.xpu.export.test_torchbind_xpu.TestCompileTorchbind | test_compile_tensor_op_in_tensor_flatten_backend_aot_eager | failed | OSError: /tmp/xpu-tool/Python/3.10.20/x64/lib/python3.10/site-packages/torch/build/lib/libtorchbind_test.so: cannot open shared object file: No such file or directory ; OSError: Could not load this library: /tmp/xpu-tool/Python/3.10.20/x64/lib/python3.10/site-packages/torch/build/lib/libtorchbind_test.so | XML |
| op_ut | third_party.torch-xpu-ops.test.xpu.export.test_torchbind_xpu.TestCompileTorchbind | test_compile_obj_attributes_backend_aot_eager | failed | OSError: /tmp/xpu-tool/Python/3.10.20/x64/lib/python3.10/site-packages/torch/build/lib/libtorchbind_test.so: cannot open shared object file: No such file or directory ; OSError: Could not load this library: /tmp/xpu-tool/Python/3.10.20/x64/lib/python3.10/site-packages/torch/build/lib/libtorchbind_test.so | XML |
| op_ut | third_party.torch-xpu-ops.test.xpu.export.test_torchbind_xpu.TestExportTorchbind | test_input_as_custom_op_argument_pre_dispatch_True | failed | OSError: /tmp/xpu-tool/Python/3.10.20/x64/lib/python3.10/site-packages/torch/build/lib/libtorchbind_test.so: cannot open shared object file: No such file or directory ; OSError: Could not load this library: /tmp/xpu-tool/Python/3.10.20/x64/lib/python3.10/site-packages/torch/build/lib/libtorchbind_test.so | XML |
| op_ut | third_party.torch-xpu-ops.test.xpu.export.test_torchbind_xpu.TestExportTorchbind | test_non_strict_export_methods | failed | OSError: /tmp/xpu-tool/Python/3.10.20/x64/lib/python3.10/site-packages/torch/build/lib/libtorchbind_test.so: cannot open shared object file: No such file or directory ; OSError: Could not load this library: /tmp/xpu-tool/Python/3.10.20/x64/lib/python3.10/site-packages/torch/build/lib/libtorchbind_test.so | XML |
| op_ut | third_party.torch-xpu-ops.test.xpu.export.test_torchbind_xpu.TestCompileTorchbind | test_compile_obj_torchbind_op_with_autocast_device_cpu_backend_inductor | failed | OSError: /tmp/xpu-tool/Python/3.10.20/x64/lib/python3.10/site-packages/torch/build/lib/libtorchbind_test.so: cannot open shared object file: No such file or directory ; OSError: Could not load this library: /tmp/xpu-tool/Python/3.10.20/x64/lib/python3.10/site-packages/torch/build/lib/libtorchbind_test.so | XML |
| op_ut | third_party.torch-xpu-ops.test.xpu.export.test_torchbind_xpu.TestExportTorchbind | test_attribute_pre_dispatch_True | failed | OSError: /tmp/xpu-tool/Python/3.10.20/x64/lib/python3.10/site-packages/torch/build/lib/libtorchbind_test.so: cannot open shared object file: No such file or directory ; OSError: Could not load this library: /tmp/xpu-tool/Python/3.10.20/x64/lib/python3.10/site-packages/torch/build/lib/libtorchbind_test.so | XML |
| op_ut | third_party.torch-xpu-ops.test.xpu.export.test_torchbind_xpu.TestExportTorchbind | test_unlift_custom_obj_pre_dispatch_False | failed | OSError: /tmp/xpu-tool/Python/3.10.20/x64/lib/python3.10/site-packages/torch/build/lib/libtorchbind_test.so: cannot open shared object file: No such file or directory ; OSError: Could not load this library: /tmp/xpu-tool/Python/3.10.20/x64/lib/python3.10/site-packages/torch/build/lib/libtorchbind_test.so | XML |
| op_ut | third_party.torch-xpu-ops.test.xpu.export.test_torchbind_xpu.TestCompileTorchbind | test_compile_error_on_script_obj_missing_attr_backend_aot_eager | failed | OSError: /tmp/xpu-tool/Python/3.10.20/x64/lib/python3.10/site-packages/torch/build/lib/libtorchbind_test.so: cannot open shared object file: No such file or directory ; OSError: Could not load this library: /tmp/xpu-tool/Python/3.10.20/x64/lib/python3.10/site-packages/torch/build/lib/libtorchbind_test.so | XML |
| op_ut | third_party.torch-xpu-ops.test.xpu.export.test_torchbind_xpu.TestCompileTorchbind | test_compile_obj_attributes_backend_eager | failed | OSError: /tmp/xpu-tool/Python/3.10.20/x64/lib/python3.10/site-packages/torch/build/lib/libtorchbind_test.so: cannot open shared object file: No such file or directory ; OSError: Could not load this library: /tmp/xpu-tool/Python/3.10.20/x64/lib/python3.10/site-packages/torch/build/lib/libtorchbind_test.so | XML |
| op_ut | third_party.torch-xpu-ops.test.xpu.export.test_torchbind_xpu.TestCompileTorchbind | test_compile_tensor_op_in_tensor_flatten_backend_eager | failed | OSError: /tmp/xpu-tool/Python/3.10.20/x64/lib/python3.10/site-packages/torch/build/lib/libtorchbind_test.so: cannot open shared object file: No such file or directory ; OSError: Could not load this library: /tmp/xpu-tool/Python/3.10.20/x64/lib/python3.10/site-packages/torch/build/lib/libtorchbind_test.so | XML |
| op_ut | third_party.torch-xpu-ops.test.xpu.export.test_torchbind_xpu.TestCompileTorchbind | test_compile_obj_torchbind_op_with_autocast_device_xpu_backend_aot_eager | failed | OSError: /tmp/xpu-tool/Python/3.10.20/x64/lib/python3.10/site-packages/torch/build/lib/libtorchbind_test.so: cannot open shared object file: No such file or directory ; OSError: Could not load this library: /tmp/xpu-tool/Python/3.10.20/x64/lib/python3.10/site-packages/torch/build/lib/libtorchbind_test.so | XML |
| op_ut | third_party.torch-xpu-ops.test.xpu.export.test_torchbind_xpu.TestExportTorchbind | test_none_pre_dispatch_False | failed | OSError: /tmp/xpu-tool/Python/3.10.20/x64/lib/python3.10/site-packages/torch/build/lib/libtorchbind_test.so: cannot open shared object file: No such file or directory ; OSError: Could not load this library: /tmp/xpu-tool/Python/3.10.20/x64/lib/python3.10/site-packages/torch/build/lib/libtorchbind_test.so | XML |
| op_ut | third_party.torch-xpu-ops.test.xpu.export.test_torchbind_xpu.TestExportTorchbind | test_input_pre_dispatch_False | failed | OSError: /tmp/xpu-tool/Python/3.10.20/x64/lib/python3.10/site-packages/torch/build/lib/libtorchbind_test.so: cannot open shared object file: No such file or directory ; OSError: Could not load this library: /tmp/xpu-tool/Python/3.10.20/x64/lib/python3.10/site-packages/torch/build/lib/libtorchbind_test.so | XML |
| op_ut | third_party.torch-xpu-ops.test.xpu.export.test_torchbind_xpu.TestExportTorchbind | test_unlift_custom_obj_pre_dispatch_True | failed | OSError: /tmp/xpu-tool/Python/3.10.20/x64/lib/python3.10/site-packages/torch/build/lib/libtorchbind_test.so: cannot open shared object file: No such file or directory ; OSError: Could not load this library: /tmp/xpu-tool/Python/3.10.20/x64/lib/python3.10/site-packages/torch/build/lib/libtorchbind_test.so | XML |
| op_ut | third_party.torch-xpu-ops.test.xpu.export.test_torchbind_xpu.TestExportTorchbind | test_custom_obj_list_out_pre_dispatch_False | failed | OSError: /tmp/xpu-tool/Python/3.10.20/x64/lib/python3.10/site-packages/torch/build/lib/libtorchbind_test.so: cannot open shared object file: No such file or directory ; OSError: Could not load this library: /tmp/xpu-tool/Python/3.10.20/x64/lib/python3.10/site-packages/torch/build/lib/libtorchbind_test.so | XML |
| op_ut | third_party.torch-xpu-ops.test.xpu.export.test_torchbind_xpu.TestCompileTorchbind | test_compile_error_on_script_obj_missing_attr_backend_eager | failed | OSError: /tmp/xpu-tool/Python/3.10.20/x64/lib/python3.10/site-packages/torch/build/lib/libtorchbind_test.so: cannot open shared object file: No such file or directory ; OSError: Could not load this library: /tmp/xpu-tool/Python/3.10.20/x64/lib/python3.10/site-packages/torch/build/lib/libtorchbind_test.so | XML |
| op_ut | third_party.torch-xpu-ops.test.xpu.export.test_torchbind_xpu.TestCompileTorchbind | test_compile_obj_attributes_backend_inductor | failed | OSError: /tmp/xpu-tool/Python/3.10.20/x64/lib/python3.10/site-packages/torch/build/lib/libtorchbind_test.so: cannot open shared object file: No such file or directory ; OSError: Could not load this library: /tmp/xpu-tool/Python/3.10.20/x64/lib/python3.10/site-packages/torch/build/lib/libtorchbind_test.so | XML |
| op_ut | third_party.torch-xpu-ops.test.xpu.export.test_torchbind_xpu.TestCompileTorchbind | test_compile_tensor_op_in_tensor_flatten_backend_inductor | failed | OSError: /tmp/xpu-tool/Python/3.10.20/x64/lib/python3.10/site-packages/torch/build/lib/libtorchbind_test.so: cannot open shared object file: No such file or directory ; OSError: Could not load this library: /tmp/xpu-tool/Python/3.10.20/x64/lib/python3.10/site-packages/torch/build/lib/libtorchbind_test.so | XML |
| op_ut | third_party.torch-xpu-ops.test.xpu.export.test_torchbind_xpu.TestExportTorchbind | test_none_pre_dispatch_True | failed | OSError: /tmp/xpu-tool/Python/3.10.20/x64/lib/python3.10/site-packages/torch/build/lib/libtorchbind_test.so: cannot open shared object file: No such file or directory ; OSError: Could not load this library: /tmp/xpu-tool/Python/3.10.20/x64/lib/python3.10/site-packages/torch/build/lib/libtorchbind_test.so | XML |
| op_ut | third_party.torch-xpu-ops.test.xpu.export.test_torchbind_xpu.TestExportTorchbind | test_input_pre_dispatch_True | failed | OSError: /tmp/xpu-tool/Python/3.10.20/x64/lib/python3.10/site-packages/torch/build/lib/libtorchbind_test.so: cannot open shared object file: No such file or directory ; OSError: Could not load this library: /tmp/xpu-tool/Python/3.10.20/x64/lib/python3.10/site-packages/torch/build/lib/libtorchbind_test.so | XML |
| op_ut | third_party.torch-xpu-ops.test.xpu.export.test_torchbind_xpu.TestExportTorchbind | test_custom_obj_list_out_pre_dispatch_True | failed | OSError: /tmp/xpu-tool/Python/3.10.20/x64/lib/python3.10/site-packages/torch/build/lib/libtorchbind_test.so: cannot open shared object file: No such file or directory ; OSError: Could not load this library: /tmp/xpu-tool/Python/3.10.20/x64/lib/python3.10/site-packages/torch/build/lib/libtorchbind_test.so | XML |
| op_ut | third_party.torch-xpu-ops.test.xpu.export.test_torchbind_xpu.TestCompileTorchbind | test_compile_obj_torchbind_op_with_autocast_device_xpu_backend_eager | failed | OSError: /tmp/xpu-tool/Python/3.10.20/x64/lib/python3.10/site-packages/torch/build/lib/libtorchbind_test.so: cannot open shared object file: No such file or directory ; OSError: Could not load this library: /tmp/xpu-tool/Python/3.10.20/x64/lib/python3.10/site-packages/torch/build/lib/libtorchbind_test.so | XML |
| op_ut | third_party.torch-xpu-ops.test.xpu.export.test_torchbind_xpu.TestCompileTorchbind | test_compile_body_aliasing_contents_backend_aot_eager | failed | OSError: /tmp/xpu-tool/Python/3.10.20/x64/lib/python3.10/site-packages/torch/build/lib/libtorchbind_test.so: cannot open shared object file: No such file or directory ; OSError: Could not load this library: /tmp/xpu-tool/Python/3.10.20/x64/lib/python3.10/site-packages/torch/build/lib/libtorchbind_test.so | XML |
| op_ut | third_party.torch-xpu-ops.test.xpu.export.test_torchbind_xpu.TestCompileTorchbind | test_export_obj_torchbind_op_with_autocast_device_cpu | failed | OSError: /tmp/xpu-tool/Python/3.10.20/x64/lib/python3.10/site-packages/torch/build/lib/libtorchbind_test.so: cannot open shared object file: No such file or directory ; OSError: Could not load this library: /tmp/xpu-tool/Python/3.10.20/x64/lib/python3.10/site-packages/torch/build/lib/libtorchbind_test.so | XML |
| op_ut | third_party.torch-xpu-ops.test.xpu.export.test_torchbind_xpu.TestCompileTorchbind | test_compile_obj_closure_backend_aot_eager | failed | OSError: /tmp/xpu-tool/Python/3.10.20/x64/lib/python3.10/site-packages/torch/build/lib/libtorchbind_test.so: cannot open shared object file: No such file or directory ; OSError: Could not load this library: /tmp/xpu-tool/Python/3.10.20/x64/lib/python3.10/site-packages/torch/build/lib/libtorchbind_test.so | XML |
| op_ut | third_party.torch-xpu-ops.test.xpu.export.test_torchbind_xpu.TestCompileTorchbind | test_compile_error_on_script_obj_setattr_backend_aot_eager | failed | OSError: /tmp/xpu-tool/Python/3.10.20/x64/lib/python3.10/site-packages/torch/build/lib/libtorchbind_test.so: cannot open shared object file: No such file or directory ; OSError: Could not load this library: /tmp/xpu-tool/Python/3.10.20/x64/lib/python3.10/site-packages/torch/build/lib/libtorchbind_test.so | XML |
| op_ut | third_party.torch-xpu-ops.test.xpu.export.test_torchbind_xpu.TestExportTorchbind | test_safe_to_trace_with_real | failed | OSError: /tmp/xpu-tool/Python/3.10.20/x64/lib/python3.10/site-packages/torch/build/lib/libtorchbind_test.so: cannot open shared object file: No such file or directory ; OSError: Could not load this library: /tmp/xpu-tool/Python/3.10.20/x64/lib/python3.10/site-packages/torch/build/lib/libtorchbind_test.so | XML |
| op_ut | third_party.torch-xpu-ops.test.xpu.export.test_torchbind_xpu.TestCompileTorchbind | test_compile_body_aliasing_contents_backend_eager | failed | OSError: /tmp/xpu-tool/Python/3.10.20/x64/lib/python3.10/site-packages/torch/build/lib/libtorchbind_test.so: cannot open shared object file: No such file or directory ; OSError: Could not load this library: /tmp/xpu-tool/Python/3.10.20/x64/lib/python3.10/site-packages/torch/build/lib/libtorchbind_test.so | XML |
| op_ut | third_party.torch-xpu-ops.test.xpu.export.test_torchbind_xpu.TestCompileTorchbind | test_compile_obj_torchbind_op_with_autocast_device_xpu_backend_inductor | failed | OSError: /tmp/xpu-tool/Python/3.10.20/x64/lib/python3.10/site-packages/torch/build/lib/libtorchbind_test.so: cannot open shared object file: No such file or directory ; OSError: Could not load this library: /tmp/xpu-tool/Python/3.10.20/x64/lib/python3.10/site-packages/torch/build/lib/libtorchbind_test.so | XML |
| op_ut | third_party.torch-xpu-ops.test.xpu.export.test_torchbind_xpu.TestExportTorchbind | test_custom_obj_tuple_out_pre_dispatch_False | failed | OSError: /tmp/xpu-tool/Python/3.10.20/x64/lib/python3.10/site-packages/torch/build/lib/libtorchbind_test.so: cannot open shared object file: No such file or directory ; OSError: Could not load this library: /tmp/xpu-tool/Python/3.10.20/x64/lib/python3.10/site-packages/torch/build/lib/libtorchbind_test.so | XML |
| op_ut | third_party.torch-xpu-ops.test.xpu.export.test_torchbind_xpu.TestExportTorchbind | test_make_fx_schema_checking_script_object | failed | OSError: /tmp/xpu-tool/Python/3.10.20/x64/lib/python3.10/site-packages/torch/build/lib/libtorchbind_test.so: cannot open shared object file: No such file or directory ; OSError: Could not load this library: /tmp/xpu-tool/Python/3.10.20/x64/lib/python3.10/site-packages/torch/build/lib/libtorchbind_test.so | XML |
| op_ut | third_party.torch-xpu-ops.test.xpu.export.test_torchbind_xpu.TestCompileTorchbind | test_compile_error_on_script_obj_setattr_backend_eager | failed | OSError: /tmp/xpu-tool/Python/3.10.20/x64/lib/python3.10/site-packages/torch/build/lib/libtorchbind_test.so: cannot open shared object file: No such file or directory ; OSError: Could not load this library: /tmp/xpu-tool/Python/3.10.20/x64/lib/python3.10/site-packages/torch/build/lib/libtorchbind_test.so | XML |
| op_ut | third_party.torch-xpu-ops.test.xpu.export.test_torchbind_xpu.TestCompileTorchbind | test_compile_obj_closure_backend_eager | failed | OSError: /tmp/xpu-tool/Python/3.10.20/x64/lib/python3.10/site-packages/torch/build/lib/libtorchbind_test.so: cannot open shared object file: No such file or directory ; OSError: Could not load this library: /tmp/xpu-tool/Python/3.10.20/x64/lib/python3.10/site-packages/torch/build/lib/libtorchbind_test.so | XML |
| op_ut | third_party.torch-xpu-ops.test.xpu.export.test_torchbind_xpu.TestCompileTorchbind | test_export_obj_torchbind_op_with_autocast_device_xpu | failed | OSError: /tmp/xpu-tool/Python/3.10.20/x64/lib/python3.10/site-packages/torch/build/lib/libtorchbind_test.so: cannot open shared object file: No such file or directory ; OSError: Could not load this library: /tmp/xpu-tool/Python/3.10.20/x64/lib/python3.10/site-packages/torch/build/lib/libtorchbind_test.so | XML |
| op_ut | third_party.torch-xpu-ops.test.xpu.export.test_torchbind_xpu.TestExportTorchbind | test_custom_obj_tuple_out_pre_dispatch_True | failed | OSError: /tmp/xpu-tool/Python/3.10.20/x64/lib/python3.10/site-packages/torch/build/lib/libtorchbind_test.so: cannot open shared object file: No such file or directory ; OSError: Could not load this library: /tmp/xpu-tool/Python/3.10.20/x64/lib/python3.10/site-packages/torch/build/lib/libtorchbind_test.so | XML |
| op_ut | third_party.torch-xpu-ops.test.xpu.export.test_torchbind_xpu.TestExportTorchbind | test_torchbind_alias_pre_dispatch_False | failed | OSError: /tmp/xpu-tool/Python/3.10.20/x64/lib/python3.10/site-packages/torch/build/lib/libtorchbind_test.so: cannot open shared object file: No such file or directory ; OSError: Could not load this library: /tmp/xpu-tool/Python/3.10.20/x64/lib/python3.10/site-packages/torch/build/lib/libtorchbind_test.so | XML |
| op_ut | third_party.torch-xpu-ops.test.xpu.export.test_torchbind_xpu.TestExportTorchbind | test_make_fx_tensor_queue_methods_fakify_internal_states_make_fx_tracing_mode_fake | failed | OSError: /tmp/xpu-tool/Python/3.10.20/x64/lib/python3.10/site-packages/torch/build/lib/libtorchbind_test.so: cannot open shared object file: No such file or directory ; OSError: Could not load this library: /tmp/xpu-tool/Python/3.10.20/x64/lib/python3.10/site-packages/torch/build/lib/libtorchbind_test.so | XML |
| op_ut | third_party.torch-xpu-ops.test.xpu.export.test_torchbind_xpu.TestCompileTorchbind | test_compile_script_object_input_automatic_dynamic_shape | failed | OSError: /tmp/xpu-tool/Python/3.10.20/x64/lib/python3.10/site-packages/torch/build/lib/libtorchbind_test.so: cannot open shared object file: No such file or directory ; OSError: Could not load this library: /tmp/xpu-tool/Python/3.10.20/x64/lib/python3.10/site-packages/torch/build/lib/libtorchbind_test.so | XML |
| op_ut | third_party.torch-xpu-ops.test.xpu.export.test_torchbind_xpu.TestCompileTorchbind | test_compile_body_aliasing_contents_backend_inductor | failed | OSError: /tmp/xpu-tool/Python/3.10.20/x64/lib/python3.10/site-packages/torch/build/lib/libtorchbind_test.so: cannot open shared object file: No such file or directory ; OSError: Could not load this library: /tmp/xpu-tool/Python/3.10.20/x64/lib/python3.10/site-packages/torch/build/lib/libtorchbind_test.so | XML |
| op_ut | third_party.torch-xpu-ops.test.xpu.export.test_torchbind_xpu.TestCompileTorchbind | test_compile_global_obj_backend_aot_eager | failed | OSError: /tmp/xpu-tool/Python/3.10.20/x64/lib/python3.10/site-packages/torch/build/lib/libtorchbind_test.so: cannot open shared object file: No such file or directory ; OSError: Could not load this library: /tmp/xpu-tool/Python/3.10.20/x64/lib/python3.10/site-packages/torch/build/lib/libtorchbind_test.so | XML |
| op_ut | third_party.torch-xpu-ops.test.xpu.export.test_torchbind_xpu.TestRegisterFakeClass | test_register_fake_class_from_real_not_classmethod | failed | OSError: /tmp/xpu-tool/Python/3.10.20/x64/lib/python3.10/site-packages/torch/build/lib/libtorchbind_test.so: cannot open shared object file: No such file or directory ; OSError: Could not load this library: /tmp/xpu-tool/Python/3.10.20/x64/lib/python3.10/site-packages/torch/build/lib/libtorchbind_test.so | XML |
| op_ut | third_party.torch-xpu-ops.test.xpu.export.test_torchbind_xpu.TestCompileTorchbind | test_compile_obj_closure_backend_inductor | failed | OSError: /tmp/xpu-tool/Python/3.10.20/x64/lib/python3.10/site-packages/torch/build/lib/libtorchbind_test.so: cannot open shared object file: No such file or directory ; OSError: Could not load this library: /tmp/xpu-tool/Python/3.10.20/x64/lib/python3.10/site-packages/torch/build/lib/libtorchbind_test.so | XML |
| op_ut | third_party.torch-xpu-ops.test.xpu.export.test_torchbind_xpu.TestExportTorchbind | test_make_fx_tensor_queue_methods_fakify_internal_states_make_fx_tracing_mode_symbolic | failed | OSError: /tmp/xpu-tool/Python/3.10.20/x64/lib/python3.10/site-packages/torch/build/lib/libtorchbind_test.so: cannot open shared object file: No such file or directory ; OSError: Could not load this library: /tmp/xpu-tool/Python/3.10.20/x64/lib/python3.10/site-packages/torch/build/lib/libtorchbind_test.so | XML |
| op_ut | third_party.torch-xpu-ops.test.xpu.export.test_torchbind_xpu.TestExportTorchbind | test_custom_obj_unbacked_symint_pre_dispatch_False | failed | OSError: /tmp/xpu-tool/Python/3.10.20/x64/lib/python3.10/site-packages/torch/build/lib/libtorchbind_test.so: cannot open shared object file: No such file or directory ; OSError: Could not load this library: /tmp/xpu-tool/Python/3.10.20/x64/lib/python3.10/site-packages/torch/build/lib/libtorchbind_test.so | XML |
| op_ut | third_party.torch-xpu-ops.test.xpu.export.test_torchbind_xpu.TestCompileTorchbind | test_compile_script_object_input_backend_aot_eager | failed | OSError: /tmp/xpu-tool/Python/3.10.20/x64/lib/python3.10/site-packages/torch/build/lib/libtorchbind_test.so: cannot open shared object file: No such file or directory ; OSError: Could not load this library: /tmp/xpu-tool/Python/3.10.20/x64/lib/python3.10/site-packages/torch/build/lib/libtorchbind_test.so | XML |
| op_ut | third_party.torch-xpu-ops.test.xpu.export.test_torchbind_xpu.TestExportTorchbind | test_torchbind_alias_pre_dispatch_True | failed | OSError: /tmp/xpu-tool/Python/3.10.20/x64/lib/python3.10/site-packages/torch/build/lib/libtorchbind_test.so: cannot open shared object file: No such file or directory ; OSError: Could not load this library: /tmp/xpu-tool/Python/3.10.20/x64/lib/python3.10/site-packages/torch/build/lib/libtorchbind_test.so | XML |
| op_ut | third_party.torch-xpu-ops.test.xpu.export.test_torchbind_xpu.TestCompileTorchbind | test_compile_error_on_input_aliasing_contents_backend_aot_eager | failed | OSError: /tmp/xpu-tool/Python/3.10.20/x64/lib/python3.10/site-packages/torch/build/lib/libtorchbind_test.so: cannot open shared object file: No such file or directory ; OSError: Could not load this library: /tmp/xpu-tool/Python/3.10.20/x64/lib/python3.10/site-packages/torch/build/lib/libtorchbind_test.so | XML |
| op_ut | third_party.torch-xpu-ops.test.xpu.export.test_torchbind_xpu.TestCompileTorchbind | test_compile_global_obj_backend_eager | failed | OSError: /tmp/xpu-tool/Python/3.10.20/x64/lib/python3.10/site-packages/torch/build/lib/libtorchbind_test.so: cannot open shared object file: No such file or directory ; OSError: Could not load this library: /tmp/xpu-tool/Python/3.10.20/x64/lib/python3.10/site-packages/torch/build/lib/libtorchbind_test.so | XML |
| op_ut | third_party.torch-xpu-ops.test.xpu.export.test_torchbind_xpu.TestRegisterFakeClass | test_register_fake_class_no_from_real | failed | OSError: /tmp/xpu-tool/Python/3.10.20/x64/lib/python3.10/site-packages/torch/build/lib/libtorchbind_test.so: cannot open shared object file: No such file or directory ; OSError: Could not load this library: /tmp/xpu-tool/Python/3.10.20/x64/lib/python3.10/site-packages/torch/build/lib/libtorchbind_test.so | XML |
| op_ut | third_party.torch-xpu-ops.test.xpu.export.test_torchbind_xpu.TestCompileTorchbind | test_compile_obj_graph_breaks | failed | OSError: /tmp/xpu-tool/Python/3.10.20/x64/lib/python3.10/site-packages/torch/build/lib/libtorchbind_test.so: cannot open shared object file: No such file or directory ; OSError: Could not load this library: /tmp/xpu-tool/Python/3.10.20/x64/lib/python3.10/site-packages/torch/build/lib/libtorchbind_test.so | XML |
| op_ut | third_party.torch-xpu-ops.test.xpu.export.test_torchbind_xpu.TestCompileTorchbind | test_compile_error_on_input_aliasing_contents_backend_eager | failed | OSError: /tmp/xpu-tool/Python/3.10.20/x64/lib/python3.10/site-packages/torch/build/lib/libtorchbind_test.so: cannot open shared object file: No such file or directory ; OSError: Could not load this library: /tmp/xpu-tool/Python/3.10.20/x64/lib/python3.10/site-packages/torch/build/lib/libtorchbind_test.so | XML |
| op_ut | third_party.torch-xpu-ops.test.xpu.export.test_torchbind_xpu.TestExportTorchbind | test_torchbind_input_and_alias_pre_dispatch_False | failed | OSError: /tmp/xpu-tool/Python/3.10.20/x64/lib/python3.10/site-packages/torch/build/lib/libtorchbind_test.so: cannot open shared object file: No such file or directory ; OSError: Could not load this library: /tmp/xpu-tool/Python/3.10.20/x64/lib/python3.10/site-packages/torch/build/lib/libtorchbind_test.so | XML |
| op_ut | third_party.torch-xpu-ops.test.xpu.export.test_torchbind_xpu.TestCompileTorchbind | test_compile_script_object_input_backend_eager | failed | OSError: /tmp/xpu-tool/Python/3.10.20/x64/lib/python3.10/site-packages/torch/build/lib/libtorchbind_test.so: cannot open shared object file: No such file or directory ; OSError: Could not load this library: /tmp/xpu-tool/Python/3.10.20/x64/lib/python3.10/site-packages/torch/build/lib/libtorchbind_test.so | XML |
| op_ut | third_party.torch-xpu-ops.test.xpu.export.test_torchbind_xpu.TestExportTorchbind | test_make_fx_tensor_queue_methods_make_fx_tracing_mode_fake | failed | OSError: /tmp/xpu-tool/Python/3.10.20/x64/lib/python3.10/site-packages/torch/build/lib/libtorchbind_test.so: cannot open shared object file: No such file or directory ; OSError: Could not load this library: /tmp/xpu-tool/Python/3.10.20/x64/lib/python3.10/site-packages/torch/build/lib/libtorchbind_test.so | XML |
| op_ut | third_party.torch-xpu-ops.test.xpu.export.test_torchbind_xpu.TestExportTorchbind | test_custom_obj_unbacked_symint_pre_dispatch_True | failed | OSError: /tmp/xpu-tool/Python/3.10.20/x64/lib/python3.10/site-packages/torch/build/lib/libtorchbind_test.so: cannot open shared object file: No such file or directory ; OSError: Could not load this library: /tmp/xpu-tool/Python/3.10.20/x64/lib/python3.10/site-packages/torch/build/lib/libtorchbind_test.so | XML |
| op_ut | third_party.torch-xpu-ops.test.xpu.export.test_torchbind_xpu.TestCompileTorchbind | test_compile_global_obj_backend_inductor | failed | OSError: /tmp/xpu-tool/Python/3.10.20/x64/lib/python3.10/site-packages/torch/build/lib/libtorchbind_test.so: cannot open shared object file: No such file or directory ; OSError: Could not load this library: /tmp/xpu-tool/Python/3.10.20/x64/lib/python3.10/site-packages/torch/build/lib/libtorchbind_test.so | XML |
| op_ut | third_party.torch-xpu-ops.test.xpu.export.test_torchbind_xpu.TestRegisterFakeClass | test_register_fake_class_no_torch_bind_class | failed | OSError: /tmp/xpu-tool/Python/3.10.20/x64/lib/python3.10/site-packages/torch/build/lib/libtorchbind_test.so: cannot open shared object file: No such file or directory ; OSError: Could not load this library: /tmp/xpu-tool/Python/3.10.20/x64/lib/python3.10/site-packages/torch/build/lib/libtorchbind_test.so | XML |
| op_ut | third_party.torch-xpu-ops.test.xpu.export.test_torchbind_xpu.TestCompileTorchbind | test_compile_obj_torchbind_op_backend_aot_eager | failed | OSError: /tmp/xpu-tool/Python/3.10.20/x64/lib/python3.10/site-packages/torch/build/lib/libtorchbind_test.so: cannot open shared object file: No such file or directory ; OSError: Could not load this library: /tmp/xpu-tool/Python/3.10.20/x64/lib/python3.10/site-packages/torch/build/lib/libtorchbind_test.so | XML |
| op_ut | third_party.torch-xpu-ops.test.xpu.export.test_torchbind_xpu.TestCompileTorchbind | test_compile_script_object_input_backend_inductor | failed | OSError: /tmp/xpu-tool/Python/3.10.20/x64/lib/python3.10/site-packages/torch/build/lib/libtorchbind_test.so: cannot open shared object file: No such file or directory ; OSError: Could not load this library: /tmp/xpu-tool/Python/3.10.20/x64/lib/python3.10/site-packages/torch/build/lib/libtorchbind_test.so | XML |
| op_ut | third_party.torch-xpu-ops.test.xpu.export.test_torchbind_xpu.TestRegisterFakeClass | test_register_fake_class_valid | failed | OSError: /tmp/xpu-tool/Python/3.10.20/x64/lib/python3.10/site-packages/torch/build/lib/libtorchbind_test.so: cannot open shared object file: No such file or directory ; OSError: Could not load this library: /tmp/xpu-tool/Python/3.10.20/x64/lib/python3.10/site-packages/torch/build/lib/libtorchbind_test.so | XML |
| op_ut | third_party.torch-xpu-ops.test.xpu.higher_order_ops.test_with_effects_xpu.TestWithEffects | test_torchbind_custom_op | failed | OSError: /tmp/xpu-tool/Python/3.10.20/x64/lib/python3.10/site-packages/torch/build/lib/libtorchbind_test.so: cannot open shared object file: No such file or directory ; OSError: Could not load this library: /tmp/xpu-tool/Python/3.10.20/x64/lib/python3.10/site-packages/torch/build/lib/libtorchbind_test.so | XML |
| op_ut | third_party.torch-xpu-ops.test.xpu.test_fx_xpu.TestFX | test_torchbind_class_attribute_in_fx | failed | OSError: /tmp/xpu-tool/Python/3.10.20/x64/lib/python3.10/site-packages/torch/build/lib/libtorchbind_test.so: cannot open shared object file: No such file or directory ; OSError: Could not load this library: /tmp/xpu-tool/Python/3.10.20/x64/lib/python3.10/site-packages/torch/build/lib/libtorchbind_test.so | XML |
| op_ut | third_party.torch-xpu-ops.test.xpu.test_fx_xpu.TestFX | test_torchbind_class_attribute_in_fx_tensor_arg | failed | OSError: /tmp/xpu-tool/Python/3.10.20/x64/lib/python3.10/site-packages/torch/build/lib/libtorchbind_test.so: cannot open shared object file: No such file or directory ; OSError: Could not load this library: /tmp/xpu-tool/Python/3.10.20/x64/lib/python3.10/site-packages/torch/build/lib/libtorchbind_test.so | XML |
| op_ut | third_party.torch-xpu-ops.test.xpu.export.test_draft_export_xpu.TestDraftExport | test_override_size_and_dtype_mismatched_fake_kernels | failed | OSError: /tmp/xpu-tool/Python/3.10.20/x64/lib/python3.10/site-packages/torch/build/lib/libtorchbind_test.so: cannot open shared object file: No such file or directory ; OSError: Could not load this library: /tmp/xpu-tool/Python/3.10.20/x64/lib/python3.10/site-packages/torch/build/lib/libtorchbind_test.so | XML |
| op_ut | third_party.torch-xpu-ops.test.xpu.export.test_draft_export_xpu.TestDraftExport | test_unbacked_div_mod_replacement | failed | OSError: /tmp/xpu-tool/Python/3.10.20/x64/lib/python3.10/site-packages/torch/build/lib/libtorchbind_test.so: cannot open shared object file: No such file or directory ; OSError: Could not load this library: /tmp/xpu-tool/Python/3.10.20/x64/lib/python3.10/site-packages/torch/build/lib/libtorchbind_test.so | XML |
| op_ut | third_party.torch-xpu-ops.test.xpu.export.test_draft_export_xpu.TestDraftExport | test_offsets | failed | OSError: /tmp/xpu-tool/Python/3.10.20/x64/lib/python3.10/site-packages/torch/build/lib/libtorchbind_test.so: cannot open shared object file: No such file or directory ; OSError: Could not load this library: /tmp/xpu-tool/Python/3.10.20/x64/lib/python3.10/site-packages/torch/build/lib/libtorchbind_test.so | XML |
| op_ut | third_party.torch-xpu-ops.test.xpu.export.test_draft_export_xpu.TestDraftExport | test_side_effect1 | failed | OSError: /tmp/xpu-tool/Python/3.10.20/x64/lib/python3.10/site-packages/torch/build/lib/libtorchbind_test.so: cannot open shared object file: No such file or directory ; OSError: Could not load this library: /tmp/xpu-tool/Python/3.10.20/x64/lib/python3.10/site-packages/torch/build/lib/libtorchbind_test.so | XML |
| op_ut | third_party.torch-xpu-ops.test.xpu.export.test_export_xpu.TestExportCustomClass | test_bucketize_scalar_export | failed | OSError: /tmp/xpu-tool/Python/3.10.20/x64/lib/python3.10/site-packages/torch/build/lib/libtorchbind_test.so: cannot open shared object file: No such file or directory ; OSError: Could not load this library: /tmp/xpu-tool/Python/3.10.20/x64/lib/python3.10/site-packages/torch/build/lib/libtorchbind_test.so | XML |
| op_ut | third_party.torch-xpu-ops.test.xpu.export.test_export_xpu.TestExportCustomClass | test_export_script_module | failed | OSError: /tmp/xpu-tool/Python/3.10.20/x64/lib/python3.10/site-packages/torch/build/lib/libtorchbind_test.so: cannot open shared object file: No such file or directory ; OSError: Could not load this library: /tmp/xpu-tool/Python/3.10.20/x64/lib/python3.10/site-packages/torch/build/lib/libtorchbind_test.so | XML |
| op_ut | third_party.torch-xpu-ops.test.xpu.export.test_export_xpu.TestExportCustomClass | test_export_unbacked_lt | failed | OSError: /tmp/xpu-tool/Python/3.10.20/x64/lib/python3.10/site-packages/torch/build/lib/libtorchbind_test.so: cannot open shared object file: No such file or directory ; OSError: Could not load this library: /tmp/xpu-tool/Python/3.10.20/x64/lib/python3.10/site-packages/torch/build/lib/libtorchbind_test.so | XML |
| op_ut | third_party.torch-xpu-ops.test.xpu.export.test_export_xpu.TestExportCustomClass | test_int_lift_constant | failed | OSError: /tmp/xpu-tool/Python/3.10.20/x64/lib/python3.10/site-packages/torch/build/lib/libtorchbind_test.so: cannot open shared object file: No such file or directory ; OSError: Could not load this library: /tmp/xpu-tool/Python/3.10.20/x64/lib/python3.10/site-packages/torch/build/lib/libtorchbind_test.so | XML |
| op_ut | third_party.torch-xpu-ops.test.xpu.export.test_export_xpu.TestExportCustomClass | test_is_fx_tracing | failed | OSError: /tmp/xpu-tool/Python/3.10.20/x64/lib/python3.10/site-packages/torch/build/lib/libtorchbind_test.so: cannot open shared object file: No such file or directory ; OSError: Could not load this library: /tmp/xpu-tool/Python/3.10.20/x64/lib/python3.10/site-packages/torch/build/lib/libtorchbind_test.so | XML |
| op_ut | third_party.torch-xpu-ops.test.xpu.export.test_export_xpu.TestExportCustomClass | test_item | failed | OSError: /tmp/xpu-tool/Python/3.10.20/x64/lib/python3.10/site-packages/torch/build/lib/libtorchbind_test.so: cannot open shared object file: No such file or directory ; OSError: Could not load this library: /tmp/xpu-tool/Python/3.10.20/x64/lib/python3.10/site-packages/torch/build/lib/libtorchbind_test.so | XML |
| op_ut | third_party.torch-xpu-ops.test.xpu.export.test_export_xpu.TestExportCustomClass | test_lift_custom_obj | failed | OSError: /tmp/xpu-tool/Python/3.10.20/x64/lib/python3.10/site-packages/torch/build/lib/libtorchbind_test.so: cannot open shared object file: No such file or directory ; OSError: Could not load this library: /tmp/xpu-tool/Python/3.10.20/x64/lib/python3.10/site-packages/torch/build/lib/libtorchbind_test.so | XML |
| op_ut | third_party.torch-xpu-ops.test.xpu.export.test_export_xpu.TestExportCustomClass | test_preserve_cia_op | failed | OSError: /tmp/xpu-tool/Python/3.10.20/x64/lib/python3.10/site-packages/torch/build/lib/libtorchbind_test.so: cannot open shared object file: No such file or directory ; OSError: Could not load this library: /tmp/xpu-tool/Python/3.10.20/x64/lib/python3.10/site-packages/torch/build/lib/libtorchbind_test.so | XML |
| op_ut | third_party.torch-xpu-ops.test.xpu.export.test_export_xpu.TestExportCustomClass | test_preserve_non_cia_op | failed | OSError: /tmp/xpu-tool/Python/3.10.20/x64/lib/python3.10/site-packages/torch/build/lib/libtorchbind_test.so: cannot open shared object file: No such file or directory ; OSError: Could not load this library: /tmp/xpu-tool/Python/3.10.20/x64/lib/python3.10/site-packages/torch/build/lib/libtorchbind_test.so | XML |
| op_ut | third_party.torch-xpu-ops.test.xpu.export.test_export_xpu.TestExportCustomClass | test_unbacked_contiguous | failed | OSError: /tmp/xpu-tool/Python/3.10.20/x64/lib/python3.10/site-packages/torch/build/lib/libtorchbind_test.so: cannot open shared object file: No such file or directory ; OSError: Could not load this library: /tmp/xpu-tool/Python/3.10.20/x64/lib/python3.10/site-packages/torch/build/lib/libtorchbind_test.so | XML |
| op_ut | third_party.torch-xpu-ops.test.xpu.export.test_export_xpu.TestExportCustomClass | test_unbacked_select_index | failed | OSError: /tmp/xpu-tool/Python/3.10.20/x64/lib/python3.10/site-packages/torch/build/lib/libtorchbind_test.so: cannot open shared object file: No such file or directory ; OSError: Could not load this library: /tmp/xpu-tool/Python/3.10.20/x64/lib/python3.10/site-packages/torch/build/lib/libtorchbind_test.so | XML |
| op_ut | third_party.torch-xpu-ops.test.xpu.export.test_passes_xpu.TestPasses | test_functionalization_with_view_copy | failed | OSError: /tmp/xpu-tool/Python/3.10.20/x64/lib/python3.10/site-packages/torch/build/lib/libtorchbind_test.so: cannot open shared object file: No such file or directory ; OSError: Could not load this library: /tmp/xpu-tool/Python/3.10.20/x64/lib/python3.10/site-packages/torch/build/lib/libtorchbind_test.so | XML |
| op_ut | third_party.torch-xpu-ops.test.xpu.export.test_passes_xpu.TestPasses | test_custom_obj_tuple_out | failed | OSError: /tmp/xpu-tool/Python/3.10.20/x64/lib/python3.10/site-packages/torch/build/lib/libtorchbind_test.so: cannot open shared object file: No such file or directory ; OSError: Could not load this library: /tmp/xpu-tool/Python/3.10.20/x64/lib/python3.10/site-packages/torch/build/lib/libtorchbind_test.so | XML |
| op_ut | third_party.torch-xpu-ops.test.xpu.export.test_serialize_xpu.TestDeserialize | test_custom_obj_tuple_out | failed | OSError: /tmp/xpu-tool/Python/3.10.20/x64/lib/python3.10/site-packages/torch/build/lib/libtorchbind_test.so: cannot open shared object file: No such file or directory ; OSError: Could not load this library: /tmp/xpu-tool/Python/3.10.20/x64/lib/python3.10/site-packages/torch/build/lib/libtorchbind_test.so | XML |
| op_ut | third_party.torch-xpu-ops.test.xpu.export.test_torchbind_xpu.TestExportTorchbind | test_custom_obj_tuple_out_pre_dispatch_False | failed | OSError: /tmp/xpu-tool/Python/3.10.20/x64/lib/python3.10/site-packages/torch/build/lib/libtorchbind_test.so: cannot open shared object file: No such file or directory ; OSError: Could not load this library: /tmp/xpu-tool/Python/3.10.20/x64/lib/python3.10/site-packages/torch/build/lib/libtorchbind_test.so | XML |
| op_ut | third_party.torch-xpu-ops.test.xpu.export.test_torchbind_xpu.TestExportTorchbind | test_custom_obj_tuple_out_pre_dispatch_True | failed | OSError: /tmp/xpu-tool/Python/3.10.20/x64/lib/python3.10/site-packages/torch/build/lib/libtorchbind_test.so: cannot open shared object file: No such file or directory ; OSError: Could not load this library: /tmp/xpu-tool/Python/3.10.20/x64/lib/python3.10/site-packages/torch/build/lib/libtorchbind_test.so | XML |
| op_ut | third_party.torch-xpu-ops.test.xpu.export.test_passes_xpu.TestPasses | test_move_device_example_inputs | failed | OSError: /tmp/xpu-tool/Python/3.10.20/x64/lib/python3.10/site-packages/torch/build/lib/libtorchbind_test.so: cannot open shared object file: No such file or directory ; OSError: Could not load this library: /tmp/xpu-tool/Python/3.10.20/x64/lib/python3.10/site-packages/torch/build/lib/libtorchbind_test.so | XML |
| op_ut | third_party.torch-xpu-ops.test.xpu.export.test_passes_xpu.TestPasses | test_move_to_device_pass | failed | OSError: /tmp/xpu-tool/Python/3.10.20/x64/lib/python3.10/site-packages/torch/build/lib/libtorchbind_test.so: cannot open shared object file: No such file or directory ; OSError: Could not load this library: /tmp/xpu-tool/Python/3.10.20/x64/lib/python3.10/site-packages/torch/build/lib/libtorchbind_test.so | XML |
| op_ut | third_party.torch-xpu-ops.test.xpu.export.test_passes_xpu.TestPasses | test_predispatch_set_grad | failed | OSError: /tmp/xpu-tool/Python/3.10.20/x64/lib/python3.10/site-packages/torch/build/lib/libtorchbind_test.so: cannot open shared object file: No such file or directory ; OSError: Could not load this library: /tmp/xpu-tool/Python/3.10.20/x64/lib/python3.10/site-packages/torch/build/lib/libtorchbind_test.so | XML |
| op_ut | third_party.torch-xpu-ops.test.xpu.export.test_passes_xpu.TestPasses | test_remove_effect_token_kwargs | failed | OSError: /tmp/xpu-tool/Python/3.10.20/x64/lib/python3.10/site-packages/torch/build/lib/libtorchbind_test.so: cannot open shared object file: No such file or directory ; OSError: Could not load this library: /tmp/xpu-tool/Python/3.10.20/x64/lib/python3.10/site-packages/torch/build/lib/libtorchbind_test.so | XML |
| op_ut | third_party.torch-xpu-ops.test.xpu.export.test_passes_xpu.TestPasses | test_sequential_split | failed | OSError: /tmp/xpu-tool/Python/3.10.20/x64/lib/python3.10/site-packages/torch/build/lib/libtorchbind_test.so: cannot open shared object file: No such file or directory ; OSError: Could not load this library: /tmp/xpu-tool/Python/3.10.20/x64/lib/python3.10/site-packages/torch/build/lib/libtorchbind_test.so | XML |
| op_ut | third_party.torch-xpu-ops.test.xpu.export.test_passes_xpu.TestPasses | test_sequential_split_graph | failed | OSError: /tmp/xpu-tool/Python/3.10.20/x64/lib/python3.10/site-packages/torch/build/lib/libtorchbind_test.so: cannot open shared object file: No such file or directory ; OSError: Could not load this library: /tmp/xpu-tool/Python/3.10.20/x64/lib/python3.10/site-packages/torch/build/lib/libtorchbind_test.so | XML |
| op_ut | third_party.torch-xpu-ops.test.xpu.export.test_passes_xpu.TestPasses | test_runtime_assert_multiple_dims | failed | OSError: /tmp/xpu-tool/Python/3.10.20/x64/lib/python3.10/site-packages/torch/build/lib/libtorchbind_test.so: cannot open shared object file: No such file or directory ; OSError: Could not load this library: /tmp/xpu-tool/Python/3.10.20/x64/lib/python3.10/site-packages/torch/build/lib/libtorchbind_test.so | XML |
| op_ut | third_party.torch-xpu-ops.test.xpu.export.test_passes_xpu.TestPasses | test_inline_ | failed | OSError: /tmp/xpu-tool/Python/3.10.20/x64/lib/python3.10/site-packages/torch/build/lib/libtorchbind_test.so: cannot open shared object file: No such file or directory ; OSError: Could not load this library: /tmp/xpu-tool/Python/3.10.20/x64/lib/python3.10/site-packages/torch/build/lib/libtorchbind_test.so | XML |
| op_ut | third_party.torch-xpu-ops.test.xpu.test_fx_xpu.TestFX | test_inline_graph | failed | OSError: /tmp/xpu-tool/Python/3.10.20/x64/lib/python3.10/site-packages/torch/build/lib/libtorchbind_test.so: cannot open shared object file: No such file or directory ; OSError: Could not load this library: /tmp/xpu-tool/Python/3.10.20/x64/lib/python3.10/site-packages/torch/build/lib/libtorchbind_test.so | XML |
| op_ut | third_party.torch-xpu-ops.test.xpu.export.test_passes_xpu.TestPasses | test_fakify_script_objects | failed | OSError: /tmp/xpu-tool/Python/3.10.20/x64/lib/python3.10/site-packages/torch/build/lib/libtorchbind_test.so: cannot open shared object file: No such file or directory ; OSError: Could not load this library: /tmp/xpu-tool/Python/3.10.20/x64/lib/python3.10/site-packages/torch/build/lib/libtorchbind_test.so | XML |
| op_ut | third_party.torch-xpu-ops.test.xpu.export.test_passes_xpu.TestPasses | test_fakify_script_objects_properly_handle_containers | failed | OSError: /tmp/xpu-tool/Python/3.10.20/x64/lib/python3.10/site-packages/torch/build/lib/libtorchbind_test.so: cannot open shared object file: No such file or directory ; OSError: Could not load this library: /tmp/xpu-tool/Python/3.10.20/x64/lib/python3.10/site-packages/torch/build/lib/libtorchbind_test.so | XML |
| op_ut | third_party.torch-xpu-ops.test.xpu.export.test_passes_xpu.TestPasses | test_move_device_submod | failed | OSError: /tmp/xpu-tool/Python/3.10.20/x64/lib/python3.10/site-packages/torch/build/lib/libtorchbind_test.so: cannot open shared object file: No such file or directory ; OSError: Could not load this library: /tmp/xpu-tool/Python/3.10.20/x64/lib/python3.10/site-packages/torch/build/lib/libtorchbind_test.so | XML |
| op_ut | third_party.torch-xpu-ops.test.xpu.export.test_passes_xpu.TestPasses | test_predispatch_autocast | failed | OSError: /tmp/xpu-tool/Python/3.10.20/x64/lib/python3.10/site-packages/torch/build/lib/libtorchbind_test.so: cannot open shared object file: No such file or directory ; OSError: Could not load this library: /tmp/xpu-tool/Python/3.10.20/x64/lib/python3.10/site-packages/torch/build/lib/libtorchbind_test.so | XML |
| op_ut | third_party.torch-xpu-ops.test.xpu.export.test_passes_xpu.TestPasses | test_predispatch_autocast_and_set_grad | failed | OSError: /tmp/xpu-tool/Python/3.10.20/x64/lib/python3.10/site-packages/torch/build/lib/libtorchbind_test.so: cannot open shared object file: No such file or directory ; OSError: Could not load this library: /tmp/xpu-tool/Python/3.10.20/x64/lib/python3.10/site-packages/torch/build/lib/libtorchbind_test.so | XML |
| op_ut | third_party.torch-xpu-ops.test.xpu.export.test_passes_xpu.TestPasses | test_remove_auto_functionalized_pass | failed | OSError: /tmp/xpu-tool/Python/3.10.20/x64/lib/python3.10/site-packages/torch/build/lib/libtorchbind_test.so: cannot open shared object file: No such file or directory ; OSError: Could not load this library: /tmp/xpu-tool/Python/3.10.20/x64/lib/python3.10/site-packages/torch/build/lib/libtorchbind_test.so | XML |
| op_ut | third_party.torch-xpu-ops.test.xpu.export.test_passes_xpu.TestPasses | test_remove_auto_functionalized_pass_tuple | failed | OSError: /tmp/xpu-tool/Python/3.10.20/x64/lib/python3.10/site-packages/torch/build/lib/libtorchbind_test.so: cannot open shared object file: No such file or directory ; OSError: Could not load this library: /tmp/xpu-tool/Python/3.10.20/x64/lib/python3.10/site-packages/torch/build/lib/libtorchbind_test.so | XML |
| op_ut | third_party.torch-xpu-ops.test.xpu.export.test_passes_xpu.TestPasses | test_runtime_assert_inline_constraints_for_cond | failed | OSError: /tmp/xpu-tool/Python/3.10.20/x64/lib/python3.10/site-packages/torch/build/lib/libtorchbind_test.so: cannot open shared object file: No such file or directory ; OSError: Could not load this library: /tmp/xpu-tool/Python/3.10.20/x64/lib/python3.10/site-packages/torch/build/lib/libtorchbind_test.so | XML |
| op_ut | third_party.torch-xpu-ops.test.xpu.export.test_passes_xpu.TestPasses | test_runtime_assert_one_dim | failed | OSError: /tmp/xpu-tool/Python/3.10.20/x64/lib/python3.10/site-packages/torch/build/lib/libtorchbind_test.so: cannot open shared object file: No such file or directory ; OSError: Could not load this library: /tmp/xpu-tool/Python/3.10.20/x64/lib/python3.10/site-packages/torch/build/lib/libtorchbind_test.so | XML |
| op_ut | third_party.torch-xpu-ops.test.xpu.export.test_passes_xpu.TestPasses | test_sequential_split_graph | failed | OSError: /tmp/xpu-tool/Python/3.10.20/x64/lib/python3.10/site-packages/torch/build/lib/libtorchbind_test.so: cannot open shared object file: No such file or directory ; OSError: Could not load this library: /tmp/xpu-tool/Python/3.10.20/x64/lib/python3.10/site-packages/torch/build/lib/libtorchbind_test.so | XML |
| op_ut | third_party.torch-xpu-ops.test.xpu.export.test_passes_xpu.TestPasses | test_math_ops | failed | OSError: /tmp/xpu-tool/Python/3.10.20/x64/lib/python3.10/site-packages/torch/build/lib/libtorchbind_test.so: cannot open shared object file: No such file or directory ; OSError: Could not load this library: /tmp/xpu-tool/Python/3.10.20/x64/lib/python3.10/site-packages/torch/build/lib/libtorchbind_test.so | XML |
| op_ut | third_party.torch-xpu-ops.test.xpu.export.test_passes_xpu.TestPasses | test_fakify_script_objects_properly_handle_containers | failed | OSError: /tmp/xpu-tool/Python/3.10.20/x64/lib/python3.10/site-packages/torch/build/lib/libtorchbind_test.so: cannot open shared object file: No such file or directory ; OSError: Could not load this library: /tmp/xpu-tool/Python/3.10.20/x64/lib/python3.10/site-packages/torch/build/lib/libtorchbind_test.so | XML |
| op_ut | third_party.torch-xpu-ops.test.xpu.export.test_passes_xpu.TestPasses | test_predispatch_autocast_and_set_grad | failed | OSError: /tmp/xpu-tool/Python/3.10.20/x64/lib/python3.10/site-packages/torch/build/lib/libtorchbind_test.so: cannot open shared object file: No such file or directory ; OSError: Could not load this library: /tmp/xpu-tool/Python/3.10.20/x64/lib/python3.10/site-packages/torch/build/lib/libtorchbind_test.so | XML |
| op_ut | third_party.torch-xpu-ops.test.xpu.export.test_passes_xpu.TestPasses | test_move_device_to | failed | OSError: /tmp/xpu-tool/Python/3.10.20/x64/lib/python3.10/site-packages/torch/build/lib/libtorchbind_test.so: cannot open shared object file: No such file or directory ; OSError: Could not load this library: /tmp/xpu-tool/Python/3.10.20/x64/lib/python3.10/site-packages/torch/build/lib/libtorchbind_test.so | XML |
| op_ut | third_party.torch-xpu-ops.test.xpu.export.test_passes_xpu.TestPasses | test_remove_auto_functionalized_pass_tuple | failed | OSError: /tmp/xpu-tool/Python/3.10.20/x64/lib/python3.10/site-packages/torch/build/lib/libtorchbind_test.so: cannot open shared object file: No such file or directory ; OSError: Could not load this library: /tmp/xpu-tool/Python/3.10.20/x64/lib/python3.10/site-packages/torch/build/lib/libtorchbind_test.so | XML |
| op_ut | third_party.torch-xpu-ops.test.xpu.export.test_passes_xpu.TestPasses | test_runtime_assert_inline_constraints_for_item | failed | OSError: /tmp/xpu-tool/Python/3.10.20/x64/lib/python3.10/site-packages/torch/build/lib/libtorchbind_test.so: cannot open shared object file: No such file or directory ; OSError: Could not load this library: /tmp/xpu-tool/Python/3.10.20/x64/lib/python3.10/site-packages/torch/build/lib/libtorchbind_test.so | XML |
| op_ut | third_party.torch-xpu-ops.test.xpu.export.test_passes_xpu.TestPasses | test_runtime_assert_some_dims_not_specified | failed | OSError: /tmp/xpu-tool/Python/3.10.20/x64/lib/python3.10/site-packages/torch/build/lib/libtorchbind_test.so: cannot open shared object file: No such file or directory ; OSError: Could not load this library: /tmp/xpu-tool/Python/3.10.20/x64/lib/python3.10/site-packages/torch/build/lib/libtorchbind_test.so | XML |
| op_ut | third_party.torch-xpu-ops.test.xpu.export.test_passes_xpu.TestPasses | test_view_to_view_copy | failed | OSError: /tmp/xpu-tool/Python/3.10.20/x64/lib/python3.10/site-packages/torch/build/lib/libtorchbind_test.so: cannot open shared object file: No such file or directory ; OSError: Could not load this library: /tmp/xpu-tool/Python/3.10.20/x64/lib/python3.10/site-packages/torch/build/lib/libtorchbind_test.so | XML |
| op_ut | third_party.torch-xpu-ops.test.xpu.export.test_passes_xpu.TestPasses | test_runtime_assert_inline_constraints_for_nonzero | failed | OSError: /tmp/xpu-tool/Python/3.10.20/x64/lib/python3.10/site-packages/torch/build/lib/libtorchbind_test.so: cannot open shared object file: No such file or directory ; OSError: Could not load this library: /tmp/xpu-tool/Python/3.10.20/x64/lib/python3.10/site-packages/torch/build/lib/libtorchbind_test.so | XML |
| op_ut | third_party.torch-xpu-ops.test.xpu.export.test_passes_xpu.TestPasses | test_runtime_assert_some_inps_not_used | failed | OSError: /tmp/xpu-tool/Python/3.10.20/x64/lib/python3.10/site-packages/torch/build/lib/libtorchbind_test.so: cannot open shared object file: No such file or directory ; OSError: Could not load this library: /tmp/xpu-tool/Python/3.10.20/x64/lib/python3.10/site-packages/torch/build/lib/libtorchbind_test.so | XML |
| op_ut | third_party.torch-xpu-ops.test.xpu.export.test_passes_xpu.TestPasses | test_views_op_having_view_copy | failed | OSError: /tmp/xpu-tool/Python/3.10.20/x64/lib/python3.10/site-packages/torch/build/lib/libtorchbind_test.so: cannot open shared object file: No such file or directory ; OSError: Could not load this library: /tmp/xpu-tool/Python/3.10.20/x64/lib/python3.10/site-packages/torch/build/lib/libtorchbind_test.so | XML |
| op_ut | third_party.torch-xpu-ops.test.xpu.export.test_serdes_xpu.SerDesExportTestExport | test_vmap_to_assert_serdes_strict | failed | Unexpected success | XML |
| op_ut | third_party.torch-xpu-ops.test.xpu.export.test_serdes_xpu.SerDesExportNonStrictTestExport | test_vmap_serdes_nonstrict | failed | Unexpected success | XML |
| op_ut | third_party.torch-xpu-ops.test.xpu.export.test_serdes_xpu.SerDesExportNonStrictTestExport | test_vmap_to_assert_serdes_nonstrict | failed | Unexpected success | XML |
| op_ut | third_party.torch-xpu-ops.test.xpu.export.test_serdes_xpu.SerDesExportTestExport | test_vmap_serdes_strict | failed | Unexpected success | XML |
| op_ut | third_party.torch-xpu-ops.test.xpu.export.test_serialize_xpu.TestDeserialize | test_exportdb_supported_case_type_reflection_method | failed | OSError: /tmp/xpu-tool/Python/3.10.20/x64/lib/python3.10/site-packages/torch/build/lib/libtorchbind_test.so: cannot open shared object file: No such file or directory ; OSError: Could not load this library: /tmp/xpu-tool/Python/3.10.20/x64/lib/python3.10/site-packages/torch/build/lib/libtorchbind_test.so | XML |
| op_ut | third_party.torch-xpu-ops.test.xpu.export.test_serialize_xpu.TestDeserialize | test_exportdb_supported_case_class_method | failed | OSError: /tmp/xpu-tool/Python/3.10.20/x64/lib/python3.10/site-packages/torch/build/lib/libtorchbind_test.so: cannot open shared object file: No such file or directory ; OSError: Could not load this library: /tmp/xpu-tool/Python/3.10.20/x64/lib/python3.10/site-packages/torch/build/lib/libtorchbind_test.so | XML |
| op_ut | third_party.torch-xpu-ops.test.xpu.export.test_serialize_xpu.TestDeserialize | test_positional_argument_with_default_value | failed | OSError: /tmp/xpu-tool/Python/3.10.20/x64/lib/python3.10/site-packages/torch/build/lib/libtorchbind_test.so: cannot open shared object file: No such file or directory ; OSError: Could not load this library: /tmp/xpu-tool/Python/3.10.20/x64/lib/python3.10/site-packages/torch/build/lib/libtorchbind_test.so | XML |
| op_ut | third_party.torch-xpu-ops.test.xpu.export.test_serialize_xpu.TestDeserialize | test_exportdb_supported_case_dynamic_shape_slicing | failed | OSError: /tmp/xpu-tool/Python/3.10.20/x64/lib/python3.10/site-packages/torch/build/lib/libtorchbind_test.so: cannot open shared object file: No such file or directory ; OSError: Could not load this library: /tmp/xpu-tool/Python/3.10.20/x64/lib/python3.10/site-packages/torch/build/lib/libtorchbind_test.so | XML |
| op_ut | third_party.torch-xpu-ops.test.xpu.export.test_serialize_xpu.TestDeserialize | test_exportdb_supported_case_unsupported_operator | failed | OSError: /tmp/xpu-tool/Python/3.10.20/x64/lib/python3.10/site-packages/torch/build/lib/libtorchbind_test.so: cannot open shared object file: No such file or directory ; OSError: Could not load this library: /tmp/xpu-tool/Python/3.10.20/x64/lib/python3.10/site-packages/torch/build/lib/libtorchbind_test.so | XML |
| op_ut | third_party.torch-xpu-ops.test.xpu.export.test_serialize_xpu.TestDeserialize | test_exportdb_supported_case_dynamic_shape_view | failed | OSError: /tmp/xpu-tool/Python/3.10.20/x64/lib/python3.10/site-packages/torch/build/lib/libtorchbind_test.so: cannot open shared object file: No such file or directory ; OSError: Could not load this library: /tmp/xpu-tool/Python/3.10.20/x64/lib/python3.10/site-packages/torch/build/lib/libtorchbind_test.so | XML |
| op_ut | third_party.torch-xpu-ops.test.xpu.export.test_serialize_xpu.TestDeserialize | test_exportdb_supported_case_cond_branch_class_method | failed | OSError: /tmp/xpu-tool/Python/3.10.20/x64/lib/python3.10/site-packages/torch/build/lib/libtorchbind_test.so: cannot open shared object file: No such file or directory ; OSError: Could not load this library: /tmp/xpu-tool/Python/3.10.20/x64/lib/python3.10/site-packages/torch/build/lib/libtorchbind_test.so | XML |
| op_ut | third_party.torch-xpu-ops.test.xpu.export.test_serialize_xpu.TestDeserialize | test_pytree_namedtuple | failed | OSError: /tmp/xpu-tool/Python/3.10.20/x64/lib/python3.10/site-packages/torch/build/lib/libtorchbind_test.so: cannot open shared object file: No such file or directory ; OSError: Could not load this library: /tmp/xpu-tool/Python/3.10.20/x64/lib/python3.10/site-packages/torch/build/lib/libtorchbind_test.so | XML |
| op_ut | third_party.torch-xpu-ops.test.xpu.export.test_serialize_xpu.TestDeserialize | test_exportdb_supported_case_user_input_mutation | failed | OSError: /tmp/xpu-tool/Python/3.10.20/x64/lib/python3.10/site-packages/torch/build/lib/libtorchbind_test.so: cannot open shared object file: No such file or directory ; OSError: Could not load this library: /tmp/xpu-tool/Python/3.10.20/x64/lib/python3.10/site-packages/torch/build/lib/libtorchbind_test.so | XML |
| op_ut | third_party.torch-xpu-ops.test.xpu.export.test_serialize_xpu.TestDeserialize | test_exportdb_supported_case_fn_with_kwargs | failed | OSError: /tmp/xpu-tool/Python/3.10.20/x64/lib/python3.10/site-packages/torch/build/lib/libtorchbind_test.so: cannot open shared object file: No such file or directory ; OSError: Could not load this library: /tmp/xpu-tool/Python/3.10.20/x64/lib/python3.10/site-packages/torch/build/lib/libtorchbind_test.so | XML |
| op_ut | third_party.torch-xpu-ops.test.xpu.export.test_serialize_xpu.TestDeserialize | test_exportdb_supported_case_cond_branch_nested_function | failed | OSError: /tmp/xpu-tool/Python/3.10.20/x64/lib/python3.10/site-packages/torch/build/lib/libtorchbind_test.so: cannot open shared object file: No such file or directory ; OSError: Could not load this library: /tmp/xpu-tool/Python/3.10.20/x64/lib/python3.10/site-packages/torch/build/lib/libtorchbind_test.so | XML |
| op_ut | third_party.torch-xpu-ops.test.xpu.export.test_serialize_xpu.TestDeserialize | test_serialize_float8 | failed | OSError: /tmp/xpu-tool/Python/3.10.20/x64/lib/python3.10/site-packages/torch/build/lib/libtorchbind_test.so: cannot open shared object file: No such file or directory ; OSError: Could not load this library: /tmp/xpu-tool/Python/3.10.20/x64/lib/python3.10/site-packages/torch/build/lib/libtorchbind_test.so | XML |
| op_ut | third_party.torch-xpu-ops.test.xpu.export.test_serialize_xpu.TestDeserialize | test_forward_compatibility | failed | OSError: /tmp/xpu-tool/Python/3.10.20/x64/lib/python3.10/site-packages/torch/build/lib/libtorchbind_test.so: cannot open shared object file: No such file or directory ; OSError: Could not load this library: /tmp/xpu-tool/Python/3.10.20/x64/lib/python3.10/site-packages/torch/build/lib/libtorchbind_test.so | XML |
| op_ut | third_party.torch-xpu-ops.test.xpu.export.test_serialize_xpu.TestDeserialize | test_exportdb_supported_case_cond_branch_nonlocal_variables | failed | OSError: /tmp/xpu-tool/Python/3.10.20/x64/lib/python3.10/site-packages/torch/build/lib/libtorchbind_test.so: cannot open shared object file: No such file or directory ; OSError: Could not load this library: /tmp/xpu-tool/Python/3.10.20/x64/lib/python3.10/site-packages/torch/build/lib/libtorchbind_test.so | XML |
| op_ut | third_party.torch-xpu-ops.test.xpu.export.test_serialize_xpu.TestDeserialize | test_exportdb_supported_case_list_contains | failed | OSError: /tmp/xpu-tool/Python/3.10.20/x64/lib/python3.10/site-packages/torch/build/lib/libtorchbind_test.so: cannot open shared object file: No such file or directory ; OSError: Could not load this library: /tmp/xpu-tool/Python/3.10.20/x64/lib/python3.10/site-packages/torch/build/lib/libtorchbind_test.so | XML |
| op_ut | third_party.torch-xpu-ops.test.xpu.export.test_draft_export_xpu.TestDraftExport | test_shape_failure | failed | OSError: /tmp/xpu-tool/Python/3.10.20/x64/lib/python3.10/site-packages/torch/build/lib/libtorchbind_test.so: cannot open shared object file: No such file or directory ; OSError: Could not load this library: /tmp/xpu-tool/Python/3.10.20/x64/lib/python3.10/site-packages/torch/build/lib/libtorchbind_test.so | XML |
| op_ut | third_party.torch-xpu-ops.test.xpu.export.test_serialize_xpu.TestDeserialize | test_shape | failed | OSError: /tmp/xpu-tool/Python/3.10.20/x64/lib/python3.10/site-packages/torch/build/lib/libtorchbind_test.so: cannot open shared object file: No such file or directory ; OSError: Could not load this library: /tmp/xpu-tool/Python/3.10.20/x64/lib/python3.10/site-packages/torch/build/lib/libtorchbind_test.so | XML |
| op_ut | third_party.torch-xpu-ops.test.xpu.test_fx_xpu.TestFX | test_shape_prop_aggregate | failed | OSError: /tmp/xpu-tool/Python/3.10.20/x64/lib/python3.10/site-packages/torch/build/lib/libtorchbind_test.so: cannot open shared object file: No such file or directory ; OSError: Could not load this library: /tmp/xpu-tool/Python/3.10.20/x64/lib/python3.10/site-packages/torch/build/lib/libtorchbind_test.so | XML |
| op_ut | third_party.torch-xpu-ops.test.xpu.test_fx_xpu.TestFX | test_shape_prop_layout | failed | OSError: /tmp/xpu-tool/Python/3.10.20/x64/lib/python3.10/site-packages/torch/build/lib/libtorchbind_test.so: cannot open shared object file: No such file or directory ; OSError: Could not load this library: /tmp/xpu-tool/Python/3.10.20/x64/lib/python3.10/site-packages/torch/build/lib/libtorchbind_test.so | XML |
| op_ut | third_party.torch-xpu-ops.test.xpu.test_fx_xpu.TestFX | test_shape_prop_layout_3d | failed | OSError: /tmp/xpu-tool/Python/3.10.20/x64/lib/python3.10/site-packages/torch/build/lib/libtorchbind_test.so: cannot open shared object file: No such file or directory ; OSError: Could not load this library: /tmp/xpu-tool/Python/3.10.20/x64/lib/python3.10/site-packages/torch/build/lib/libtorchbind_test.so | XML |
| op_ut | third_party.torch-xpu-ops.test.xpu.test_fx_xpu.TestFX | test_shape_prop_unbacked_sym | failed | OSError: /tmp/xpu-tool/Python/3.10.20/x64/lib/python3.10/site-packages/torch/build/lib/libtorchbind_test.so: cannot open shared object file: No such file or directory ; OSError: Could not load this library: /tmp/xpu-tool/Python/3.10.20/x64/lib/python3.10/site-packages/torch/build/lib/libtorchbind_test.so | XML |
| op_ut | third_party.torch-xpu-ops.test.xpu.export.test_serialize_xpu.TestDeserialize | test_exportdb_supported_case_cond_closed_over_variable | failed | OSError: /tmp/xpu-tool/Python/3.10.20/x64/lib/python3.10/site-packages/torch/build/lib/libtorchbind_test.so: cannot open shared object file: No such file or directory ; OSError: Could not load this library: /tmp/xpu-tool/Python/3.10.20/x64/lib/python3.10/site-packages/torch/build/lib/libtorchbind_test.so | XML |
| op_ut | third_party.torch-xpu-ops.test.xpu.export.test_serialize_xpu.TestDeserialize | test_exportdb_supported_case_list_unpack | failed | OSError: /tmp/xpu-tool/Python/3.10.20/x64/lib/python3.10/site-packages/torch/build/lib/libtorchbind_test.so: cannot open shared object file: No such file or directory ; OSError: Could not load this library: /tmp/xpu-tool/Python/3.10.20/x64/lib/python3.10/site-packages/torch/build/lib/libtorchbind_test.so | XML |
| op_ut | third_party.torch-xpu-ops.test.xpu.export.test_serialize_xpu.TestDeserialize | test_get_attr | failed | OSError: /tmp/xpu-tool/Python/3.10.20/x64/lib/python3.10/site-packages/torch/build/lib/libtorchbind_test.so: cannot open shared object file: No such file or directory ; OSError: Could not load this library: /tmp/xpu-tool/Python/3.10.20/x64/lib/python3.10/site-packages/torch/build/lib/libtorchbind_test.so | XML |
| op_ut | third_party.torch-xpu-ops.test.xpu.export.test_serialize_xpu.TestDeserialize | test_get_attr_list | failed | OSError: /tmp/xpu-tool/Python/3.10.20/x64/lib/python3.10/site-packages/torch/build/lib/libtorchbind_test.so: cannot open shared object file: No such file or directory ; OSError: Could not load this library: /tmp/xpu-tool/Python/3.10.20/x64/lib/python3.10/site-packages/torch/build/lib/libtorchbind_test.so | XML |
| op_ut | third_party.torch-xpu-ops.test.xpu.export.test_serialize_xpu.TestDeserialize | test_sym_bool | failed | OSError: /tmp/xpu-tool/Python/3.10.20/x64/lib/python3.10/site-packages/torch/build/lib/libtorchbind_test.so: cannot open shared object file: No such file or directory ; OSError: Could not load this library: /tmp/xpu-tool/Python/3.10.20/x64/lib/python3.10/site-packages/torch/build/lib/libtorchbind_test.so | XML |
| op_ut | third_party.torch-xpu-ops.test.xpu.export.test_serialize_xpu.TestDeserialize | test_sym_bool_dynamic_shapes | failed | OSError: /tmp/xpu-tool/Python/3.10.20/x64/lib/python3.10/site-packages/torch/build/lib/libtorchbind_test.so: cannot open shared object file: No such file or directory ; OSError: Could not load this library: /tmp/xpu-tool/Python/3.10.20/x64/lib/python3.10/site-packages/torch/build/lib/libtorchbind_test.so | XML |
| op_ut | third_party.torch-xpu-ops.test.xpu.export.test_serialize_xpu.TestDeserialize | test_sym_bool_torch_check_equal | failed | OSError: /tmp/xpu-tool/Python/3.10.20/x64/lib/python3.10/site-packages/torch/build/lib/libtorchbind_test.so: cannot open shared object file: No such file or directory ; OSError: Could not load this library: /tmp/xpu-tool/Python/3.10.20/x64/lib/python3.10/site-packages/torch/build/lib/libtorchbind_test.so | XML |
| op_ut | third_party.torch-xpu-ops.test.xpu.export.test_serialize_xpu.TestDeserialize | test_sym_bool_dynamic_shapes | failed | OSError: /tmp/xpu-tool/Python/3.10.20/x64/lib/python3.10/site-packages/torch/build/lib/libtorchbind_test.so: cannot open shared object file: No such file or directory ; OSError: Could not load this library: /tmp/xpu-tool/Python/3.10.20/x64/lib/python3.10/site-packages/torch/build/lib/libtorchbind_test.so | XML |
| op_ut | third_party.torch-xpu-ops.test.xpu.export.test_serialize_xpu.TestDeserialize | test_get_attr_list | failed | OSError: /tmp/xpu-tool/Python/3.10.20/x64/lib/python3.10/site-packages/torch/build/lib/libtorchbind_test.so: cannot open shared object file: No such file or directory ; OSError: Could not load this library: /tmp/xpu-tool/Python/3.10.20/x64/lib/python3.10/site-packages/torch/build/lib/libtorchbind_test.so | XML |
| op_ut | third_party.torch-xpu-ops.test.xpu.export.test_serialize_xpu.TestDeserialize | test_exportdb_supported_case_model_attr_mutation | failed | OSError: /tmp/xpu-tool/Python/3.10.20/x64/lib/python3.10/site-packages/torch/build/lib/libtorchbind_test.so: cannot open shared object file: No such file or directory ; OSError: Could not load this library: /tmp/xpu-tool/Python/3.10.20/x64/lib/python3.10/site-packages/torch/build/lib/libtorchbind_test.so | XML |
| op_ut | third_party.torch-xpu-ops.test.xpu.export.test_serialize_xpu.TestDeserialize | test_exportdb_supported_case_cond_operands | failed | OSError: /tmp/xpu-tool/Python/3.10.20/x64/lib/python3.10/site-packages/torch/build/lib/libtorchbind_test.so: cannot open shared object file: No such file or directory ; OSError: Could not load this library: /tmp/xpu-tool/Python/3.10.20/x64/lib/python3.10/site-packages/torch/build/lib/libtorchbind_test.so | XML |
| op_ut | third_party.torch-xpu-ops.test.xpu.export.test_serialize_xpu.TestDeserialize | test_hoo_symint_input | failed | OSError: /tmp/xpu-tool/Python/3.10.20/x64/lib/python3.10/site-packages/torch/build/lib/libtorchbind_test.so: cannot open shared object file: No such file or directory ; OSError: Could not load this library: /tmp/xpu-tool/Python/3.10.20/x64/lib/python3.10/site-packages/torch/build/lib/libtorchbind_test.so | XML |
| op_ut | third_party.torch-xpu-ops.test.xpu.export.test_serialize_xpu.TestDeserialize | test_sym_bool_torch_check_equal | failed | OSError: /tmp/xpu-tool/Python/3.10.20/x64/lib/python3.10/site-packages/torch/build/lib/libtorchbind_test.so: cannot open shared object file: No such file or directory ; OSError: Could not load this library: /tmp/xpu-tool/Python/3.10.20/x64/lib/python3.10/site-packages/torch/build/lib/libtorchbind_test.so | XML |
| op_ut | third_party.torch-xpu-ops.test.xpu.export.test_serialize_xpu.TestDeserialize | test_exportdb_supported_case_nested_function | failed | OSError: /tmp/xpu-tool/Python/3.10.20/x64/lib/python3.10/site-packages/torch/build/lib/libtorchbind_test.so: cannot open shared object file: No such file or directory ; OSError: Could not load this library: /tmp/xpu-tool/Python/3.10.20/x64/lib/python3.10/site-packages/torch/build/lib/libtorchbind_test.so | XML |
| op_ut | third_party.torch-xpu-ops.test.xpu.export.test_serialize_xpu.TestDeserialize | test_exportdb_supported_case_cond_predicate | failed | OSError: /tmp/xpu-tool/Python/3.10.20/x64/lib/python3.10/site-packages/torch/build/lib/libtorchbind_test.so: cannot open shared object file: No such file or directory ; OSError: Could not load this library: /tmp/xpu-tool/Python/3.10.20/x64/lib/python3.10/site-packages/torch/build/lib/libtorchbind_test.so | XML |
| op_ut | third_party.torch-xpu-ops.test.xpu.export.test_serialize_xpu.TestDeserialize | test_sym_float | failed | OSError: /tmp/xpu-tool/Python/3.10.20/x64/lib/python3.10/site-packages/torch/build/lib/libtorchbind_test.so: cannot open shared object file: No such file or directory ; OSError: Could not load this library: /tmp/xpu-tool/Python/3.10.20/x64/lib/python3.10/site-packages/torch/build/lib/libtorchbind_test.so | XML |
| op_ut | third_party.torch-xpu-ops.test.xpu.export.test_serialize_xpu.TestDeserialize | test_exportdb_supported_case_null_context_manager | failed | OSError: /tmp/xpu-tool/Python/3.10.20/x64/lib/python3.10/site-packages/torch/build/lib/libtorchbind_test.so: cannot open shared object file: No such file or directory ; OSError: Could not load this library: /tmp/xpu-tool/Python/3.10.20/x64/lib/python3.10/site-packages/torch/build/lib/libtorchbind_test.so | XML |
| op_ut | third_party.torch-xpu-ops.test.xpu.export.test_serialize_xpu.TestDeserialize | test_exportdb_supported_case_constrain_as_size_example | failed | OSError: /tmp/xpu-tool/Python/3.10.20/x64/lib/python3.10/site-packages/torch/build/lib/libtorchbind_test.so: cannot open shared object file: No such file or directory ; OSError: Could not load this library: /tmp/xpu-tool/Python/3.10.20/x64/lib/python3.10/site-packages/torch/build/lib/libtorchbind_test.so | XML |
| op_ut | third_party.torch-xpu-ops.test.xpu.export.test_serialize_xpu.TestDeserialize | test_list_of_optional_tensors | failed | OSError: /tmp/xpu-tool/Python/3.10.20/x64/lib/python3.10/site-packages/torch/build/lib/libtorchbind_test.so: cannot open shared object file: No such file or directory ; OSError: Could not load this library: /tmp/xpu-tool/Python/3.10.20/x64/lib/python3.10/site-packages/torch/build/lib/libtorchbind_test.so | XML |
| op_ut | third_party.torch-xpu-ops.test.xpu.export.test_serialize_xpu.TestDeserialize | test_sym_int_torch_check_equal | failed | OSError: /tmp/xpu-tool/Python/3.10.20/x64/lib/python3.10/site-packages/torch/build/lib/libtorchbind_test.so: cannot open shared object file: No such file or directory ; OSError: Could not load this library: /tmp/xpu-tool/Python/3.10.20/x64/lib/python3.10/site-packages/torch/build/lib/libtorchbind_test.so | XML |
| op_ut | third_party.torch-xpu-ops.test.xpu.export.test_serialize_xpu.TestDeserialize | test_exportdb_supported_case_optional_input | failed | OSError: /tmp/xpu-tool/Python/3.10.20/x64/lib/python3.10/site-packages/torch/build/lib/libtorchbind_test.so: cannot open shared object file: No such file or directory ; OSError: Could not load this library: /tmp/xpu-tool/Python/3.10.20/x64/lib/python3.10/site-packages/torch/build/lib/libtorchbind_test.so | XML |
| op_ut | third_party.torch-xpu-ops.test.xpu.export.test_serialize_xpu.TestDeserialize | test_map | failed | OSError: /tmp/xpu-tool/Python/3.10.20/x64/lib/python3.10/site-packages/torch/build/lib/libtorchbind_test.so: cannot open shared object file: No such file or directory ; OSError: Could not load this library: /tmp/xpu-tool/Python/3.10.20/x64/lib/python3.10/site-packages/torch/build/lib/libtorchbind_test.so | XML |
| op_ut | third_party.torch-xpu-ops.test.xpu.functorch.test_control_flow_xpu.TestControlFlow | test_map_illegal_outputs | failed | AssertionError: "map doesn't work unless it is captured completely" does not match "This higher order operator doesn't work unless it is captured completely with torch.compile. Got graph break/error: | XML |
| op_ut | third_party.torch-xpu-ops.test.xpu.functorch.test_control_flow_xpu.TestControlFlowTraced | test_map_functionalized_elem_alias | failed | AssertionError: "map doesn't work unless it is captured completely with torch.compile.*" does not match "This higher order operator doesn't work unless it is captured completely with torch.compile. Got graph break/error: | XML |
| op_ut | third_party.torch-xpu-ops.test.xpu.export.test_serialize_xpu.TestDeserialize | test_exportdb_supported_case_constrain_as_value_example | failed | OSError: /tmp/xpu-tool/Python/3.10.20/x64/lib/python3.10/site-packages/torch/build/lib/libtorchbind_test.so: cannot open shared object file: No such file or directory ; OSError: Could not load this library: /tmp/xpu-tool/Python/3.10.20/x64/lib/python3.10/site-packages/torch/build/lib/libtorchbind_test.so | XML |
| op_ut | third_party.torch-xpu-ops.test.xpu.export.test_serialize_xpu.TestDeserialize | test_module | failed | OSError: /tmp/xpu-tool/Python/3.10.20/x64/lib/python3.10/site-packages/torch/build/lib/libtorchbind_test.so: cannot open shared object file: No such file or directory ; OSError: Could not load this library: /tmp/xpu-tool/Python/3.10.20/x64/lib/python3.10/site-packages/torch/build/lib/libtorchbind_test.so | XML |
| op_ut | third_party.torch-xpu-ops.test.xpu.export.test_serialize_xpu.TestDeserialize | test_module_meta | failed | OSError: /tmp/xpu-tool/Python/3.10.20/x64/lib/python3.10/site-packages/torch/build/lib/libtorchbind_test.so: cannot open shared object file: No such file or directory ; OSError: Could not load this library: /tmp/xpu-tool/Python/3.10.20/x64/lib/python3.10/site-packages/torch/build/lib/libtorchbind_test.so | XML |
| op_ut | third_party.torch-xpu-ops.test.xpu.test_fx_xpu.TestFX | test_module_deepcopy_edit_nodes | failed | OSError: /tmp/xpu-tool/Python/3.10.20/x64/lib/python3.10/site-packages/torch/build/lib/libtorchbind_test.so: cannot open shared object file: No such file or directory ; OSError: Could not load this library: /tmp/xpu-tool/Python/3.10.20/x64/lib/python3.10/site-packages/torch/build/lib/libtorchbind_test.so | XML |
| op_ut | third_party.torch-xpu-ops.test.xpu.test_modules_xpu.TestModuleXPU | test_cpu_gpu_parity_nn_ConvTranspose1d_xpu_complex32 | failed | Unexpected success | XML |
| op_ut | third_party.torch-xpu-ops.test.xpu.test_modules_xpu.TestModuleXPU | test_memory_format_nn_Conv2d_xpu_float64 | failed | Unexpected success | XML |
| op_ut | third_party.torch-xpu-ops.test.xpu.test_modules_xpu.TestModuleXPU | test_memory_format_nn_ConvTranspose2d_xpu_float64 | failed | Unexpected success | XML |
| op_ut | third_party.torch-xpu-ops.test.xpu.test_modules_xpu.TestModuleXPU | test_memory_format_nn_LazyConv2d_xpu_float64 | failed | Unexpected success | XML |
| op_ut | third_party.torch-xpu-ops.test.xpu.test_modules_xpu.TestModuleXPU | test_memory_format_nn_LazyConvTranspose2d_xpu_float64 | failed | Unexpected success | XML |
| op_ut | third_party.torch-xpu-ops.test.xpu.test_fake_tensor_xpu.FakeTensorOperatorInvariants | test_module_to | failed | RuntimeError: Cannot swap t1 because it has weakref associated with it ; RuntimeError: _apply(): Couldn't swap Linear.weight | XML |
| op_ut | third_party.torch-xpu-ops.test.xpu.export.test_serialize_xpu.TestDeserialize | test_sym_ite | failed | OSError: /tmp/xpu-tool/Python/3.10.20/x64/lib/python3.10/site-packages/torch/build/lib/libtorchbind_test.so: cannot open shared object file: No such file or directory ; OSError: Could not load this library: /tmp/xpu-tool/Python/3.10.20/x64/lib/python3.10/site-packages/torch/build/lib/libtorchbind_test.so | XML |
| op_ut | third_party.torch-xpu-ops.test.xpu.export.test_serialize_xpu.TestDeserialize | test_exportdb_supported_case_pytree_flatten | failed | OSError: /tmp/xpu-tool/Python/3.10.20/x64/lib/python3.10/site-packages/torch/build/lib/libtorchbind_test.so: cannot open shared object file: No such file or directory ; OSError: Could not load this library: /tmp/xpu-tool/Python/3.10.20/x64/lib/python3.10/site-packages/torch/build/lib/libtorchbind_test.so | XML |
| op_ut | third_party.torch-xpu-ops.test.xpu.export.test_serialize_xpu.TestDeserialize | test_exportdb_supported_case_decorator | failed | OSError: /tmp/xpu-tool/Python/3.10.20/x64/lib/python3.10/site-packages/torch/build/lib/libtorchbind_test.so: cannot open shared object file: No such file or directory ; OSError: Could not load this library: /tmp/xpu-tool/Python/3.10.20/x64/lib/python3.10/site-packages/torch/build/lib/libtorchbind_test.so | XML |
| op_ut | third_party.torch-xpu-ops.test.xpu.export.test_serialize_xpu.TestDeserialize | test_exportdb_supported_case_dictionary | failed | OSError: /tmp/xpu-tool/Python/3.10.20/x64/lib/python3.10/site-packages/torch/build/lib/libtorchbind_test.so: cannot open shared object file: No such file or directory ; OSError: Could not load this library: /tmp/xpu-tool/Python/3.10.20/x64/lib/python3.10/site-packages/torch/build/lib/libtorchbind_test.so | XML |
| op_ut | third_party.torch-xpu-ops.test.xpu.export.test_serialize_xpu.TestDeserialize | test_exportdb_supported_case_scalar_output | failed | OSError: /tmp/xpu-tool/Python/3.10.20/x64/lib/python3.10/site-packages/torch/build/lib/libtorchbind_test.so: cannot open shared object file: No such file or directory ; OSError: Could not load this library: /tmp/xpu-tool/Python/3.10.20/x64/lib/python3.10/site-packages/torch/build/lib/libtorchbind_test.so | XML |
| op_ut | third_party.torch-xpu-ops.test.xpu.export.test_serialize_xpu.TestDeserialize | test_tensor_tensor_list | failed | OSError: /tmp/xpu-tool/Python/3.10.20/x64/lib/python3.10/site-packages/torch/build/lib/libtorchbind_test.so: cannot open shared object file: No such file or directory ; OSError: Could not load this library: /tmp/xpu-tool/Python/3.10.20/x64/lib/python3.10/site-packages/torch/build/lib/libtorchbind_test.so | XML |
| op_ut | third_party.torch-xpu-ops.test.xpu.export.test_serialize_xpu.TestDeserialize | test_module_meta | failed | OSError: /tmp/xpu-tool/Python/3.10.20/x64/lib/python3.10/site-packages/torch/build/lib/libtorchbind_test.so: cannot open shared object file: No such file or directory ; OSError: Could not load this library: /tmp/xpu-tool/Python/3.10.20/x64/lib/python3.10/site-packages/torch/build/lib/libtorchbind_test.so | XML |
| op_ut | third_party.torch-xpu-ops.test.xpu.export.test_serialize_xpu.TestDeserialize | test_exportdb_supported_case_dynamic_shape_assert | failed | OSError: /tmp/xpu-tool/Python/3.10.20/x64/lib/python3.10/site-packages/torch/build/lib/libtorchbind_test.so: cannot open shared object file: No such file or directory ; OSError: Could not load this library: /tmp/xpu-tool/Python/3.10.20/x64/lib/python3.10/site-packages/torch/build/lib/libtorchbind_test.so | XML |
| op_ut | third_party.torch-xpu-ops.test.xpu.export.test_serialize_xpu.TestDeserialize | test_exportdb_supported_case_specialized_attribute | failed | OSError: /tmp/xpu-tool/Python/3.10.20/x64/lib/python3.10/site-packages/torch/build/lib/libtorchbind_test.so: cannot open shared object file: No such file or directory ; OSError: Could not load this library: /tmp/xpu-tool/Python/3.10.20/x64/lib/python3.10/site-packages/torch/build/lib/libtorchbind_test.so | XML |
| op_ut | third_party.torch-xpu-ops.test.xpu.export.test_serialize_xpu.TestDeserialize | test_multi_return | failed | OSError: /tmp/xpu-tool/Python/3.10.20/x64/lib/python3.10/site-packages/torch/build/lib/libtorchbind_test.so: cannot open shared object file: No such file or directory ; OSError: Could not load this library: /tmp/xpu-tool/Python/3.10.20/x64/lib/python3.10/site-packages/torch/build/lib/libtorchbind_test.so | XML |
| op_ut | third_party.torch-xpu-ops.test.xpu.export.test_serialize_xpu.TestDeserialize | test_unbacked_bindings_serialize | failed | OSError: /tmp/xpu-tool/Python/3.10.20/x64/lib/python3.10/site-packages/torch/build/lib/libtorchbind_test.so: cannot open shared object file: No such file or directory ; OSError: Could not load this library: /tmp/xpu-tool/Python/3.10.20/x64/lib/python3.10/site-packages/torch/build/lib/libtorchbind_test.so | XML |
| op_ut | third_party.torch-xpu-ops.test.xpu.export.test_serialize_xpu.TestDeserialize | test_exportdb_supported_case_dynamic_shape_constructor | failed | OSError: /tmp/xpu-tool/Python/3.10.20/x64/lib/python3.10/site-packages/torch/build/lib/libtorchbind_test.so: cannot open shared object file: No such file or directory ; OSError: Could not load this library: /tmp/xpu-tool/Python/3.10.20/x64/lib/python3.10/site-packages/torch/build/lib/libtorchbind_test.so | XML |
| op_ut | third_party.torch-xpu-ops.test.xpu.export.test_serialize_xpu.TestDeserialize | test_multiple_getitem | failed | OSError: /tmp/xpu-tool/Python/3.10.20/x64/lib/python3.10/site-packages/torch/build/lib/libtorchbind_test.so: cannot open shared object file: No such file or directory ; OSError: Could not load this library: /tmp/xpu-tool/Python/3.10.20/x64/lib/python3.10/site-packages/torch/build/lib/libtorchbind_test.so | XML |
| op_ut | third_party.torch-xpu-ops.test.xpu.export.test_serialize_xpu.TestDeserialize | test_exportdb_supported_case_static_for_loop | failed | OSError: /tmp/xpu-tool/Python/3.10.20/x64/lib/python3.10/site-packages/torch/build/lib/libtorchbind_test.so: cannot open shared object file: No such file or directory ; OSError: Could not load this library: /tmp/xpu-tool/Python/3.10.20/x64/lib/python3.10/site-packages/torch/build/lib/libtorchbind_test.so | XML |
| op_ut | third_party.torch-xpu-ops.test.xpu.export.test_serialize_xpu.TestDeserialize | test_exportdb_supported_case_dynamic_shape_if_guard | failed | OSError: /tmp/xpu-tool/Python/3.10.20/x64/lib/python3.10/site-packages/torch/build/lib/libtorchbind_test.so: cannot open shared object file: No such file or directory ; OSError: Could not load this library: /tmp/xpu-tool/Python/3.10.20/x64/lib/python3.10/site-packages/torch/build/lib/libtorchbind_test.so | XML |
| op_ut | third_party.torch-xpu-ops.test.xpu.export.test_serialize_xpu.TestDeserialize | test_none_input | failed | OSError: /tmp/xpu-tool/Python/3.10.20/x64/lib/python3.10/site-packages/torch/build/lib/libtorchbind_test.so: cannot open shared object file: No such file or directory ; OSError: Could not load this library: /tmp/xpu-tool/Python/3.10.20/x64/lib/python3.10/site-packages/torch/build/lib/libtorchbind_test.so | XML |
| op_ut | third_party.torch-xpu-ops.test.xpu.export.test_serialize_xpu.TestDeserialize | test_exportdb_supported_case_static_if | failed | OSError: /tmp/xpu-tool/Python/3.10.20/x64/lib/python3.10/site-packages/torch/build/lib/libtorchbind_test.so: cannot open shared object file: No such file or directory ; OSError: Could not load this library: /tmp/xpu-tool/Python/3.10.20/x64/lib/python3.10/site-packages/torch/build/lib/libtorchbind_test.so | XML |
| op_ut | third_party.torch-xpu-ops.test.xpu.export.test_serialize_xpu.TestDeserialize | test_exportdb_supported_case_dynamic_shape_map | failed | OSError: /tmp/xpu-tool/Python/3.10.20/x64/lib/python3.10/site-packages/torch/build/lib/libtorchbind_test.so: cannot open shared object file: No such file or directory ; OSError: Could not load this library: /tmp/xpu-tool/Python/3.10.20/x64/lib/python3.10/site-packages/torch/build/lib/libtorchbind_test.so | XML |
| op_ut | third_party.torch-xpu-ops.test.xpu.export.test_serialize_xpu.TestDeserialize | test_exportdb_supported_case_tensor_setattr | failed | OSError: /tmp/xpu-tool/Python/3.10.20/x64/lib/python3.10/site-packages/torch/build/lib/libtorchbind_test.so: cannot open shared object file: No such file or directory ; OSError: Could not load this library: /tmp/xpu-tool/Python/3.10.20/x64/lib/python3.10/site-packages/torch/build/lib/libtorchbind_test.so | XML |
| op_ut | third_party.torch-xpu-ops.test.xpu.export.test_serialize_xpu.TestDeserialize | test_optional_tuple | failed | OSError: /tmp/xpu-tool/Python/3.10.20/x64/lib/python3.10/site-packages/torch/build/lib/libtorchbind_test.so: cannot open shared object file: No such file or directory ; OSError: Could not load this library: /tmp/xpu-tool/Python/3.10.20/x64/lib/python3.10/site-packages/torch/build/lib/libtorchbind_test.so | XML |
| op_ut | third_party.torch-xpu-ops.test.xpu.export.test_serialize_xpu.TestDeserialize | test_custom_obj_list_out | failed | OSError: /tmp/xpu-tool/Python/3.10.20/x64/lib/python3.10/site-packages/torch/build/lib/libtorchbind_test.so: cannot open shared object file: No such file or directory ; OSError: Could not load this library: /tmp/xpu-tool/Python/3.10.20/x64/lib/python3.10/site-packages/torch/build/lib/libtorchbind_test.so | XML |
| op_ut | third_party.torch-xpu-ops.test.xpu.export.test_torchbind_xpu.TestExportTorchbind | test_custom_obj_list_out_pre_dispatch_False | failed | OSError: /tmp/xpu-tool/Python/3.10.20/x64/lib/python3.10/site-packages/torch/build/lib/libtorchbind_test.so: cannot open shared object file: No such file or directory ; OSError: Could not load this library: /tmp/xpu-tool/Python/3.10.20/x64/lib/python3.10/site-packages/torch/build/lib/libtorchbind_test.so | XML |
| op_ut | third_party.torch-xpu-ops.test.xpu.export.test_torchbind_xpu.TestExportTorchbind | test_custom_obj_list_out_pre_dispatch_True | failed | OSError: /tmp/xpu-tool/Python/3.10.20/x64/lib/python3.10/site-packages/torch/build/lib/libtorchbind_test.so: cannot open shared object file: No such file or directory ; OSError: Could not load this library: /tmp/xpu-tool/Python/3.10.20/x64/lib/python3.10/site-packages/torch/build/lib/libtorchbind_test.so | XML |
| op_ut | third_party.torch-xpu-ops.test.xpu.export.test_passes_xpu.TestPasses | test_custom_obj_tuple_out | failed | OSError: /tmp/xpu-tool/Python/3.10.20/x64/lib/python3.10/site-packages/torch/build/lib/libtorchbind_test.so: cannot open shared object file: No such file or directory ; OSError: Could not load this library: /tmp/xpu-tool/Python/3.10.20/x64/lib/python3.10/site-packages/torch/build/lib/libtorchbind_test.so | XML |
| op_ut | third_party.torch-xpu-ops.test.xpu.export.test_serialize_xpu.TestDeserialize | test_custom_obj_tuple_out | failed | OSError: /tmp/xpu-tool/Python/3.10.20/x64/lib/python3.10/site-packages/torch/build/lib/libtorchbind_test.so: cannot open shared object file: No such file or directory ; OSError: Could not load this library: /tmp/xpu-tool/Python/3.10.20/x64/lib/python3.10/site-packages/torch/build/lib/libtorchbind_test.so | XML |
| op_ut | third_party.torch-xpu-ops.test.xpu.export.test_torchbind_xpu.TestExportTorchbind | test_custom_obj_tuple_out_pre_dispatch_False | failed | OSError: /tmp/xpu-tool/Python/3.10.20/x64/lib/python3.10/site-packages/torch/build/lib/libtorchbind_test.so: cannot open shared object file: No such file or directory ; OSError: Could not load this library: /tmp/xpu-tool/Python/3.10.20/x64/lib/python3.10/site-packages/torch/build/lib/libtorchbind_test.so | XML |
| op_ut | third_party.torch-xpu-ops.test.xpu.export.test_torchbind_xpu.TestExportTorchbind | test_custom_obj_tuple_out_pre_dispatch_True | failed | OSError: /tmp/xpu-tool/Python/3.10.20/x64/lib/python3.10/site-packages/torch/build/lib/libtorchbind_test.so: cannot open shared object file: No such file or directory ; OSError: Could not load this library: /tmp/xpu-tool/Python/3.10.20/x64/lib/python3.10/site-packages/torch/build/lib/libtorchbind_test.so | XML |
| op_ut | third_party.torch-xpu-ops.test.xpu.export.test_serialize_xpu.TestSerializeCustomClass | test_backed_size_oblivious_serdes | failed | OSError: /tmp/xpu-tool/Python/3.10.20/x64/lib/python3.10/site-packages/torch/build/lib/libtorchbind_test.so: cannot open shared object file: No such file or directory ; OSError: Could not load this library: /tmp/xpu-tool/Python/3.10.20/x64/lib/python3.10/site-packages/torch/build/lib/libtorchbind_test.so | XML |
| op_ut | third_party.torch-xpu-ops.test.xpu.export.test_serialize_xpu.TestDeserialize | test_device | failed | OSError: /tmp/xpu-tool/Python/3.10.20/x64/lib/python3.10/site-packages/torch/build/lib/libtorchbind_test.so: cannot open shared object file: No such file or directory ; OSError: Could not load this library: /tmp/xpu-tool/Python/3.10.20/x64/lib/python3.10/site-packages/torch/build/lib/libtorchbind_test.so | XML |
| op_ut | third_party.torch-xpu-ops.test.xpu.export.test_serialize_xpu.TestSerializeCustomClass | test_custom_class | failed | OSError: /tmp/xpu-tool/Python/3.10.20/x64/lib/python3.10/site-packages/torch/build/lib/libtorchbind_test.so: cannot open shared object file: No such file or directory ; OSError: Could not load this library: /tmp/xpu-tool/Python/3.10.20/x64/lib/python3.10/site-packages/torch/build/lib/libtorchbind_test.so | XML |
| op_ut | third_party.torch-xpu-ops.test.xpu.export.test_serialize_xpu.TestSerializeCustomClass | test_custom_class_containing_fake_tensor | failed | OSError: /tmp/xpu-tool/Python/3.10.20/x64/lib/python3.10/site-packages/torch/build/lib/libtorchbind_test.so: cannot open shared object file: No such file or directory ; OSError: Could not load this library: /tmp/xpu-tool/Python/3.10.20/x64/lib/python3.10/site-packages/torch/build/lib/libtorchbind_test.so | XML |
| op_ut | third_party.torch-xpu-ops.test.xpu.export.test_serialize_xpu.TestSerializeCustomClass | test_custom_class_input_to_function | failed | OSError: /tmp/xpu-tool/Python/3.10.20/x64/lib/python3.10/site-packages/torch/build/lib/libtorchbind_test.so: cannot open shared object file: No such file or directory ; OSError: Could not load this library: /tmp/xpu-tool/Python/3.10.20/x64/lib/python3.10/site-packages/torch/build/lib/libtorchbind_test.so | XML |
| op_ut | third_party.torch-xpu-ops.test.xpu.export.test_serialize_xpu.TestDeserialize | test_dynamic | failed | OSError: /tmp/xpu-tool/Python/3.10.20/x64/lib/python3.10/site-packages/torch/build/lib/libtorchbind_test.so: cannot open shared object file: No such file or directory ; OSError: Could not load this library: /tmp/xpu-tool/Python/3.10.20/x64/lib/python3.10/site-packages/torch/build/lib/libtorchbind_test.so | XML |
| op_ut | third_party.torch-xpu-ops.test.xpu.profiler.test_profiler_xpu.TestProfiler | test_dynamic_toggle | failed | AssertionError: False is not true | XML |
| op_ut | third_party.torch-xpu-ops.test.xpu.export.test_serialize_xpu.TestSerializeCustomClass | test_custom_class_containing_fake_tensor | failed | OSError: /tmp/xpu-tool/Python/3.10.20/x64/lib/python3.10/site-packages/torch/build/lib/libtorchbind_test.so: cannot open shared object file: No such file or directory ; OSError: Could not load this library: /tmp/xpu-tool/Python/3.10.20/x64/lib/python3.10/site-packages/torch/build/lib/libtorchbind_test.so | XML |
| op_ut | third_party.torch-xpu-ops.test.xpu.export.test_serialize_xpu.TestDeserialize | test_export_no_inputs | failed | OSError: /tmp/xpu-tool/Python/3.10.20/x64/lib/python3.10/site-packages/torch/build/lib/libtorchbind_test.so: cannot open shared object file: No such file or directory ; OSError: Could not load this library: /tmp/xpu-tool/Python/3.10.20/x64/lib/python3.10/site-packages/torch/build/lib/libtorchbind_test.so | XML |
| op_ut | third_party.torch-xpu-ops.test.xpu.export.test_serialize_xpu.TestSerializeCustomClass | test_custom_class_input_to_function | failed | OSError: /tmp/xpu-tool/Python/3.10.20/x64/lib/python3.10/site-packages/torch/build/lib/libtorchbind_test.so: cannot open shared object file: No such file or directory ; OSError: Could not load this library: /tmp/xpu-tool/Python/3.10.20/x64/lib/python3.10/site-packages/torch/build/lib/libtorchbind_test.so | XML |
| op_ut | third_party.torch-xpu-ops.test.xpu.export.test_serialize_xpu.TestDeserialize | test_exportdb_supported_case_assume_constant_result | failed | OSError: /tmp/xpu-tool/Python/3.10.20/x64/lib/python3.10/site-packages/torch/build/lib/libtorchbind_test.so: cannot open shared object file: No such file or directory ; OSError: Could not load this library: /tmp/xpu-tool/Python/3.10.20/x64/lib/python3.10/site-packages/torch/build/lib/libtorchbind_test.so | XML |
| op_ut | third_party.torch-xpu-ops.test.xpu.export.test_serialize_xpu.TestSerializeCustomClass | test_custom_tag_metadata_serialization | failed | OSError: /tmp/xpu-tool/Python/3.10.20/x64/lib/python3.10/site-packages/torch/build/lib/libtorchbind_test.so: cannot open shared object file: No such file or directory ; OSError: Could not load this library: /tmp/xpu-tool/Python/3.10.20/x64/lib/python3.10/site-packages/torch/build/lib/libtorchbind_test.so | XML |
| op_ut | third_party.torch-xpu-ops.test.xpu.export.test_serialize_xpu.TestDeserialize | test_exportdb_supported_case_autograd_function | failed | OSError: /tmp/xpu-tool/Python/3.10.20/x64/lib/python3.10/site-packages/torch/build/lib/libtorchbind_test.so: cannot open shared object file: No such file or directory ; OSError: Could not load this library: /tmp/xpu-tool/Python/3.10.20/x64/lib/python3.10/site-packages/torch/build/lib/libtorchbind_test.so | XML |
| op_ut | third_party.torch-xpu-ops.test.xpu.export.test_serialize_xpu.TestSerializeCustomClass | test_unbacked_range_serdes | failed | OSError: /tmp/xpu-tool/Python/3.10.20/x64/lib/python3.10/site-packages/torch/build/lib/libtorchbind_test.so: cannot open shared object file: No such file or directory ; OSError: Could not load this library: /tmp/xpu-tool/Python/3.10.20/x64/lib/python3.10/site-packages/torch/build/lib/libtorchbind_test.so | XML |
| op_ut | third_party.torch-xpu-ops.test.xpu.export.test_serialize_xpu.TestDeserialize | test_constraints | failed | OSError: /tmp/xpu-tool/Python/3.10.20/x64/lib/python3.10/site-packages/torch/build/lib/libtorchbind_test.so: cannot open shared object file: No such file or directory ; OSError: Could not load this library: /tmp/xpu-tool/Python/3.10.20/x64/lib/python3.10/site-packages/torch/build/lib/libtorchbind_test.so | XML |
| op_ut | third_party.torch-xpu-ops.test.xpu.export.test_serialize_xpu.TestDeserialize | test_arg_from | failed | OSError: /tmp/xpu-tool/Python/3.10.20/x64/lib/python3.10/site-packages/torch/build/lib/libtorchbind_test.so: cannot open shared object file: No such file or directory ; OSError: Could not load this library: /tmp/xpu-tool/Python/3.10.20/x64/lib/python3.10/site-packages/torch/build/lib/libtorchbind_test.so | XML |
| op_ut | third_party.torch-xpu-ops.test.xpu.export.test_passes_xpu.TestPasses | test_custom_obj_tuple_out | failed | OSError: /tmp/xpu-tool/Python/3.10.20/x64/lib/python3.10/site-packages/torch/build/lib/libtorchbind_test.so: cannot open shared object file: No such file or directory ; OSError: Could not load this library: /tmp/xpu-tool/Python/3.10.20/x64/lib/python3.10/site-packages/torch/build/lib/libtorchbind_test.so | XML |
| op_ut | third_party.torch-xpu-ops.test.xpu.export.test_serialize_xpu.TestDeserialize | test_custom_obj_list_out | failed | OSError: /tmp/xpu-tool/Python/3.10.20/x64/lib/python3.10/site-packages/torch/build/lib/libtorchbind_test.so: cannot open shared object file: No such file or directory ; OSError: Could not load this library: /tmp/xpu-tool/Python/3.10.20/x64/lib/python3.10/site-packages/torch/build/lib/libtorchbind_test.so | XML |
| op_ut | third_party.torch-xpu-ops.test.xpu.export.test_serialize_xpu.TestDeserialize | test_custom_obj_tuple_out | failed | OSError: /tmp/xpu-tool/Python/3.10.20/x64/lib/python3.10/site-packages/torch/build/lib/libtorchbind_test.so: cannot open shared object file: No such file or directory ; OSError: Could not load this library: /tmp/xpu-tool/Python/3.10.20/x64/lib/python3.10/site-packages/torch/build/lib/libtorchbind_test.so | XML |
| op_ut | third_party.torch-xpu-ops.test.xpu.export.test_serialize_xpu.TestDeserialize | test_custom_obj | failed | OSError: /tmp/xpu-tool/Python/3.10.20/x64/lib/python3.10/site-packages/torch/build/lib/libtorchbind_test.so: cannot open shared object file: No such file or directory ; OSError: Could not load this library: /tmp/xpu-tool/Python/3.10.20/x64/lib/python3.10/site-packages/torch/build/lib/libtorchbind_test.so | XML |
| op_ut | third_party.torch-xpu-ops.test.xpu.export.test_torchbind_xpu.TestExportTorchbind | test_custom_obj_list_out_pre_dispatch_False | failed | OSError: /tmp/xpu-tool/Python/3.10.20/x64/lib/python3.10/site-packages/torch/build/lib/libtorchbind_test.so: cannot open shared object file: No such file or directory ; OSError: Could not load this library: /tmp/xpu-tool/Python/3.10.20/x64/lib/python3.10/site-packages/torch/build/lib/libtorchbind_test.so | XML |
| op_ut | third_party.torch-xpu-ops.test.xpu.export.test_torchbind_xpu.TestExportTorchbind | test_custom_obj_list_out_pre_dispatch_True | failed | OSError: /tmp/xpu-tool/Python/3.10.20/x64/lib/python3.10/site-packages/torch/build/lib/libtorchbind_test.so: cannot open shared object file: No such file or directory ; OSError: Could not load this library: /tmp/xpu-tool/Python/3.10.20/x64/lib/python3.10/site-packages/torch/build/lib/libtorchbind_test.so | XML |
| op_ut | third_party.torch-xpu-ops.test.xpu.export.test_torchbind_xpu.TestExportTorchbind | test_custom_obj_tuple_out_pre_dispatch_False | failed | OSError: /tmp/xpu-tool/Python/3.10.20/x64/lib/python3.10/site-packages/torch/build/lib/libtorchbind_test.so: cannot open shared object file: No such file or directory ; OSError: Could not load this library: /tmp/xpu-tool/Python/3.10.20/x64/lib/python3.10/site-packages/torch/build/lib/libtorchbind_test.so | XML |
| op_ut | third_party.torch-xpu-ops.test.xpu.export.test_torchbind_xpu.TestExportTorchbind | test_custom_obj_tuple_out_pre_dispatch_True | failed | OSError: /tmp/xpu-tool/Python/3.10.20/x64/lib/python3.10/site-packages/torch/build/lib/libtorchbind_test.so: cannot open shared object file: No such file or directory ; OSError: Could not load this library: /tmp/xpu-tool/Python/3.10.20/x64/lib/python3.10/site-packages/torch/build/lib/libtorchbind_test.so | XML |
| op_ut | third_party.torch-xpu-ops.test.xpu.export.test_torchbind_xpu.TestExportTorchbind | test_custom_obj_unbacked_symint_pre_dispatch_False | failed | OSError: /tmp/xpu-tool/Python/3.10.20/x64/lib/python3.10/site-packages/torch/build/lib/libtorchbind_test.so: cannot open shared object file: No such file or directory ; OSError: Could not load this library: /tmp/xpu-tool/Python/3.10.20/x64/lib/python3.10/site-packages/torch/build/lib/libtorchbind_test.so | XML |
| op_ut | third_party.torch-xpu-ops.test.xpu.export.test_torchbind_xpu.TestExportTorchbind | test_custom_obj_unbacked_symint_pre_dispatch_True | failed | OSError: /tmp/xpu-tool/Python/3.10.20/x64/lib/python3.10/site-packages/torch/build/lib/libtorchbind_test.so: cannot open shared object file: No such file or directory ; OSError: Could not load this library: /tmp/xpu-tool/Python/3.10.20/x64/lib/python3.10/site-packages/torch/build/lib/libtorchbind_test.so | XML |
| op_ut | third_party.torch-xpu-ops.test.xpu.export.test_serialize_xpu.TestDeserialize | test_auto_functionalize | failed | OSError: /tmp/xpu-tool/Python/3.10.20/x64/lib/python3.10/site-packages/torch/build/lib/libtorchbind_test.so: cannot open shared object file: No such file or directory ; OSError: Could not load this library: /tmp/xpu-tool/Python/3.10.20/x64/lib/python3.10/site-packages/torch/build/lib/libtorchbind_test.so | XML |
| op_ut | third_party.torch-xpu-ops.test.xpu.export.test_serialize_xpu.TestDeserialize | test_basic | failed | OSError: /tmp/xpu-tool/Python/3.10.20/x64/lib/python3.10/site-packages/torch/build/lib/libtorchbind_test.so: cannot open shared object file: No such file or directory ; OSError: Could not load this library: /tmp/xpu-tool/Python/3.10.20/x64/lib/python3.10/site-packages/torch/build/lib/libtorchbind_test.so | XML |
| op_ut | third_party.torch-xpu-ops.test.xpu.test_torch_xpu.TestBasicVitalSigns | test_basic_vitals | failed | AttributeError: 'TestBasicVitalSigns' object has no attribute 'device_type' | XML |
| op_ut | third_party.torch-xpu-ops.test.xpu.test_torch_xpu.TestBasicVitalSigns | test_basic_vitals_read_write | failed | AttributeError: 'TestBasicVitalSigns' object has no attribute 'device_type' | XML |
| op_ut | third_party.torch-xpu-ops.test.xpu.export.test_serialize_xpu.TestDeserialize | test_cond | failed | OSError: /tmp/xpu-tool/Python/3.10.20/x64/lib/python3.10/site-packages/torch/build/lib/libtorchbind_test.so: cannot open shared object file: No such file or directory ; OSError: Could not load this library: /tmp/xpu-tool/Python/3.10.20/x64/lib/python3.10/site-packages/torch/build/lib/libtorchbind_test.so | XML |
| op_ut | third_party.torch-xpu-ops.test.xpu.functorch.test_control_flow_xpu.TestControlFlow | test_cond_autograd_different_pytree_output | failed | AssertionError: "Cond doesn't work unless it is captured completely with torch.compile" does not match "This higher order operator doesn't work unless it is captured completely with torch.compile. Got graph break/error: | XML |
| op_ut | third_party.torch-xpu-ops.test.xpu.functorch.test_control_flow_xpu.TestControlFlowTraced | test_cond_functionalized_input_aliasing_with_aot_func | failed | AssertionError: "Cond doesn't work unless it is captured completely with torch.compile.*" does not match "This higher order operator doesn't work unless it is captured completely with torch.compile. Got graph break/error: | XML |
| op_ut | third_party.torch-xpu-ops.test.xpu.functorch.test_control_flow_xpu.TestControlFlowTraced | test_cond_functionalized_nested_input_mutation_with_aot_func | failed | AssertionError: "Cond doesn't work unless it is captured completely with torch.compile.*" does not match "This higher order operator doesn't work unless it is captured completely with torch.compile. Got graph break/error: | XML |
| op_ut | third_party.torch-xpu-ops.test.xpu.functorch.test_control_flow_xpu.TestControlFlowTraced | test_cond_functionalized_output_alias_input | failed | AssertionError: "Cond doesn't work unless it is captured completely with torch.compile.*" does not match "This higher order operator doesn't work unless it is captured completely with torch.compile. Got graph break/error: | XML |
| op_ut | third_party.torch-xpu-ops.test.xpu.functorch.test_control_flow_xpu.TestControlFlowTraced | test_cond_mismatched_branch_output_dynamic_True_backend_eager | failed | AssertionError: 'clas[304 chars]one\n\n        cond_true_0 = self.cond_true_0\[1985 chars],)\n' != 'clas[304 chars]one\n        cond_true_0 = self.cond_true_0\n [1983 chars],)\n' | XML |
| op_ut | third_party.torch-xpu-ops.test.xpu.functorch.test_control_flow_xpu.TestControlFlowTraced | test_cond_trace_set__and_mutate_input | failed | AssertionError: "Cond doesn't work unless it is captured completely with torch.compile" does not match "This higher order operator doesn't work unless it is captured completely with torch.compile. Got graph break/error: | XML |
| op_ut | third_party.torch-xpu-ops.test.xpu.export.test_serialize_xpu.TestSerializeCustomClass | test_custom_tag_metadata_copy | failed | OSError: /tmp/xpu-tool/Python/3.10.20/x64/lib/python3.10/site-packages/torch/build/lib/libtorchbind_test.so: cannot open shared object file: No such file or directory ; OSError: Could not load this library: /tmp/xpu-tool/Python/3.10.20/x64/lib/python3.10/site-packages/torch/build/lib/libtorchbind_test.so | XML |
| op_ut | third_party.torch-xpu-ops.test.xpu.export.test_serialize_xpu.TestSerializeCustomClass | test_custom_tag_metadata_decomp | failed | OSError: /tmp/xpu-tool/Python/3.10.20/x64/lib/python3.10/site-packages/torch/build/lib/libtorchbind_test.so: cannot open shared object file: No such file or directory ; OSError: Could not load this library: /tmp/xpu-tool/Python/3.10.20/x64/lib/python3.10/site-packages/torch/build/lib/libtorchbind_test.so | XML |
| op_ut | third_party.torch-xpu-ops.test.xpu.export.test_torchbind_xpu.TestExportTorchbind | test_deepcopy | failed | OSError: /tmp/xpu-tool/Python/3.10.20/x64/lib/python3.10/site-packages/torch/build/lib/libtorchbind_test.so: cannot open shared object file: No such file or directory ; OSError: Could not load this library: /tmp/xpu-tool/Python/3.10.20/x64/lib/python3.10/site-packages/torch/build/lib/libtorchbind_test.so | XML |
| op_ut | third_party.torch-xpu-ops.test.xpu.test_fx_xpu.TestFX | test_deepcopy_graph_with_tracer_cls | failed | OSError: /tmp/xpu-tool/Python/3.10.20/x64/lib/python3.10/site-packages/torch/build/lib/libtorchbind_test.so: cannot open shared object file: No such file or directory ; OSError: Could not load this library: /tmp/xpu-tool/Python/3.10.20/x64/lib/python3.10/site-packages/torch/build/lib/libtorchbind_test.so | XML |
| op_ut | third_party.torch-xpu-ops.test.xpu.test_fx_xpu.TestFX | test_deepcopy_graphmodule | failed | OSError: /tmp/xpu-tool/Python/3.10.20/x64/lib/python3.10/site-packages/torch/build/lib/libtorchbind_test.so: cannot open shared object file: No such file or directory ; OSError: Could not load this library: /tmp/xpu-tool/Python/3.10.20/x64/lib/python3.10/site-packages/torch/build/lib/libtorchbind_test.so | XML |
| op_ut | third_party.torch-xpu-ops.test.xpu.test_fx_xpu.TestFX | test_deepcopy_graphmodule_with_transform | failed | OSError: /tmp/xpu-tool/Python/3.10.20/x64/lib/python3.10/site-packages/torch/build/lib/libtorchbind_test.so: cannot open shared object file: No such file or directory ; OSError: Could not load this library: /tmp/xpu-tool/Python/3.10.20/x64/lib/python3.10/site-packages/torch/build/lib/libtorchbind_test.so | XML |
| op_ut | third_party.torch-xpu-ops.test.xpu.test_fx_xpu.TestFX | test_deepcopy_no_recursion | failed | OSError: /tmp/xpu-tool/Python/3.10.20/x64/lib/python3.10/site-packages/torch/build/lib/libtorchbind_test.so: cannot open shared object file: No such file or directory ; OSError: Could not load this library: /tmp/xpu-tool/Python/3.10.20/x64/lib/python3.10/site-packages/torch/build/lib/libtorchbind_test.so | XML |
| op_ut | third_party.torch-xpu-ops.test.xpu.test_fx_xpu.TestFX | test_deepcopy_recursion_depth | failed | OSError: /tmp/xpu-tool/Python/3.10.20/x64/lib/python3.10/site-packages/torch/build/lib/libtorchbind_test.so: cannot open shared object file: No such file or directory ; OSError: Could not load this library: /tmp/xpu-tool/Python/3.10.20/x64/lib/python3.10/site-packages/torch/build/lib/libtorchbind_test.so | XML |
| op_ut | third_party.torch-xpu-ops.test.xpu.test_fx_xpu.TestFX | test_deepcopy_tracer | failed | OSError: /tmp/xpu-tool/Python/3.10.20/x64/lib/python3.10/site-packages/torch/build/lib/libtorchbind_test.so: cannot open shared object file: No such file or directory ; OSError: Could not load this library: /tmp/xpu-tool/Python/3.10.20/x64/lib/python3.10/site-packages/torch/build/lib/libtorchbind_test.so | XML |
| op_ut | third_party.torch-xpu-ops.test.xpu.test_fx_xpu.TestFX | test_deepcopy_with_submods_params | failed | OSError: /tmp/xpu-tool/Python/3.10.20/x64/lib/python3.10/site-packages/torch/build/lib/libtorchbind_test.so: cannot open shared object file: No such file or directory ; OSError: Could not load this library: /tmp/xpu-tool/Python/3.10.20/x64/lib/python3.10/site-packages/torch/build/lib/libtorchbind_test.so | XML |
| op_ut | third_party.torch-xpu-ops.test.xpu.export.test_torchbind_xpu.TestCompileTorchbind | test_compile_obj_torchbind_op_backend_eager | failed | OSError: /tmp/xpu-tool/Python/3.10.20/x64/lib/python3.10/site-packages/torch/build/lib/libtorchbind_test.so: cannot open shared object file: No such file or directory ; OSError: Could not load this library: /tmp/xpu-tool/Python/3.10.20/x64/lib/python3.10/site-packages/torch/build/lib/libtorchbind_test.so | XML |
| op_ut | third_party.torch-xpu-ops.test.xpu.export.test_torchbind_xpu.TestExportTorchbind | test_torchbind_input_and_alias_pre_dispatch_True | failed | OSError: /tmp/xpu-tool/Python/3.10.20/x64/lib/python3.10/site-packages/torch/build/lib/libtorchbind_test.so: cannot open shared object file: No such file or directory ; OSError: Could not load this library: /tmp/xpu-tool/Python/3.10.20/x64/lib/python3.10/site-packages/torch/build/lib/libtorchbind_test.so | XML |
| op_ut | third_party.torch-xpu-ops.test.xpu.export.test_torchbind_xpu.TestExportTorchbind | test_aot_export_tensor_queue_operators | failed | OSError: /tmp/xpu-tool/Python/3.10.20/x64/lib/python3.10/site-packages/torch/build/lib/libtorchbind_test.so: cannot open shared object file: No such file or directory ; OSError: Could not load this library: /tmp/xpu-tool/Python/3.10.20/x64/lib/python3.10/site-packages/torch/build/lib/libtorchbind_test.so | XML |
| op_ut | third_party.torch-xpu-ops.test.xpu.export.test_torchbind_xpu.TestExportTorchbind | test_make_fx_tensor_queue_methods_make_fx_tracing_mode_symbolic | failed | OSError: /tmp/xpu-tool/Python/3.10.20/x64/lib/python3.10/site-packages/torch/build/lib/libtorchbind_test.so: cannot open shared object file: No such file or directory ; OSError: Could not load this library: /tmp/xpu-tool/Python/3.10.20/x64/lib/python3.10/site-packages/torch/build/lib/libtorchbind_test.so | XML |
| op_ut | third_party.torch-xpu-ops.test.xpu.export.test_torchbind_xpu.TestCompileTorchbind | test_compile_script_object_input_guards_backend_aot_eager | failed | OSError: /tmp/xpu-tool/Python/3.10.20/x64/lib/python3.10/site-packages/torch/build/lib/libtorchbind_test.so: cannot open shared object file: No such file or directory ; OSError: Could not load this library: /tmp/xpu-tool/Python/3.10.20/x64/lib/python3.10/site-packages/torch/build/lib/libtorchbind_test.so | XML |
| op_ut | third_party.torch-xpu-ops.test.xpu.export.test_torchbind_xpu.TestCompileTorchbind | test_compile_obj_as_hop_input_backend_aot_eager | failed | OSError: /tmp/xpu-tool/Python/3.10.20/x64/lib/python3.10/site-packages/torch/build/lib/libtorchbind_test.so: cannot open shared object file: No such file or directory ; OSError: Could not load this library: /tmp/xpu-tool/Python/3.10.20/x64/lib/python3.10/site-packages/torch/build/lib/libtorchbind_test.so | XML |
| op_ut | third_party.torch-xpu-ops.test.xpu.export.test_torchbind_xpu.TestCompileTorchbind | test_compile_error_on_input_aliasing_contents_backend_inductor | failed | OSError: /tmp/xpu-tool/Python/3.10.20/x64/lib/python3.10/site-packages/torch/build/lib/libtorchbind_test.so: cannot open shared object file: No such file or directory ; OSError: Could not load this library: /tmp/xpu-tool/Python/3.10.20/x64/lib/python3.10/site-packages/torch/build/lib/libtorchbind_test.so | XML |
| op_ut | third_party.torch-xpu-ops.test.xpu.export.test_torchbind_xpu.TestExportTorchbind | test_attribute_as_custom_op_argument_pre_dispatch_False | failed | OSError: /tmp/xpu-tool/Python/3.10.20/x64/lib/python3.10/site-packages/torch/build/lib/libtorchbind_test.so: cannot open shared object file: No such file or directory ; OSError: Could not load this library: /tmp/xpu-tool/Python/3.10.20/x64/lib/python3.10/site-packages/torch/build/lib/libtorchbind_test.so | XML |
| op_ut | third_party.torch-xpu-ops.test.xpu.export.test_torchbind_xpu.TestExportTorchbind | test_make_fx_tensor_queue_operators_fallthrough_via_lib_impl | failed | OSError: /tmp/xpu-tool/Python/3.10.20/x64/lib/python3.10/site-packages/torch/build/lib/libtorchbind_test.so: cannot open shared object file: No such file or directory ; OSError: Could not load this library: /tmp/xpu-tool/Python/3.10.20/x64/lib/python3.10/site-packages/torch/build/lib/libtorchbind_test.so | XML |
| op_ut | third_party.torch-xpu-ops.test.xpu.export.test_torchbind_xpu.TestExportTorchbind | test_torchbind_op_fallthrough_keys_respects_lib_impl | failed | OSError: /tmp/xpu-tool/Python/3.10.20/x64/lib/python3.10/site-packages/torch/build/lib/libtorchbind_test.so: cannot open shared object file: No such file or directory ; OSError: Could not load this library: /tmp/xpu-tool/Python/3.10.20/x64/lib/python3.10/site-packages/torch/build/lib/libtorchbind_test.so | XML |
| op_ut | third_party.torch-xpu-ops.test.xpu.export.test_torchbind_xpu.TestCompileTorchbind | test_compile_obj_torchbind_op_backend_inductor | failed | OSError: /tmp/xpu-tool/Python/3.10.20/x64/lib/python3.10/site-packages/torch/build/lib/libtorchbind_test.so: cannot open shared object file: No such file or directory ; OSError: Could not load this library: /tmp/xpu-tool/Python/3.10.20/x64/lib/python3.10/site-packages/torch/build/lib/libtorchbind_test.so | XML |
| op_ut | third_party.torch-xpu-ops.test.xpu.export.test_torchbind_xpu.TestExportTorchbind | test_export_inplace_custom_op | failed | OSError: /tmp/xpu-tool/Python/3.10.20/x64/lib/python3.10/site-packages/torch/build/lib/libtorchbind_test.so: cannot open shared object file: No such file or directory ; OSError: Could not load this library: /tmp/xpu-tool/Python/3.10.20/x64/lib/python3.10/site-packages/torch/build/lib/libtorchbind_test.so | XML |
| op_ut | third_party.torch-xpu-ops.test.xpu.export.test_torchbind_xpu.TestCompileTorchbind | test_compile_script_object_input_guards_backend_eager | failed | OSError: /tmp/xpu-tool/Python/3.10.20/x64/lib/python3.10/site-packages/torch/build/lib/libtorchbind_test.so: cannot open shared object file: No such file or directory ; OSError: Could not load this library: /tmp/xpu-tool/Python/3.10.20/x64/lib/python3.10/site-packages/torch/build/lib/libtorchbind_test.so | XML |
| op_ut | third_party.torch-xpu-ops.test.xpu.export.test_torchbind_xpu.TestCompileTorchbind | test_compile_error_on_non_fakified_method_backend_aot_eager | failed | OSError: /tmp/xpu-tool/Python/3.10.20/x64/lib/python3.10/site-packages/torch/build/lib/libtorchbind_test.so: cannot open shared object file: No such file or directory ; OSError: Could not load this library: /tmp/xpu-tool/Python/3.10.20/x64/lib/python3.10/site-packages/torch/build/lib/libtorchbind_test.so | XML |
| op_ut | third_party.torch-xpu-ops.test.xpu.export.test_torchbind_xpu.TestCompileTorchbind | test_compile_obj_as_hop_input_backend_eager | failed | OSError: /tmp/xpu-tool/Python/3.10.20/x64/lib/python3.10/site-packages/torch/build/lib/libtorchbind_test.so: cannot open shared object file: No such file or directory ; OSError: Could not load this library: /tmp/xpu-tool/Python/3.10.20/x64/lib/python3.10/site-packages/torch/build/lib/libtorchbind_test.so | XML |
| op_ut | third_party.torch-xpu-ops.test.xpu.export.test_torchbind_xpu.TestExportTorchbind | test_torchbind_op_register_fallthrough | failed | OSError: /tmp/xpu-tool/Python/3.10.20/x64/lib/python3.10/site-packages/torch/build/lib/libtorchbind_test.so: cannot open shared object file: No such file or directory ; OSError: Could not load this library: /tmp/xpu-tool/Python/3.10.20/x64/lib/python3.10/site-packages/torch/build/lib/libtorchbind_test.so | XML |
| op_ut | third_party.torch-xpu-ops.test.xpu.export.test_torchbind_xpu.TestExportTorchbind | test_identifying_torchbind_ops | failed | OSError: /tmp/xpu-tool/Python/3.10.20/x64/lib/python3.10/site-packages/torch/build/lib/libtorchbind_test.so: cannot open shared object file: No such file or directory ; OSError: Could not load this library: /tmp/xpu-tool/Python/3.10.20/x64/lib/python3.10/site-packages/torch/build/lib/libtorchbind_test.so | XML |
| op_ut | third_party.torch-xpu-ops.test.xpu.export.test_torchbind_xpu.TestExportTorchbind | test_make_fx_tensor_queue_operators_fallthrough_via_py_impl | failed | OSError: /tmp/xpu-tool/Python/3.10.20/x64/lib/python3.10/site-packages/torch/build/lib/libtorchbind_test.so: cannot open shared object file: No such file or directory ; OSError: Could not load this library: /tmp/xpu-tool/Python/3.10.20/x64/lib/python3.10/site-packages/torch/build/lib/libtorchbind_test.so | XML |
| op_ut | third_party.torch-xpu-ops.test.xpu.export.test_torchbind_xpu.TestExportTorchbind | test_attribute_as_custom_op_argument_pre_dispatch_True | failed | OSError: /tmp/xpu-tool/Python/3.10.20/x64/lib/python3.10/site-packages/torch/build/lib/libtorchbind_test.so: cannot open shared object file: No such file or directory ; OSError: Could not load this library: /tmp/xpu-tool/Python/3.10.20/x64/lib/python3.10/site-packages/torch/build/lib/libtorchbind_test.so | XML |
| op_ut | third_party.torch-xpu-ops.test.xpu.export.test_torchbind_xpu.TestCompileTorchbind | test_compile_obj_torchbind_op_with_autocast_device_cpu_backend_aot_eager | failed | OSError: /tmp/xpu-tool/Python/3.10.20/x64/lib/python3.10/site-packages/torch/build/lib/libtorchbind_test.so: cannot open shared object file: No such file or directory ; OSError: Could not load this library: /tmp/xpu-tool/Python/3.10.20/x64/lib/python3.10/site-packages/torch/build/lib/libtorchbind_test.so | XML |
| op_ut | third_party.torch-xpu-ops.test.xpu.export.test_torchbind_xpu.TestCompileTorchbind | test_compile_error_on_non_fakified_method_backend_eager | failed | OSError: /tmp/xpu-tool/Python/3.10.20/x64/lib/python3.10/site-packages/torch/build/lib/libtorchbind_test.so: cannot open shared object file: No such file or directory ; OSError: Could not load this library: /tmp/xpu-tool/Python/3.10.20/x64/lib/python3.10/site-packages/torch/build/lib/libtorchbind_test.so | XML |
| op_ut | third_party.torch-xpu-ops.test.xpu.export.test_torchbind_xpu.TestCompileTorchbind | test_compile_obj_as_hop_input_backend_inductor | failed | OSError: /tmp/xpu-tool/Python/3.10.20/x64/lib/python3.10/site-packages/torch/build/lib/libtorchbind_test.so: cannot open shared object file: No such file or directory ; OSError: Could not load this library: /tmp/xpu-tool/Python/3.10.20/x64/lib/python3.10/site-packages/torch/build/lib/libtorchbind_test.so | XML |
| op_ut | third_party.torch-xpu-ops.test.xpu.export.test_torchbind_xpu.TestCompileTorchbind | test_compile_script_object_input_guards_backend_inductor | failed | OSError: /tmp/xpu-tool/Python/3.10.20/x64/lib/python3.10/site-packages/torch/build/lib/libtorchbind_test.so: cannot open shared object file: No such file or directory ; OSError: Could not load this library: /tmp/xpu-tool/Python/3.10.20/x64/lib/python3.10/site-packages/torch/build/lib/libtorchbind_test.so | XML |
| op_ut | third_party.torch-xpu-ops.test.xpu.export.test_torchbind_xpu.TestExportTorchbind | test_input_as_custom_op_argument_pre_dispatch_False | failed | OSError: /tmp/xpu-tool/Python/3.10.20/x64/lib/python3.10/site-packages/torch/build/lib/libtorchbind_test.so: cannot open shared object file: No such file or directory ; OSError: Could not load this library: /tmp/xpu-tool/Python/3.10.20/x64/lib/python3.10/site-packages/torch/build/lib/libtorchbind_test.so | XML |
| op_ut | third_party.torch-xpu-ops.test.xpu.export.test_torchbind_xpu.TestExportTorchbind | test_torchbind_register_attr_at_runtime_get_restored | failed | OSError: /tmp/xpu-tool/Python/3.10.20/x64/lib/python3.10/site-packages/torch/build/lib/libtorchbind_test.so: cannot open shared object file: No such file or directory ; OSError: Could not load this library: /tmp/xpu-tool/Python/3.10.20/x64/lib/python3.10/site-packages/torch/build/lib/libtorchbind_test.so | XML |
| op_ut | third_party.torch-xpu-ops.test.xpu.export.test_torchbind_xpu.TestExportTorchbind | test_method_schema | failed | OSError: /tmp/xpu-tool/Python/3.10.20/x64/lib/python3.10/site-packages/torch/build/lib/libtorchbind_test.so: cannot open shared object file: No such file or directory ; OSError: Could not load this library: /tmp/xpu-tool/Python/3.10.20/x64/lib/python3.10/site-packages/torch/build/lib/libtorchbind_test.so | XML |
| op_ut | third_party.torch-xpu-ops.test.xpu.export.test_torchbind_xpu.TestExportTorchbind | test_attribute_pre_dispatch_False | failed | OSError: /tmp/xpu-tool/Python/3.10.20/x64/lib/python3.10/site-packages/torch/build/lib/libtorchbind_test.so: cannot open shared object file: No such file or directory ; OSError: Could not load this library: /tmp/xpu-tool/Python/3.10.20/x64/lib/python3.10/site-packages/torch/build/lib/libtorchbind_test.so | XML |
| op_ut | third_party.torch-xpu-ops.test.xpu.export.test_torchbind_xpu.TestCompileTorchbind | test_compile_obj_torchbind_op_with_autocast_device_cpu_backend_eager | failed | OSError: /tmp/xpu-tool/Python/3.10.20/x64/lib/python3.10/site-packages/torch/build/lib/libtorchbind_test.so: cannot open shared object file: No such file or directory ; OSError: Could not load this library: /tmp/xpu-tool/Python/3.10.20/x64/lib/python3.10/site-packages/torch/build/lib/libtorchbind_test.so | XML |
| op_ut | third_party.torch-xpu-ops.test.xpu.export.test_torchbind_xpu.TestCompileTorchbind | test_compile_error_on_non_fakified_method_backend_inductor | failed | OSError: /tmp/xpu-tool/Python/3.10.20/x64/lib/python3.10/site-packages/torch/build/lib/libtorchbind_test.so: cannot open shared object file: No such file or directory ; OSError: Could not load this library: /tmp/xpu-tool/Python/3.10.20/x64/lib/python3.10/site-packages/torch/build/lib/libtorchbind_test.so | XML |
| op_ut | third_party.torch-xpu-ops.test.xpu.export.test_torchbind_xpu.TestCompileTorchbind | test_compile_tensor_op_in_tensor_flatten_backend_aot_eager | failed | OSError: /tmp/xpu-tool/Python/3.10.20/x64/lib/python3.10/site-packages/torch/build/lib/libtorchbind_test.so: cannot open shared object file: No such file or directory ; OSError: Could not load this library: /tmp/xpu-tool/Python/3.10.20/x64/lib/python3.10/site-packages/torch/build/lib/libtorchbind_test.so | XML |
| op_ut | third_party.torch-xpu-ops.test.xpu.export.test_torchbind_xpu.TestCompileTorchbind | test_compile_obj_attributes_backend_aot_eager | failed | OSError: /tmp/xpu-tool/Python/3.10.20/x64/lib/python3.10/site-packages/torch/build/lib/libtorchbind_test.so: cannot open shared object file: No such file or directory ; OSError: Could not load this library: /tmp/xpu-tool/Python/3.10.20/x64/lib/python3.10/site-packages/torch/build/lib/libtorchbind_test.so | XML |
| op_ut | third_party.torch-xpu-ops.test.xpu.export.test_torchbind_xpu.TestExportTorchbind | test_input_as_custom_op_argument_pre_dispatch_True | failed | OSError: /tmp/xpu-tool/Python/3.10.20/x64/lib/python3.10/site-packages/torch/build/lib/libtorchbind_test.so: cannot open shared object file: No such file or directory ; OSError: Could not load this library: /tmp/xpu-tool/Python/3.10.20/x64/lib/python3.10/site-packages/torch/build/lib/libtorchbind_test.so | XML |
| op_ut | third_party.torch-xpu-ops.test.xpu.export.test_torchbind_xpu.TestExportTorchbind | test_non_strict_export_methods | failed | OSError: /tmp/xpu-tool/Python/3.10.20/x64/lib/python3.10/site-packages/torch/build/lib/libtorchbind_test.so: cannot open shared object file: No such file or directory ; OSError: Could not load this library: /tmp/xpu-tool/Python/3.10.20/x64/lib/python3.10/site-packages/torch/build/lib/libtorchbind_test.so | XML |
| op_ut | third_party.torch-xpu-ops.test.xpu.export.test_torchbind_xpu.TestCompileTorchbind | test_compile_obj_torchbind_op_with_autocast_device_cpu_backend_inductor | failed | OSError: /tmp/xpu-tool/Python/3.10.20/x64/lib/python3.10/site-packages/torch/build/lib/libtorchbind_test.so: cannot open shared object file: No such file or directory ; OSError: Could not load this library: /tmp/xpu-tool/Python/3.10.20/x64/lib/python3.10/site-packages/torch/build/lib/libtorchbind_test.so | XML |
| op_ut | third_party.torch-xpu-ops.test.xpu.export.test_torchbind_xpu.TestExportTorchbind | test_attribute_pre_dispatch_True | failed | OSError: /tmp/xpu-tool/Python/3.10.20/x64/lib/python3.10/site-packages/torch/build/lib/libtorchbind_test.so: cannot open shared object file: No such file or directory ; OSError: Could not load this library: /tmp/xpu-tool/Python/3.10.20/x64/lib/python3.10/site-packages/torch/build/lib/libtorchbind_test.so | XML |
| op_ut | third_party.torch-xpu-ops.test.xpu.export.test_torchbind_xpu.TestExportTorchbind | test_unlift_custom_obj_pre_dispatch_False | failed | OSError: /tmp/xpu-tool/Python/3.10.20/x64/lib/python3.10/site-packages/torch/build/lib/libtorchbind_test.so: cannot open shared object file: No such file or directory ; OSError: Could not load this library: /tmp/xpu-tool/Python/3.10.20/x64/lib/python3.10/site-packages/torch/build/lib/libtorchbind_test.so | XML |
| op_ut | third_party.torch-xpu-ops.test.xpu.export.test_torchbind_xpu.TestCompileTorchbind | test_compile_error_on_script_obj_missing_attr_backend_aot_eager | failed | OSError: /tmp/xpu-tool/Python/3.10.20/x64/lib/python3.10/site-packages/torch/build/lib/libtorchbind_test.so: cannot open shared object file: No such file or directory ; OSError: Could not load this library: /tmp/xpu-tool/Python/3.10.20/x64/lib/python3.10/site-packages/torch/build/lib/libtorchbind_test.so | XML |
| op_ut | third_party.torch-xpu-ops.test.xpu.export.test_torchbind_xpu.TestCompileTorchbind | test_compile_obj_attributes_backend_eager | failed | OSError: /tmp/xpu-tool/Python/3.10.20/x64/lib/python3.10/site-packages/torch/build/lib/libtorchbind_test.so: cannot open shared object file: No such file or directory ; OSError: Could not load this library: /tmp/xpu-tool/Python/3.10.20/x64/lib/python3.10/site-packages/torch/build/lib/libtorchbind_test.so | XML |
| op_ut | third_party.torch-xpu-ops.test.xpu.export.test_torchbind_xpu.TestCompileTorchbind | test_compile_tensor_op_in_tensor_flatten_backend_eager | failed | OSError: /tmp/xpu-tool/Python/3.10.20/x64/lib/python3.10/site-packages/torch/build/lib/libtorchbind_test.so: cannot open shared object file: No such file or directory ; OSError: Could not load this library: /tmp/xpu-tool/Python/3.10.20/x64/lib/python3.10/site-packages/torch/build/lib/libtorchbind_test.so | XML |
| op_ut | third_party.torch-xpu-ops.test.xpu.export.test_torchbind_xpu.TestExportTorchbind | test_none_pre_dispatch_False | failed | OSError: /tmp/xpu-tool/Python/3.10.20/x64/lib/python3.10/site-packages/torch/build/lib/libtorchbind_test.so: cannot open shared object file: No such file or directory ; OSError: Could not load this library: /tmp/xpu-tool/Python/3.10.20/x64/lib/python3.10/site-packages/torch/build/lib/libtorchbind_test.so | XML |
| op_ut | third_party.torch-xpu-ops.test.xpu.export.test_torchbind_xpu.TestExportTorchbind | test_input_pre_dispatch_False | failed | OSError: /tmp/xpu-tool/Python/3.10.20/x64/lib/python3.10/site-packages/torch/build/lib/libtorchbind_test.so: cannot open shared object file: No such file or directory ; OSError: Could not load this library: /tmp/xpu-tool/Python/3.10.20/x64/lib/python3.10/site-packages/torch/build/lib/libtorchbind_test.so | XML |
| op_ut | third_party.torch-xpu-ops.test.xpu.export.test_torchbind_xpu.TestExportTorchbind | test_unlift_custom_obj_pre_dispatch_True | failed | OSError: /tmp/xpu-tool/Python/3.10.20/x64/lib/python3.10/site-packages/torch/build/lib/libtorchbind_test.so: cannot open shared object file: No such file or directory ; OSError: Could not load this library: /tmp/xpu-tool/Python/3.10.20/x64/lib/python3.10/site-packages/torch/build/lib/libtorchbind_test.so | XML |
| op_ut | third_party.torch-xpu-ops.test.xpu.export.test_torchbind_xpu.TestExportTorchbind | test_custom_obj_list_out_pre_dispatch_False | failed | OSError: /tmp/xpu-tool/Python/3.10.20/x64/lib/python3.10/site-packages/torch/build/lib/libtorchbind_test.so: cannot open shared object file: No such file or directory ; OSError: Could not load this library: /tmp/xpu-tool/Python/3.10.20/x64/lib/python3.10/site-packages/torch/build/lib/libtorchbind_test.so | XML |
| op_ut | third_party.torch-xpu-ops.test.xpu.export.test_torchbind_xpu.TestCompileTorchbind | test_compile_error_on_script_obj_missing_attr_backend_eager | failed | OSError: /tmp/xpu-tool/Python/3.10.20/x64/lib/python3.10/site-packages/torch/build/lib/libtorchbind_test.so: cannot open shared object file: No such file or directory ; OSError: Could not load this library: /tmp/xpu-tool/Python/3.10.20/x64/lib/python3.10/site-packages/torch/build/lib/libtorchbind_test.so | XML |
| op_ut | third_party.torch-xpu-ops.test.xpu.export.test_torchbind_xpu.TestCompileTorchbind | test_compile_obj_attributes_backend_inductor | failed | OSError: /tmp/xpu-tool/Python/3.10.20/x64/lib/python3.10/site-packages/torch/build/lib/libtorchbind_test.so: cannot open shared object file: No such file or directory ; OSError: Could not load this library: /tmp/xpu-tool/Python/3.10.20/x64/lib/python3.10/site-packages/torch/build/lib/libtorchbind_test.so | XML |
| op_ut | third_party.torch-xpu-ops.test.xpu.export.test_torchbind_xpu.TestCompileTorchbind | test_compile_tensor_op_in_tensor_flatten_backend_inductor | failed | OSError: /tmp/xpu-tool/Python/3.10.20/x64/lib/python3.10/site-packages/torch/build/lib/libtorchbind_test.so: cannot open shared object file: No such file or directory ; OSError: Could not load this library: /tmp/xpu-tool/Python/3.10.20/x64/lib/python3.10/site-packages/torch/build/lib/libtorchbind_test.so | XML |
| op_ut | third_party.torch-xpu-ops.test.xpu.export.test_torchbind_xpu.TestExportTorchbind | test_none_pre_dispatch_True | failed | OSError: /tmp/xpu-tool/Python/3.10.20/x64/lib/python3.10/site-packages/torch/build/lib/libtorchbind_test.so: cannot open shared object file: No such file or directory ; OSError: Could not load this library: /tmp/xpu-tool/Python/3.10.20/x64/lib/python3.10/site-packages/torch/build/lib/libtorchbind_test.so | XML |
| op_ut | third_party.torch-xpu-ops.test.xpu.export.test_torchbind_xpu.TestExportTorchbind | test_input_pre_dispatch_True | failed | OSError: /tmp/xpu-tool/Python/3.10.20/x64/lib/python3.10/site-packages/torch/build/lib/libtorchbind_test.so: cannot open shared object file: No such file or directory ; OSError: Could not load this library: /tmp/xpu-tool/Python/3.10.20/x64/lib/python3.10/site-packages/torch/build/lib/libtorchbind_test.so | XML |
| op_ut | third_party.torch-xpu-ops.test.xpu.export.test_torchbind_xpu.TestExportTorchbind | test_custom_obj_list_out_pre_dispatch_True | failed | OSError: /tmp/xpu-tool/Python/3.10.20/x64/lib/python3.10/site-packages/torch/build/lib/libtorchbind_test.so: cannot open shared object file: No such file or directory ; OSError: Could not load this library: /tmp/xpu-tool/Python/3.10.20/x64/lib/python3.10/site-packages/torch/build/lib/libtorchbind_test.so | XML |
| op_ut | third_party.torch-xpu-ops.test.xpu.export.test_torchbind_xpu.TestCompileTorchbind | test_compile_body_aliasing_contents_backend_aot_eager | failed | OSError: /tmp/xpu-tool/Python/3.10.20/x64/lib/python3.10/site-packages/torch/build/lib/libtorchbind_test.so: cannot open shared object file: No such file or directory ; OSError: Could not load this library: /tmp/xpu-tool/Python/3.10.20/x64/lib/python3.10/site-packages/torch/build/lib/libtorchbind_test.so | XML |
| op_ut | third_party.torch-xpu-ops.test.xpu.export.test_torchbind_xpu.TestCompileTorchbind | test_export_obj_torchbind_op_with_autocast_device_cpu | failed | OSError: /tmp/xpu-tool/Python/3.10.20/x64/lib/python3.10/site-packages/torch/build/lib/libtorchbind_test.so: cannot open shared object file: No such file or directory ; OSError: Could not load this library: /tmp/xpu-tool/Python/3.10.20/x64/lib/python3.10/site-packages/torch/build/lib/libtorchbind_test.so | XML |
| op_ut | third_party.torch-xpu-ops.test.xpu.export.test_torchbind_xpu.TestCompileTorchbind | test_compile_obj_closure_backend_aot_eager | failed | OSError: /tmp/xpu-tool/Python/3.10.20/x64/lib/python3.10/site-packages/torch/build/lib/libtorchbind_test.so: cannot open shared object file: No such file or directory ; OSError: Could not load this library: /tmp/xpu-tool/Python/3.10.20/x64/lib/python3.10/site-packages/torch/build/lib/libtorchbind_test.so | XML |
| op_ut | third_party.torch-xpu-ops.test.xpu.export.test_torchbind_xpu.TestCompileTorchbind | test_compile_error_on_script_obj_setattr_backend_aot_eager | failed | OSError: /tmp/xpu-tool/Python/3.10.20/x64/lib/python3.10/site-packages/torch/build/lib/libtorchbind_test.so: cannot open shared object file: No such file or directory ; OSError: Could not load this library: /tmp/xpu-tool/Python/3.10.20/x64/lib/python3.10/site-packages/torch/build/lib/libtorchbind_test.so | XML |
| op_ut | third_party.torch-xpu-ops.test.xpu.export.test_torchbind_xpu.TestExportTorchbind | test_safe_to_trace_with_real | failed | OSError: /tmp/xpu-tool/Python/3.10.20/x64/lib/python3.10/site-packages/torch/build/lib/libtorchbind_test.so: cannot open shared object file: No such file or directory ; OSError: Could not load this library: /tmp/xpu-tool/Python/3.10.20/x64/lib/python3.10/site-packages/torch/build/lib/libtorchbind_test.so | XML |
| op_ut | third_party.torch-xpu-ops.test.xpu.export.test_torchbind_xpu.TestCompileTorchbind | test_compile_body_aliasing_contents_backend_eager | failed | OSError: /tmp/xpu-tool/Python/3.10.20/x64/lib/python3.10/site-packages/torch/build/lib/libtorchbind_test.so: cannot open shared object file: No such file or directory ; OSError: Could not load this library: /tmp/xpu-tool/Python/3.10.20/x64/lib/python3.10/site-packages/torch/build/lib/libtorchbind_test.so | XML |
| op_ut | third_party.torch-xpu-ops.test.xpu.export.test_torchbind_xpu.TestExportTorchbind | test_custom_obj_tuple_out_pre_dispatch_False | failed | OSError: /tmp/xpu-tool/Python/3.10.20/x64/lib/python3.10/site-packages/torch/build/lib/libtorchbind_test.so: cannot open shared object file: No such file or directory ; OSError: Could not load this library: /tmp/xpu-tool/Python/3.10.20/x64/lib/python3.10/site-packages/torch/build/lib/libtorchbind_test.so | XML |
| op_ut | third_party.torch-xpu-ops.test.xpu.export.test_torchbind_xpu.TestExportTorchbind | test_make_fx_schema_checking_script_object | failed | OSError: /tmp/xpu-tool/Python/3.10.20/x64/lib/python3.10/site-packages/torch/build/lib/libtorchbind_test.so: cannot open shared object file: No such file or directory ; OSError: Could not load this library: /tmp/xpu-tool/Python/3.10.20/x64/lib/python3.10/site-packages/torch/build/lib/libtorchbind_test.so | XML |
| op_ut | third_party.torch-xpu-ops.test.xpu.export.test_torchbind_xpu.TestCompileTorchbind | test_compile_error_on_script_obj_setattr_backend_eager | failed | OSError: /tmp/xpu-tool/Python/3.10.20/x64/lib/python3.10/site-packages/torch/build/lib/libtorchbind_test.so: cannot open shared object file: No such file or directory ; OSError: Could not load this library: /tmp/xpu-tool/Python/3.10.20/x64/lib/python3.10/site-packages/torch/build/lib/libtorchbind_test.so | XML |
| op_ut | third_party.torch-xpu-ops.test.xpu.export.test_torchbind_xpu.TestCompileTorchbind | test_compile_obj_closure_backend_eager | failed | OSError: /tmp/xpu-tool/Python/3.10.20/x64/lib/python3.10/site-packages/torch/build/lib/libtorchbind_test.so: cannot open shared object file: No such file or directory ; OSError: Could not load this library: /tmp/xpu-tool/Python/3.10.20/x64/lib/python3.10/site-packages/torch/build/lib/libtorchbind_test.so | XML |
| op_ut | third_party.torch-xpu-ops.test.xpu.export.test_torchbind_xpu.TestExportTorchbind | test_custom_obj_tuple_out_pre_dispatch_True | failed | OSError: /tmp/xpu-tool/Python/3.10.20/x64/lib/python3.10/site-packages/torch/build/lib/libtorchbind_test.so: cannot open shared object file: No such file or directory ; OSError: Could not load this library: /tmp/xpu-tool/Python/3.10.20/x64/lib/python3.10/site-packages/torch/build/lib/libtorchbind_test.so | XML |
| op_ut | third_party.torch-xpu-ops.test.xpu.export.test_torchbind_xpu.TestExportTorchbind | test_torchbind_alias_pre_dispatch_False | failed | OSError: /tmp/xpu-tool/Python/3.10.20/x64/lib/python3.10/site-packages/torch/build/lib/libtorchbind_test.so: cannot open shared object file: No such file or directory ; OSError: Could not load this library: /tmp/xpu-tool/Python/3.10.20/x64/lib/python3.10/site-packages/torch/build/lib/libtorchbind_test.so | XML |
| op_ut | third_party.torch-xpu-ops.test.xpu.export.test_torchbind_xpu.TestExportTorchbind | test_make_fx_tensor_queue_methods_fakify_internal_states_make_fx_tracing_mode_fake | failed | OSError: /tmp/xpu-tool/Python/3.10.20/x64/lib/python3.10/site-packages/torch/build/lib/libtorchbind_test.so: cannot open shared object file: No such file or directory ; OSError: Could not load this library: /tmp/xpu-tool/Python/3.10.20/x64/lib/python3.10/site-packages/torch/build/lib/libtorchbind_test.so | XML |
| op_ut | third_party.torch-xpu-ops.test.xpu.export.test_torchbind_xpu.TestCompileTorchbind | test_compile_script_object_input_automatic_dynamic_shape | failed | OSError: /tmp/xpu-tool/Python/3.10.20/x64/lib/python3.10/site-packages/torch/build/lib/libtorchbind_test.so: cannot open shared object file: No such file or directory ; OSError: Could not load this library: /tmp/xpu-tool/Python/3.10.20/x64/lib/python3.10/site-packages/torch/build/lib/libtorchbind_test.so | XML |
| op_ut | third_party.torch-xpu-ops.test.xpu.export.test_torchbind_xpu.TestCompileTorchbind | test_compile_body_aliasing_contents_backend_inductor | failed | OSError: /tmp/xpu-tool/Python/3.10.20/x64/lib/python3.10/site-packages/torch/build/lib/libtorchbind_test.so: cannot open shared object file: No such file or directory ; OSError: Could not load this library: /tmp/xpu-tool/Python/3.10.20/x64/lib/python3.10/site-packages/torch/build/lib/libtorchbind_test.so | XML |
| op_ut | third_party.torch-xpu-ops.test.xpu.export.test_torchbind_xpu.TestCompileTorchbind | test_compile_global_obj_backend_aot_eager | failed | OSError: /tmp/xpu-tool/Python/3.10.20/x64/lib/python3.10/site-packages/torch/build/lib/libtorchbind_test.so: cannot open shared object file: No such file or directory ; OSError: Could not load this library: /tmp/xpu-tool/Python/3.10.20/x64/lib/python3.10/site-packages/torch/build/lib/libtorchbind_test.so | XML |
| op_ut | third_party.torch-xpu-ops.test.xpu.export.test_torchbind_xpu.TestRegisterFakeClass | test_register_fake_class_from_real_not_classmethod | failed | OSError: /tmp/xpu-tool/Python/3.10.20/x64/lib/python3.10/site-packages/torch/build/lib/libtorchbind_test.so: cannot open shared object file: No such file or directory ; OSError: Could not load this library: /tmp/xpu-tool/Python/3.10.20/x64/lib/python3.10/site-packages/torch/build/lib/libtorchbind_test.so | XML |
| op_ut | third_party.torch-xpu-ops.test.xpu.export.test_torchbind_xpu.TestCompileTorchbind | test_compile_obj_closure_backend_inductor | failed | OSError: /tmp/xpu-tool/Python/3.10.20/x64/lib/python3.10/site-packages/torch/build/lib/libtorchbind_test.so: cannot open shared object file: No such file or directory ; OSError: Could not load this library: /tmp/xpu-tool/Python/3.10.20/x64/lib/python3.10/site-packages/torch/build/lib/libtorchbind_test.so | XML |
| op_ut | third_party.torch-xpu-ops.test.xpu.export.test_torchbind_xpu.TestExportTorchbind | test_make_fx_tensor_queue_methods_fakify_internal_states_make_fx_tracing_mode_symbolic | failed | OSError: /tmp/xpu-tool/Python/3.10.20/x64/lib/python3.10/site-packages/torch/build/lib/libtorchbind_test.so: cannot open shared object file: No such file or directory ; OSError: Could not load this library: /tmp/xpu-tool/Python/3.10.20/x64/lib/python3.10/site-packages/torch/build/lib/libtorchbind_test.so | XML |
| op_ut | third_party.torch-xpu-ops.test.xpu.export.test_torchbind_xpu.TestExportTorchbind | test_custom_obj_unbacked_symint_pre_dispatch_False | failed | OSError: /tmp/xpu-tool/Python/3.10.20/x64/lib/python3.10/site-packages/torch/build/lib/libtorchbind_test.so: cannot open shared object file: No such file or directory ; OSError: Could not load this library: /tmp/xpu-tool/Python/3.10.20/x64/lib/python3.10/site-packages/torch/build/lib/libtorchbind_test.so | XML |
| op_ut | third_party.torch-xpu-ops.test.xpu.export.test_torchbind_xpu.TestCompileTorchbind | test_compile_script_object_input_backend_aot_eager | failed | OSError: /tmp/xpu-tool/Python/3.10.20/x64/lib/python3.10/site-packages/torch/build/lib/libtorchbind_test.so: cannot open shared object file: No such file or directory ; OSError: Could not load this library: /tmp/xpu-tool/Python/3.10.20/x64/lib/python3.10/site-packages/torch/build/lib/libtorchbind_test.so | XML |
| op_ut | third_party.torch-xpu-ops.test.xpu.export.test_torchbind_xpu.TestExportTorchbind | test_torchbind_alias_pre_dispatch_True | failed | OSError: /tmp/xpu-tool/Python/3.10.20/x64/lib/python3.10/site-packages/torch/build/lib/libtorchbind_test.so: cannot open shared object file: No such file or directory ; OSError: Could not load this library: /tmp/xpu-tool/Python/3.10.20/x64/lib/python3.10/site-packages/torch/build/lib/libtorchbind_test.so | XML |
| op_ut | third_party.torch-xpu-ops.test.xpu.export.test_torchbind_xpu.TestCompileTorchbind | test_compile_error_on_input_aliasing_contents_backend_aot_eager | failed | OSError: /tmp/xpu-tool/Python/3.10.20/x64/lib/python3.10/site-packages/torch/build/lib/libtorchbind_test.so: cannot open shared object file: No such file or directory ; OSError: Could not load this library: /tmp/xpu-tool/Python/3.10.20/x64/lib/python3.10/site-packages/torch/build/lib/libtorchbind_test.so | XML |
| op_ut | third_party.torch-xpu-ops.test.xpu.export.test_torchbind_xpu.TestCompileTorchbind | test_compile_global_obj_backend_eager | failed | OSError: /tmp/xpu-tool/Python/3.10.20/x64/lib/python3.10/site-packages/torch/build/lib/libtorchbind_test.so: cannot open shared object file: No such file or directory ; OSError: Could not load this library: /tmp/xpu-tool/Python/3.10.20/x64/lib/python3.10/site-packages/torch/build/lib/libtorchbind_test.so | XML |
| op_ut | third_party.torch-xpu-ops.test.xpu.export.test_torchbind_xpu.TestRegisterFakeClass | test_register_fake_class_no_from_real | failed | OSError: /tmp/xpu-tool/Python/3.10.20/x64/lib/python3.10/site-packages/torch/build/lib/libtorchbind_test.so: cannot open shared object file: No such file or directory ; OSError: Could not load this library: /tmp/xpu-tool/Python/3.10.20/x64/lib/python3.10/site-packages/torch/build/lib/libtorchbind_test.so | XML |
| op_ut | third_party.torch-xpu-ops.test.xpu.export.test_torchbind_xpu.TestCompileTorchbind | test_compile_obj_graph_breaks | failed | OSError: /tmp/xpu-tool/Python/3.10.20/x64/lib/python3.10/site-packages/torch/build/lib/libtorchbind_test.so: cannot open shared object file: No such file or directory ; OSError: Could not load this library: /tmp/xpu-tool/Python/3.10.20/x64/lib/python3.10/site-packages/torch/build/lib/libtorchbind_test.so | XML |
| op_ut | third_party.torch-xpu-ops.test.xpu.export.test_torchbind_xpu.TestCompileTorchbind | test_compile_error_on_input_aliasing_contents_backend_eager | failed | OSError: /tmp/xpu-tool/Python/3.10.20/x64/lib/python3.10/site-packages/torch/build/lib/libtorchbind_test.so: cannot open shared object file: No such file or directory ; OSError: Could not load this library: /tmp/xpu-tool/Python/3.10.20/x64/lib/python3.10/site-packages/torch/build/lib/libtorchbind_test.so | XML |
| op_ut | third_party.torch-xpu-ops.test.xpu.export.test_torchbind_xpu.TestExportTorchbind | test_torchbind_input_and_alias_pre_dispatch_False | failed | OSError: /tmp/xpu-tool/Python/3.10.20/x64/lib/python3.10/site-packages/torch/build/lib/libtorchbind_test.so: cannot open shared object file: No such file or directory ; OSError: Could not load this library: /tmp/xpu-tool/Python/3.10.20/x64/lib/python3.10/site-packages/torch/build/lib/libtorchbind_test.so | XML |
| op_ut | third_party.torch-xpu-ops.test.xpu.export.test_torchbind_xpu.TestCompileTorchbind | test_compile_script_object_input_backend_eager | failed | OSError: /tmp/xpu-tool/Python/3.10.20/x64/lib/python3.10/site-packages/torch/build/lib/libtorchbind_test.so: cannot open shared object file: No such file or directory ; OSError: Could not load this library: /tmp/xpu-tool/Python/3.10.20/x64/lib/python3.10/site-packages/torch/build/lib/libtorchbind_test.so | XML |
| op_ut | third_party.torch-xpu-ops.test.xpu.export.test_torchbind_xpu.TestExportTorchbind | test_make_fx_tensor_queue_methods_make_fx_tracing_mode_fake | failed | OSError: /tmp/xpu-tool/Python/3.10.20/x64/lib/python3.10/site-packages/torch/build/lib/libtorchbind_test.so: cannot open shared object file: No such file or directory ; OSError: Could not load this library: /tmp/xpu-tool/Python/3.10.20/x64/lib/python3.10/site-packages/torch/build/lib/libtorchbind_test.so | XML |
| op_ut | third_party.torch-xpu-ops.test.xpu.export.test_torchbind_xpu.TestExportTorchbind | test_custom_obj_unbacked_symint_pre_dispatch_True | failed | OSError: /tmp/xpu-tool/Python/3.10.20/x64/lib/python3.10/site-packages/torch/build/lib/libtorchbind_test.so: cannot open shared object file: No such file or directory ; OSError: Could not load this library: /tmp/xpu-tool/Python/3.10.20/x64/lib/python3.10/site-packages/torch/build/lib/libtorchbind_test.so | XML |
| op_ut | third_party.torch-xpu-ops.test.xpu.export.test_torchbind_xpu.TestCompileTorchbind | test_compile_global_obj_backend_inductor | failed | OSError: /tmp/xpu-tool/Python/3.10.20/x64/lib/python3.10/site-packages/torch/build/lib/libtorchbind_test.so: cannot open shared object file: No such file or directory ; OSError: Could not load this library: /tmp/xpu-tool/Python/3.10.20/x64/lib/python3.10/site-packages/torch/build/lib/libtorchbind_test.so | XML |
| op_ut | third_party.torch-xpu-ops.test.xpu.export.test_torchbind_xpu.TestRegisterFakeClass | test_register_fake_class_no_torch_bind_class | failed | OSError: /tmp/xpu-tool/Python/3.10.20/x64/lib/python3.10/site-packages/torch/build/lib/libtorchbind_test.so: cannot open shared object file: No such file or directory ; OSError: Could not load this library: /tmp/xpu-tool/Python/3.10.20/x64/lib/python3.10/site-packages/torch/build/lib/libtorchbind_test.so | XML |
| op_ut | third_party.torch-xpu-ops.test.xpu.export.test_torchbind_xpu.TestCompileTorchbind | test_compile_obj_torchbind_op_backend_aot_eager | failed | OSError: /tmp/xpu-tool/Python/3.10.20/x64/lib/python3.10/site-packages/torch/build/lib/libtorchbind_test.so: cannot open shared object file: No such file or directory ; OSError: Could not load this library: /tmp/xpu-tool/Python/3.10.20/x64/lib/python3.10/site-packages/torch/build/lib/libtorchbind_test.so | XML |
| op_ut | third_party.torch-xpu-ops.test.xpu.export.test_torchbind_xpu.TestCompileTorchbind | test_compile_script_object_input_backend_inductor | failed | OSError: /tmp/xpu-tool/Python/3.10.20/x64/lib/python3.10/site-packages/torch/build/lib/libtorchbind_test.so: cannot open shared object file: No such file or directory ; OSError: Could not load this library: /tmp/xpu-tool/Python/3.10.20/x64/lib/python3.10/site-packages/torch/build/lib/libtorchbind_test.so | XML |
| op_ut | third_party.torch-xpu-ops.test.xpu.export.test_torchbind_xpu.TestRegisterFakeClass | test_register_fake_class_valid | failed | OSError: /tmp/xpu-tool/Python/3.10.20/x64/lib/python3.10/site-packages/torch/build/lib/libtorchbind_test.so: cannot open shared object file: No such file or directory ; OSError: Could not load this library: /tmp/xpu-tool/Python/3.10.20/x64/lib/python3.10/site-packages/torch/build/lib/libtorchbind_test.so | XML |
| op_ut | third_party.torch-xpu-ops.test.xpu.functorch.test_control_flow_xpu.AssociativeScanTests | test_associative_scan_output_output_alias | failed | AssertionError: "associative_scan must be captured completely with torch.compile.*" does not match "This higher order operator doesn't work unless it is captured completely with torch.compile. Got graph break/error: | XML |
| op_ut | third_party.torch-xpu-ops.test.xpu.functorch.test_control_flow_xpu.TestControlFlow | test_cond_autograd_different_pytree_output | failed | AssertionError: "Cond doesn't work unless it is captured completely with torch.compile" does not match "This higher order operator doesn't work unless it is captured completely with torch.compile. Got graph break/error: | XML |
| op_ut | third_party.torch-xpu-ops.test.xpu.functorch.test_control_flow_xpu.TestControlFlow | test_map_illegal_outputs | failed | AssertionError: "map doesn't work unless it is captured completely" does not match "This higher order operator doesn't work unless it is captured completely with torch.compile. Got graph break/error: | XML |
| op_ut | third_party.torch-xpu-ops.test.xpu.functorch.test_control_flow_xpu.TestControlFlow | test_scan_float_output | failed | AssertionError: "scan must be captured completely.*" does not match "This higher order operator doesn't work unless it is captured completely with torch.compile. Got graph break/error: | XML |
| op_ut | third_party.torch-xpu-ops.test.xpu.functorch.test_control_flow_xpu.TestControlFlowTraced | test_input_input_alias | failed | AssertionError: "Cond doesn't work unless it is captured completely with torch.compile.*" does not match "This higher order operator doesn't work unless it is captured completely with torch.compile. Got graph break/error: | XML |
| op_ut | third_party.torch-xpu-ops.test.xpu.functorch.test_control_flow_xpu.TestControlFlowTraced | test_input_mutation_inference_mode_False | failed | AssertionError: "Cond doesn't work unless it is captured completely with torch.compile.*" does not match "This higher order operator doesn't work unless it is captured completely with torch.compile. Got graph break/error: | XML |
| op_ut | third_party.torch-xpu-ops.test.xpu.functorch.test_control_flow_xpu.TestControlFlowTraced | test_input_mutation_inference_mode_True | failed | AssertionError: "Cond doesn't work unless it is captured completely with torch.compile.*" does not match "This higher order operator doesn't work unless it is captured completely with torch.compile. Got graph break/error: | XML |
| op_ut | third_party.torch-xpu-ops.test.xpu.functorch.test_control_flow_xpu.TestControlFlowTraced | test_input_output_alias | failed | AssertionError: "Cond doesn't work unless it is captured completely with torch.compile.*" does not match "This higher order operator doesn't work unless it is captured completely with torch.compile. Got graph break/error: | XML |
| op_ut | third_party.torch-xpu-ops.test.xpu.functorch.test_control_flow_xpu.TestControlFlowTraced | test_map_functionalized_elem_alias | failed | AssertionError: "map doesn't work unless it is captured completely with torch.compile.*" does not match "This higher order operator doesn't work unless it is captured completely with torch.compile. Got graph break/error: | XML |
| op_ut | third_party.torch-xpu-ops.test.xpu.functorch.test_control_flow_xpu.TestControlFlow | test_scan_carry_carry_alias | failed | AssertionError: "scan must be captured completely with torch.compile.*" does not match "This higher order operator doesn't work unless it is captured completely with torch.compile. Got graph break/error: | XML |
| op_ut | third_party.torch-xpu-ops.test.xpu.functorch.test_control_flow_xpu.TestControlFlow | test_scan_carry_output_alias | failed | AssertionError: "scan must be captured completely with torch.compile.*" does not match "This higher order operator doesn't work unless it is captured completely with torch.compile. Got graph break/error: | XML |
| op_ut | third_party.torch-xpu-ops.test.xpu.functorch.test_control_flow_xpu.TestControlFlowTraced | test_raise_error_on_mismatch_type_size | failed | AssertionError: "Cond doesn't work unless it is captured completely with torch.compile.*" does not match "This higher order operator doesn't work unless it is captured completely with torch.compile. Got graph break/error: | XML |
| op_ut | third_party.torch-xpu-ops.test.xpu.functorch.test_control_flow_xpu.TestControlFlowTraced | test_raise_error_on_mismatch_type_size_fake_tensor | failed | AssertionError: "Cond doesn't work unless it is captured completely with torch.compile.*" does not match "This higher order operator doesn't work unless it is captured completely with torch.compile. Got graph break/error: | XML |
| op_ut | third_party.torch-xpu-ops.test.xpu.functorch.test_control_flow_xpu.TestControlFlowTraced | test_raise_error_on_mismatch_type_size_fake_tensor | failed | AssertionError: "Cond doesn't work unless it is captured completely with torch.compile.*" does not match "This higher order operator doesn't work unless it is captured completely with torch.compile. Got graph break/error: | XML |
| op_ut | third_party.torch-xpu-ops.test.xpu.functorch.test_control_flow_xpu.TestControlFlow | test_scan_init_wrong_pytree_carry_shape | failed | AssertionError: "scan must be captured completely with torch.compile.*" does not match "This higher order operator doesn't work unless it is captured completely with torch.compile. Got graph break/error: | XML |
| op_ut | third_party.torch-xpu-ops.test.xpu.functorch.test_control_flow_xpu.TestControlFlow | test_scan_input_carry_alias | failed | AssertionError: "scan must be captured completely with torch.compile.*" does not match "This higher order operator doesn't work unless it is captured completely with torch.compile. Got graph break/error: | XML |
| op_ut | third_party.torch-xpu-ops.test.xpu.functorch.test_control_flow_xpu.TestControlFlow | test_scan_input_mutation | failed | AssertionError: "scan must be captured completely with torch.compile.*" does not match "This higher order operator doesn't work unless it is captured completely with torch.compile. Got graph break/error: | XML |
| op_ut | third_party.torch-xpu-ops.test.xpu.functorch.test_control_flow_xpu.TestControlFlow | test_scan_input_output_alias | failed | AssertionError: "scan must be captured completely with torch.compile.*" does not match "This higher order operator doesn't work unless it is captured completely with torch.compile. Got graph break/error: | XML |
| op_ut | third_party.torch-xpu-ops.test.xpu.functorch.test_control_flow_xpu.TestControlFlowTraced | test_while_loop_autograd_simple | failed | AssertionError: 'clas[152 chars]     zeros: "i64[]" = torch.ops.aten.zeros.def[3514 chars]1)\n' != 'clas[152 chars]     clone: "f32[3, 3]" = torch.ops.aten.clone[3636 chars]1)\n' | XML |
| op_ut | third_party.torch-xpu-ops.test.xpu.functorch.test_control_flow_xpu.TestControlFlow | test_scan_multiple_layers_gradient_layers_1_device_cuda | failed | AssertionError: Torch not compiled with CUDA enabled | XML |
| op_ut | third_party.torch-xpu-ops.test.xpu.functorch.test_control_flow_xpu.TestControlFlow | test_scan_multiple_layers_gradient_layers_2_device_cuda | failed | AssertionError: Torch not compiled with CUDA enabled | XML |
| op_ut | third_party.torch-xpu-ops.test.xpu.functorch.test_control_flow_xpu.TestHopSchema | test_function_schema_gen | failed | OSError: /tmp/xpu-tool/Python/3.10.20/x64/lib/python3.10/site-packages/torch/build/lib/libtorchbind_test.so: cannot open shared object file: No such file or directory ; OSError: Could not load this library: /tmp/xpu-tool/Python/3.10.20/x64/lib/python3.10/site-packages/torch/build/lib/libtorchbind_test.so | XML |
| op_ut | third_party.torch-xpu-ops.test.xpu.functorch.test_control_flow_xpu.TestHopSchema | test_list_gen_schema_type_ScriptObj | failed | OSError: /tmp/xpu-tool/Python/3.10.20/x64/lib/python3.10/site-packages/torch/build/lib/libtorchbind_test.so: cannot open shared object file: No such file or directory ; OSError: Could not load this library: /tmp/xpu-tool/Python/3.10.20/x64/lib/python3.10/site-packages/torch/build/lib/libtorchbind_test.so | XML |
| op_ut | third_party.torch-xpu-ops.test.xpu.functorch.test_control_flow_xpu.TestHopSchema | test_type_gen_schema_type_ScriptObj | failed | OSError: /tmp/xpu-tool/Python/3.10.20/x64/lib/python3.10/site-packages/torch/build/lib/libtorchbind_test.so: cannot open shared object file: No such file or directory ; OSError: Could not load this library: /tmp/xpu-tool/Python/3.10.20/x64/lib/python3.10/site-packages/torch/build/lib/libtorchbind_test.so | XML |
| op_ut | third_party.torch-xpu-ops.test.xpu.functorch.test_control_flow_xpu.TestControlFlow | test_scan_multiple_layers_gradient_layers_3_device_cuda | failed | AssertionError: Torch not compiled with CUDA enabled | XML |
| op_ut | third_party.torch-xpu-ops.test.xpu.functorch.test_control_flow_xpu.AssociativeScanTests | test_associative_scan_input_mutation | failed | AssertionError: "associative_scan must be captured completely with torch.compile.*" does not match "This higher order operator doesn't work unless it is captured completely with torch.compile. Got graph break/error: | XML |
| op_ut | third_party.torch-xpu-ops.test.xpu.functorch.test_control_flow_xpu.AssociativeScanTests | test_associative_scan_input_output_alias | failed | AssertionError: "associative_scan must be captured completely with torch.compile.*" does not match "This higher order operator doesn't work unless it is captured completely with torch.compile. Got graph break/error: | XML |
| op_ut | third_party.torch-xpu-ops.test.xpu.functorch.test_control_flow_xpu.TestControlFlow | test_scan_one_return | failed | AssertionError: "scan must be captured completely with.*" does not match "This higher order operator doesn't work unless it is captured completely with torch.compile. Got graph break/error: | XML |
| op_ut | third_party.torch-xpu-ops.test.xpu.functorch.test_control_flow_xpu.TestControlFlow | test_scan_pytree_output | failed | AssertionError: 'clas[290 chars]one\n\n        scan_combine_fn_0 = self.scan_c[801 chars]3]\n' != 'clas[290 chars]one\n        scan_combine_fn_0 = self.scan_com[797 chars]3]\n' | XML |
| op_ut | third_party.torch-xpu-ops.test.xpu.functorch.test_control_flow_xpu.AssociativeScanTests | test_associative_scan_wrong_pytree | failed | AssertionError: Combine_fn received wrong number of arguments, expected 6, but got 7 ; AssertionError: "Combin_fn received wrong number of arguments.*" does not match "Combine_fn received wrong number of arguments, expected 6, but got 7" | XML |
| op_ut | third_party.torch-xpu-ops.test.xpu.functorch.test_control_flow_xpu.TestControlFlowTraced | test_cond_functionalized_input_aliasing_with_aot_func | failed | AssertionError: "Cond doesn't work unless it is captured completely with torch.compile.*" does not match "This higher order operator doesn't work unless it is captured completely with torch.compile. Got graph break/error: | XML |
| op_ut | third_party.torch-xpu-ops.test.xpu.functorch.test_control_flow_xpu.TestControlFlowTraced | test_cond_functionalized_nested_input_mutation_with_aot_func | failed | AssertionError: "Cond doesn't work unless it is captured completely with torch.compile.*" does not match "This higher order operator doesn't work unless it is captured completely with torch.compile. Got graph break/error: | XML |
| op_ut | third_party.torch-xpu-ops.test.xpu.functorch.test_control_flow_xpu.TestControlFlowTraced | test_cond_functionalized_output_alias_input | failed | AssertionError: "Cond doesn't work unless it is captured completely with torch.compile.*" does not match "This higher order operator doesn't work unless it is captured completely with torch.compile. Got graph break/error: | XML |
| op_ut | third_party.torch-xpu-ops.test.xpu.functorch.test_control_flow_xpu.TestControlFlowTraced | test_cond_mismatched_branch_output_dynamic_True_backend_eager | failed | AssertionError: 'clas[304 chars]one\n\n        cond_true_0 = self.cond_true_0\[1985 chars],)\n' != 'clas[304 chars]one\n        cond_true_0 = self.cond_true_0\n [1983 chars],)\n' | XML |
| op_ut | third_party.torch-xpu-ops.test.xpu.functorch.test_control_flow_xpu.TestControlFlowTraced | test_cond_trace_set__and_mutate_input | failed | AssertionError: "Cond doesn't work unless it is captured completely with torch.compile" does not match "This higher order operator doesn't work unless it is captured completely with torch.compile. Got graph break/error: | XML |
| op_ut | third_party.torch-xpu-ops.test.xpu.functorch.test_control_flow_xpu.AssociativeScanTests | test_associative_scan_pytree_output | failed | AssertionError: 'clas[484 chars]one\n\n        elem_3: "f32[3, 10, 2]" = torch[6796 chars]5)\n' != 'clas[484 chars]one\n        elem_3: "f32[3, 10, 2]" = torch.f[6774 chars]5)\n' | XML |
| op_ut |  | third_party.torch-xpu-ops.test.xpu.functorch.test_ops_xpu | error | ImportError: cannot import name 'skipOps' from 'common_utils' (/__w/torch-xpu-ops/torch-xpu-ops/pytorch/third_party/torch-xpu-ops/test/xpu/../../../../test/functorch/common_utils.py) | XML |
| op_ut |  | third_party.torch-xpu-ops.test.xpu.functorch.test_vmap_xpu | error | ImportError: cannot import name 'skipOps' from 'common_utils' (/__w/torch-xpu-ops/torch-xpu-ops/pytorch/third_party/torch-xpu-ops/test/xpu/../../../../test/functorch/common_utils.py) | XML |
| op_ut | third_party.torch-xpu-ops.test.xpu.higher_order_ops.test_with_effects_xpu.TestWithEffects | test_effects_and_input_mutation_is_output | failed | OSError: /tmp/xpu-tool/Python/3.10.20/x64/lib/python3.10/site-packages/torch/build/lib/libtorchbind_test.so: cannot open shared object file: No such file or directory ; OSError: Could not load this library: /tmp/xpu-tool/Python/3.10.20/x64/lib/python3.10/site-packages/torch/build/lib/libtorchbind_test.so | XML |
| op_ut | third_party.torch-xpu-ops.test.xpu.higher_order_ops.test_with_effects_xpu.TestWithEffects | test_alias_op | failed | OSError: /tmp/xpu-tool/Python/3.10.20/x64/lib/python3.10/site-packages/torch/build/lib/libtorchbind_test.so: cannot open shared object file: No such file or directory ; OSError: Could not load this library: /tmp/xpu-tool/Python/3.10.20/x64/lib/python3.10/site-packages/torch/build/lib/libtorchbind_test.so | XML |
| op_ut | third_party.torch-xpu-ops.test.xpu.higher_order_ops.test_with_effects_xpu.TestWithEffects | test_export_invoke_subgraph | failed | OSError: /tmp/xpu-tool/Python/3.10.20/x64/lib/python3.10/site-packages/torch/build/lib/libtorchbind_test.so: cannot open shared object file: No such file or directory ; OSError: Could not load this library: /tmp/xpu-tool/Python/3.10.20/x64/lib/python3.10/site-packages/torch/build/lib/libtorchbind_test.so | XML |
| op_ut | third_party.torch-xpu-ops.test.xpu.higher_order_ops.test_with_effects_xpu.TestWithEffects | test_print_with_input_mutations | failed | OSError: /tmp/xpu-tool/Python/3.10.20/x64/lib/python3.10/site-packages/torch/build/lib/libtorchbind_test.so: cannot open shared object file: No such file or directory ; OSError: Could not load this library: /tmp/xpu-tool/Python/3.10.20/x64/lib/python3.10/site-packages/torch/build/lib/libtorchbind_test.so | XML |
| op_ut | third_party.torch-xpu-ops.test.xpu.higher_order_ops.test_with_effects_xpu.TestWithEffects | test_regular_effectful_op_only_in_backward | failed | OSError: /tmp/xpu-tool/Python/3.10.20/x64/lib/python3.10/site-packages/torch/build/lib/libtorchbind_test.so: cannot open shared object file: No such file or directory ; OSError: Could not load this library: /tmp/xpu-tool/Python/3.10.20/x64/lib/python3.10/site-packages/torch/build/lib/libtorchbind_test.so | XML |
| op_ut | third_party.torch-xpu-ops.test.xpu.higher_order_ops.test_with_effects_xpu.TestWithEffects | test_dce | failed | OSError: /tmp/xpu-tool/Python/3.10.20/x64/lib/python3.10/site-packages/torch/build/lib/libtorchbind_test.so: cannot open shared object file: No such file or directory ; OSError: Could not load this library: /tmp/xpu-tool/Python/3.10.20/x64/lib/python3.10/site-packages/torch/build/lib/libtorchbind_test.so | XML |
| op_ut | third_party.torch-xpu-ops.test.xpu.higher_order_ops.test_with_effects_xpu.TestWithEffects | test_effectful_op_in_backward | failed | OSError: /tmp/xpu-tool/Python/3.10.20/x64/lib/python3.10/site-packages/torch/build/lib/libtorchbind_test.so: cannot open shared object file: No such file or directory ; OSError: Could not load this library: /tmp/xpu-tool/Python/3.10.20/x64/lib/python3.10/site-packages/torch/build/lib/libtorchbind_test.so | XML |
| op_ut | third_party.torch-xpu-ops.test.xpu.higher_order_ops.test_with_effects_xpu.TestWithEffects | test_compile_aot_eager_requires_grad | failed | OSError: /tmp/xpu-tool/Python/3.10.20/x64/lib/python3.10/site-packages/torch/build/lib/libtorchbind_test.so: cannot open shared object file: No such file or directory ; OSError: Could not load this library: /tmp/xpu-tool/Python/3.10.20/x64/lib/python3.10/site-packages/torch/build/lib/libtorchbind_test.so | XML |
| op_ut | third_party.torch-xpu-ops.test.xpu.higher_order_ops.test_with_effects_xpu.TestWithEffects | test_effects_and_input_mutation_return | failed | OSError: /tmp/xpu-tool/Python/3.10.20/x64/lib/python3.10/site-packages/torch/build/lib/libtorchbind_test.so: cannot open shared object file: No such file or directory ; OSError: Could not load this library: /tmp/xpu-tool/Python/3.10.20/x64/lib/python3.10/site-packages/torch/build/lib/libtorchbind_test.so | XML |
| op_ut | third_party.torch-xpu-ops.test.xpu.higher_order_ops.test_with_effects_xpu.TestWithEffects | test_compile_aot_eager_requires_grad | failed | OSError: /tmp/xpu-tool/Python/3.10.20/x64/lib/python3.10/site-packages/torch/build/lib/libtorchbind_test.so: cannot open shared object file: No such file or directory ; OSError: Could not load this library: /tmp/xpu-tool/Python/3.10.20/x64/lib/python3.10/site-packages/torch/build/lib/libtorchbind_test.so | XML |
| op_ut | third_party.torch-xpu-ops.test.xpu.higher_order_ops.test_with_effects_xpu.TestWithEffects | test_compile_aot_eager | failed | OSError: /tmp/xpu-tool/Python/3.10.20/x64/lib/python3.10/site-packages/torch/build/lib/libtorchbind_test.so: cannot open shared object file: No such file or directory ; OSError: Could not load this library: /tmp/xpu-tool/Python/3.10.20/x64/lib/python3.10/site-packages/torch/build/lib/libtorchbind_test.so | XML |
| op_ut | third_party.torch-xpu-ops.test.xpu.higher_order_ops.test_with_effects_xpu.TestWithEffects | test_torchbind_custom_op | failed | OSError: /tmp/xpu-tool/Python/3.10.20/x64/lib/python3.10/site-packages/torch/build/lib/libtorchbind_test.so: cannot open shared object file: No such file or directory ; OSError: Could not load this library: /tmp/xpu-tool/Python/3.10.20/x64/lib/python3.10/site-packages/torch/build/lib/libtorchbind_test.so | XML |
| op_ut | third_party.torch-xpu-ops.test.xpu.higher_order_ops.test_with_effects_xpu.TestWithEffects | test_print_with_input_mutations | failed | OSError: /tmp/xpu-tool/Python/3.10.20/x64/lib/python3.10/site-packages/torch/build/lib/libtorchbind_test.so: cannot open shared object file: No such file or directory ; OSError: Could not load this library: /tmp/xpu-tool/Python/3.10.20/x64/lib/python3.10/site-packages/torch/build/lib/libtorchbind_test.so | XML |
| op_ut | third_party.torch-xpu-ops.test.xpu.higher_order_ops.test_with_effects_xpu.TestWithEffects | test_print | failed | OSError: /tmp/xpu-tool/Python/3.10.20/x64/lib/python3.10/site-packages/torch/build/lib/libtorchbind_test.so: cannot open shared object file: No such file or directory ; OSError: Could not load this library: /tmp/xpu-tool/Python/3.10.20/x64/lib/python3.10/site-packages/torch/build/lib/libtorchbind_test.so | XML |
| op_ut | third_party.torch-xpu-ops.test.xpu.higher_order_ops.test_with_effects_xpu.TestWithEffects | test_print_with_buffer_mutations | failed | OSError: /tmp/xpu-tool/Python/3.10.20/x64/lib/python3.10/site-packages/torch/build/lib/libtorchbind_test.so: cannot open shared object file: No such file or directory ; OSError: Could not load this library: /tmp/xpu-tool/Python/3.10.20/x64/lib/python3.10/site-packages/torch/build/lib/libtorchbind_test.so | XML |
| op_ut | third_party.torch-xpu-ops.test.xpu.test_fx_xpu.TestFX | test_print_graph | failed | OSError: /tmp/xpu-tool/Python/3.10.20/x64/lib/python3.10/site-packages/torch/build/lib/libtorchbind_test.so: cannot open shared object file: No such file or directory ; OSError: Could not load this library: /tmp/xpu-tool/Python/3.10.20/x64/lib/python3.10/site-packages/torch/build/lib/libtorchbind_test.so | XML |
| op_ut | third_party.torch-xpu-ops.test.xpu.test_fx_xpu.TestFX | test_print_readable_no_trailing_whitespace_with_inner_graph | failed | OSError: /tmp/xpu-tool/Python/3.10.20/x64/lib/python3.10/site-packages/torch/build/lib/libtorchbind_test.so: cannot open shared object file: No such file or directory ; OSError: Could not load this library: /tmp/xpu-tool/Python/3.10.20/x64/lib/python3.10/site-packages/torch/build/lib/libtorchbind_test.so | XML |
| op_ut | third_party.torch-xpu-ops.test.xpu.higher_order_ops.test_with_effects_xpu.TestWithEffects | test_effectful_op_with_flex_attention | failed | OSError: /tmp/xpu-tool/Python/3.10.20/x64/lib/python3.10/site-packages/torch/build/lib/libtorchbind_test.so: cannot open shared object file: No such file or directory ; OSError: Could not load this library: /tmp/xpu-tool/Python/3.10.20/x64/lib/python3.10/site-packages/torch/build/lib/libtorchbind_test.so | XML |
| op_ut | third_party.torch-xpu-ops.test.xpu.higher_order_ops.test_with_effects_xpu.TestWithEffects | test_effect_autograd_function | failed | OSError: /tmp/xpu-tool/Python/3.10.20/x64/lib/python3.10/site-packages/torch/build/lib/libtorchbind_test.so: cannot open shared object file: No such file or directory ; OSError: Could not load this library: /tmp/xpu-tool/Python/3.10.20/x64/lib/python3.10/site-packages/torch/build/lib/libtorchbind_test.so | XML |
| op_ut | third_party.torch-xpu-ops.test.xpu.higher_order_ops.test_with_effects_xpu.TestWithEffects | test_register_effectful_custom_op | failed | OSError: /tmp/xpu-tool/Python/3.10.20/x64/lib/python3.10/site-packages/torch/build/lib/libtorchbind_test.so: cannot open shared object file: No such file or directory ; OSError: Could not load this library: /tmp/xpu-tool/Python/3.10.20/x64/lib/python3.10/site-packages/torch/build/lib/libtorchbind_test.so | XML |
| op_ut | third_party.torch-xpu-ops.test.xpu.higher_order_ops.test_with_effects_xpu.TestWithEffects | test_compile_inductor | failed | OSError: /tmp/xpu-tool/Python/3.10.20/x64/lib/python3.10/site-packages/torch/build/lib/libtorchbind_test.so: cannot open shared object file: No such file or directory ; OSError: Could not load this library: /tmp/xpu-tool/Python/3.10.20/x64/lib/python3.10/site-packages/torch/build/lib/libtorchbind_test.so | XML |
| op_ut | third_party.torch-xpu-ops.test.xpu.higher_order_ops.test_with_effects_xpu.TestWithEffects | test_compile_inductor_external_op_return_none | failed | OSError: /tmp/xpu-tool/Python/3.10.20/x64/lib/python3.10/site-packages/torch/build/lib/libtorchbind_test.so: cannot open shared object file: No such file or directory ; OSError: Could not load this library: /tmp/xpu-tool/Python/3.10.20/x64/lib/python3.10/site-packages/torch/build/lib/libtorchbind_test.so | XML |
| op_ut | third_party.torch-xpu-ops.test.xpu.higher_order_ops.test_with_effects_xpu.TestWithEffects | test_effects_and_input_output_view_simple | failed | OSError: /tmp/xpu-tool/Python/3.10.20/x64/lib/python3.10/site-packages/torch/build/lib/libtorchbind_test.so: cannot open shared object file: No such file or directory ; OSError: Could not load this library: /tmp/xpu-tool/Python/3.10.20/x64/lib/python3.10/site-packages/torch/build/lib/libtorchbind_test.so | XML |
| op_ut | third_party.torch-xpu-ops.test.xpu.higher_order_ops.test_with_effects_xpu.TestWithEffects | test_with_effects_through_functional_tensor_mode | failed | OSError: /tmp/xpu-tool/Python/3.10.20/x64/lib/python3.10/site-packages/torch/build/lib/libtorchbind_test.so: cannot open shared object file: No such file or directory ; OSError: Could not load this library: /tmp/xpu-tool/Python/3.10.20/x64/lib/python3.10/site-packages/torch/build/lib/libtorchbind_test.so | XML |
| op_ut | third_party.torch-xpu-ops.test.xpu.higher_order_ops.test_with_effects_xpu.TestWithEffects | test_print_with_buffer_mutations | failed | OSError: /tmp/xpu-tool/Python/3.10.20/x64/lib/python3.10/site-packages/torch/build/lib/libtorchbind_test.so: cannot open shared object file: No such file or directory ; OSError: Could not load this library: /tmp/xpu-tool/Python/3.10.20/x64/lib/python3.10/site-packages/torch/build/lib/libtorchbind_test.so | XML |
| op_ut | third_party.torch-xpu-ops.test.xpu.higher_order_ops.test_with_effects_xpu.TestWithEffects | test_regular_effectful_op_in_forward_and_backward | failed | OSError: /tmp/xpu-tool/Python/3.10.20/x64/lib/python3.10/site-packages/torch/build/lib/libtorchbind_test.so: cannot open shared object file: No such file or directory ; OSError: Could not load this library: /tmp/xpu-tool/Python/3.10.20/x64/lib/python3.10/site-packages/torch/build/lib/libtorchbind_test.so | XML |
| op_ut | third_party.torch-xpu-ops.test.xpu.higher_order_ops.test_with_effects_xpu.TestWithEffects | test_effectful_custom_op_with_subclasses | failed | OSError: /tmp/xpu-tool/Python/3.10.20/x64/lib/python3.10/site-packages/torch/build/lib/libtorchbind_test.so: cannot open shared object file: No such file or directory ; OSError: Could not load this library: /tmp/xpu-tool/Python/3.10.20/x64/lib/python3.10/site-packages/torch/build/lib/libtorchbind_test.so | XML |
| op_ut | third_party.torch-xpu-ops.test.xpu.higher_order_ops.test_with_effects_xpu.TestWithEffects | test_effects_and_aliased_outputs | failed | OSError: /tmp/xpu-tool/Python/3.10.20/x64/lib/python3.10/site-packages/torch/build/lib/libtorchbind_test.so: cannot open shared object file: No such file or directory ; OSError: Could not load this library: /tmp/xpu-tool/Python/3.10.20/x64/lib/python3.10/site-packages/torch/build/lib/libtorchbind_test.so | XML |
| op_ut | third_party.torch-xpu-ops.test.xpu.higher_order_ops.test_with_effects_xpu.TestWithEffects | test_compile_inductor_external_op_return_none | failed | OSError: /tmp/xpu-tool/Python/3.10.20/x64/lib/python3.10/site-packages/torch/build/lib/libtorchbind_test.so: cannot open shared object file: No such file or directory ; OSError: Could not load this library: /tmp/xpu-tool/Python/3.10.20/x64/lib/python3.10/site-packages/torch/build/lib/libtorchbind_test.so | XML |
| op_ut | third_party.torch-xpu-ops.test.xpu.nn.test_convolution_xpu.TestConvolutionNN | test_slow_conv_dilated3d_unbatched | failed | AssertionError: Torch not compiled with CUDA enabled | XML |
| op_ut | third_party.torch-xpu-ops.test.xpu.quantization.core.test_quantized_tensor_xpu.TestQuantizedTensorXPU | test_per_channel_to_device_xpu | failed | NotImplementedError: Could not run 'aten::empty_quantized' with arguments from the 'QuantizedXPU' backend. This could be because the operator doesn't exist for this backend, or was omitted during the selective/custom build process (if using custom build). If you are a Facebook employee using PyTorch on mobile, please visit https://fburl.com/ptmfixes for possible resolutions. 'aten::empty_quantized' is only available for these backends: [XPU, Meta, QuantizedCPU, BackendSelect, Python, FuncTorchDynamicLayerBackMode, Functionalize, Named, Conjugate, Negative, ZeroTensor, ADInplaceOrView, AutogradOther, AutogradCPU, AutogradCUDA, AutogradHIP, AutogradXLA, AutogradMPS, AutogradIPU, AutogradXPU, AutogradHPU, AutogradVE, AutogradLazy, AutogradMTIA, AutogradMAIA, AutogradPrivateUse1, AutogradPrivateUse2, AutogradPrivateUse3, AutogradMeta, AutogradNestedTensor, Tracer, AutocastCPU, AutocastMTIA, AutocastMAIA, AutocastXPU, AutocastMPS, AutocastCUDA, FuncTorchBatched, BatchedNestedTensor, FuncTorchVmapMode, Batched, VmapMode, FuncTorchGradWrapper, PythonTLSSnapshot, FuncTorchDynamicLayerFrontMode, PreDispatch, PythonDispatcher]. | XML |
| op_ut | third_party.torch-xpu-ops.test.xpu.quantization.core.test_quantized_tensor_xpu.TestQuantizedTensorXPU | test_qtensor_masked_fill_cuda_xpu | failed | NotImplementedError: Could not run 'aten::_empty_affine_quantized' with arguments from the 'QuantizedXPU' backend. This could be because the operator doesn't exist for this backend, or was omitted during the selective/custom build process (if using custom build). If you are a Facebook employee using PyTorch on mobile, please visit https://fburl.com/ptmfixes for possible resolutions. 'aten::_empty_affine_quantized' is only available for these backends: [CPU, XPU, Meta, QuantizedCPU, BackendSelect, Python, FuncTorchDynamicLayerBackMode, Functionalize, Named, Conjugate, Negative, ZeroTensor, ADInplaceOrView, AutogradOther, AutogradCPU, AutogradCUDA, AutogradHIP, AutogradXLA, AutogradMPS, AutogradIPU, AutogradXPU, AutogradHPU, AutogradVE, AutogradLazy, AutogradMTIA, AutogradMAIA, AutogradPrivateUse1, AutogradPrivateUse2, AutogradPrivateUse3, AutogradMeta, AutogradNestedTensor, Tracer, AutocastCPU, AutocastMTIA, AutocastMAIA, AutocastXPU, AutocastMPS, AutocastCUDA, FuncTorchBatched, BatchedNestedTensor, FuncTorchVmapMode, Batched, VmapMode, FuncTorchGradWrapper, PythonTLSSnapshot, FuncTorchDynamicLayerFrontMode, PreDispatch, PythonDispatcher]. | XML |
| op_ut | third_party.torch-xpu-ops.test.xpu.quantization.core.test_quantized_tensor_xpu.TestQuantizedTensorXPU | test_qtensor_cuda_xpu | failed | NotImplementedError: Could not run 'aten::q_scale' with arguments from the 'QuantizedXPU' backend. This could be because the operator doesn't exist for this backend, or was omitted during the selective/custom build process (if using custom build). If you are a Facebook employee using PyTorch on mobile, please visit https://fburl.com/ptmfixes for possible resolutions. 'aten::q_scale' is only available for these backends: [XPU, Meta, QuantizedCPU, BackendSelect, Python, FuncTorchDynamicLayerBackMode, Functionalize, Named, Conjugate, Negative, ZeroTensor, ADInplaceOrView, AutogradOther, AutogradCPU, AutogradCUDA, AutogradHIP, AutogradXLA, AutogradMPS, AutogradIPU, AutogradXPU, AutogradHPU, AutogradVE, AutogradLazy, AutogradMTIA, AutogradMAIA, AutogradPrivateUse1, AutogradPrivateUse2, AutogradPrivateUse3, AutogradMeta, AutogradNestedTensor, Tracer, AutocastCPU, AutocastMTIA, AutocastMAIA, AutocastXPU, AutocastMPS, AutocastCUDA, FuncTorchBatched, BatchedNestedTensor, FuncTorchVmapMode, Batched, VmapMode, FuncTorchGradWrapper, PythonTLSSnapshot, FuncTorchDynamicLayerFrontMode, PreDispatch, PythonDispatcher]. | XML |
| op_ut | third_party.torch-xpu-ops.test.xpu.quantization.core.test_quantized_tensor_xpu.TestQuantizedTensorXPU | test_per_tensor_to_device_xpu | failed | NotImplementedError: Could not run 'aten::empty_quantized' with arguments from the 'QuantizedXPU' backend. This could be because the operator doesn't exist for this backend, or was omitted during the selective/custom build process (if using custom build). If you are a Facebook employee using PyTorch on mobile, please visit https://fburl.com/ptmfixes for possible resolutions. 'aten::empty_quantized' is only available for these backends: [XPU, Meta, QuantizedCPU, BackendSelect, Python, FuncTorchDynamicLayerBackMode, Functionalize, Named, Conjugate, Negative, ZeroTensor, ADInplaceOrView, AutogradOther, AutogradCPU, AutogradCUDA, AutogradHIP, AutogradXLA, AutogradMPS, AutogradIPU, AutogradXPU, AutogradHPU, AutogradVE, AutogradLazy, AutogradMTIA, AutogradMAIA, AutogradPrivateUse1, AutogradPrivateUse2, AutogradPrivateUse3, AutogradMeta, AutogradNestedTensor, Tracer, AutocastCPU, AutocastMTIA, AutocastMAIA, AutocastXPU, AutocastMPS, AutocastCUDA, FuncTorchBatched, BatchedNestedTensor, FuncTorchVmapMode, Batched, VmapMode, FuncTorchGradWrapper, PythonTLSSnapshot, FuncTorchDynamicLayerFrontMode, PreDispatch, PythonDispatcher]. | XML |
| op_ut | third_party.torch-xpu-ops.test.xpu.quantization.core.test_quantized_tensor_xpu.TestQuantizedTensorXPU | test_per_channel_qtensor_creation_cuda_xpu | failed | NotImplementedError: Could not run 'aten::_empty_per_channel_affine_quantized' with arguments from the 'QuantizedXPU' backend. This could be because the operator doesn't exist for this backend, or was omitted during the selective/custom build process (if using custom build). If you are a Facebook employee using PyTorch on mobile, please visit https://fburl.com/ptmfixes for possible resolutions. 'aten::_empty_per_channel_affine_quantized' is only available for these backends: [CPU, XPU, Meta, QuantizedCPU, BackendSelect, Python, FuncTorchDynamicLayerBackMode, Functionalize, Named, Conjugate, Negative, ZeroTensor, ADInplaceOrView, AutogradOther, AutogradCPU, AutogradCUDA, AutogradHIP, AutogradXLA, AutogradMPS, AutogradIPU, AutogradXPU, AutogradHPU, AutogradVE, AutogradLazy, AutogradMTIA, AutogradMAIA, AutogradPrivateUse1, AutogradPrivateUse2, AutogradPrivateUse3, AutogradMeta, AutogradNestedTensor, Tracer, AutocastCPU, AutocastMTIA, AutocastMAIA, AutocastXPU, AutocastMPS, AutocastCUDA, FuncTorchBatched, BatchedNestedTensor, FuncTorchVmapMode, Batched, VmapMode, FuncTorchGradWrapper, PythonTLSSnapshot, FuncTorchDynamicLayerFrontMode, PreDispatch, PythonDispatcher]. | XML |
| op_ut | third_party.torch-xpu-ops.test.xpu.quantization.core.test_quantized_tensor_xpu.TestQuantizedTensorXPU | test_qtensor_index_put_cuda_xpu | failed | NotImplementedError: Could not run 'aten::_index_put_impl_' with arguments from the 'QuantizedXPU' backend. This could be because the operator doesn't exist for this backend, or was omitted during the selective/custom build process (if using custom build). If you are a Facebook employee using PyTorch on mobile, please visit https://fburl.com/ptmfixes for possible resolutions. 'aten::_index_put_impl_' is only available for these backends: [CPU, XPU, Meta, QuantizedCPU, BackendSelect, Python, FuncTorchDynamicLayerBackMode, Functionalize, Named, Conjugate, Negative, ZeroTensor, ADInplaceOrView, AutogradOther, AutogradCPU, AutogradCUDA, AutogradHIP, AutogradXLA, AutogradMPS, AutogradIPU, AutogradXPU, AutogradHPU, AutogradVE, AutogradLazy, AutogradMTIA, AutogradMAIA, AutogradPrivateUse1, AutogradPrivateUse2, AutogradPrivateUse3, AutogradMeta, AutogradNestedTensor, Tracer, AutocastCPU, AutocastMTIA, AutocastMAIA, AutocastXPU, AutocastMPS, AutocastCUDA, FuncTorchBatched, BatchedNestedTensor, FuncTorchVmapMode, Batched, VmapMode, FuncTorchGradWrapper, PythonTLSSnapshot, FuncTorchDynamicLayerFrontMode, PreDispatch, PythonDispatcher]. | XML |
| op_ut | third_party.torch-xpu-ops.test.xpu.quantization.core.test_quantized_tensor_xpu.TestQuantizedTensorXPU | test_qtensor_index_select_cuda_xpu | failed | NotImplementedError: Could not run 'aten::index_select' with arguments from the 'QuantizedXPU' backend. This could be because the operator doesn't exist for this backend, or was omitted during the selective/custom build process (if using custom build). If you are a Facebook employee using PyTorch on mobile, please visit https://fburl.com/ptmfixes for possible resolutions. 'aten::index_select' is only available for these backends: [CPU, XPU, Meta, QuantizedCPU, SparseCPU, SparseXPU, BackendSelect, Python, FuncTorchDynamicLayerBackMode, Functionalize, Named, Conjugate, Negative, ZeroTensor, ADInplaceOrView, AutogradOther, AutogradCPU, AutogradCUDA, AutogradHIP, AutogradXLA, AutogradMPS, AutogradIPU, AutogradXPU, AutogradHPU, AutogradVE, AutogradLazy, AutogradMTIA, AutogradMAIA, AutogradPrivateUse1, AutogradPrivateUse2, AutogradPrivateUse3, AutogradMeta, AutogradNestedTensor, Tracer, AutocastCPU, AutocastMTIA, AutocastMAIA, AutocastXPU, AutocastMPS, AutocastCUDA, FuncTorchBatched, BatchedNestedTensor, FuncTorchVmapMode, Batched, VmapMode, FuncTorchGradWrapper, PythonTLSSnapshot, FuncTorchDynamicLayerFrontMode, PreDispatch, PythonDispatcher]. | XML |
| op_ut | third_party.torch-xpu-ops.test.xpu.test_custom_ops_xpu.TestCustomOpTestingXPU | test_missing_abstract_impl_xpu | failed | RuntimeError: Can't call numpy() on Tensor that requires grad. Use tensor.detach().numpy() instead. ; AssertionError: "_test_custom_op.foo.default" does not match "opcheck(op, ...): test_schema failed with Can't call numpy() on Tensor that requires grad. Use tensor.detach().numpy() instead. (scroll up for stack trace)" | XML |
| op_ut | third_party.torch-xpu-ops.test.xpu.test_custom_ops_xpu.TestCustomOpTestingXPU | test_opcheck_fails_basic_xpu | failed | NotImplementedError: The operator '_test_custom_op::foo' is not currently implemented for the XPU device. Please open a feature on https://github.com/intel/torch-xpu-ops/issues. You can set the environment variable `PYTORCH_ENABLE_XPU_FALLBACK=1` to use the CPU implementation as a fallback for XPU unimplemented operators. WARNING: this will bring unexpected performance compared with running natively on XPU. ; AssertionError: "Autograd has not been implemented for operator" does not match "opcheck(op, ...): test_schema failed with The operator '_test_custom_op::foo' is not currently implemented for the XPU device. Please open a feature on https://github.com/intel/torch-xpu-ops/issues. You can set the environment variable `PYTORCH_ENABLE_XPU_FALLBACK=1` to use the CPU implementation as a fallback for XPU unimplemented operators. WARNING: this will bring unexpected performance compared with running natively on XPU. (scroll up for stack trace)" | XML |
| op_ut | third_party.torch-xpu-ops.test.xpu.test_custom_ops_xpu.TestCustomOpAPI | test_register_autograd_defaults | failed | RuntimeError: element 0 of tensors does not require grad and does not have a grad_fn | XML |
| op_ut | third_party.torch-xpu-ops.test.xpu.test_custom_ops_xpu.TestCustomOpAPI | test_register_autograd_error_cases | failed | RuntimeError: element 0 of tensors does not require grad and does not have a grad_fn ; AssertionError: "no autograd formula" does not match "element 0 of tensors does not require grad and does not have a grad_fn" | XML |
| op_ut | third_party.torch-xpu-ops.test.xpu.test_custom_ops_xpu.TestCustomOpAPI | test_no_grad_skips_autograd | failed | AssertionError: Scalars are not equal! | XML |
| op_ut | third_party.torch-xpu-ops.test.xpu.test_fx_xpu.TestFX | test_custom_proxy_dynamic_value | failed | OSError: /tmp/xpu-tool/Python/3.10.20/x64/lib/python3.10/site-packages/torch/build/lib/libtorchbind_test.so: cannot open shared object file: No such file or directory ; OSError: Could not load this library: /tmp/xpu-tool/Python/3.10.20/x64/lib/python3.10/site-packages/torch/build/lib/libtorchbind_test.so | XML |
| op_ut | third_party.torch-xpu-ops.test.xpu.test_fx_xpu.TestFX | test_all_input_nodes | failed | OSError: /tmp/xpu-tool/Python/3.10.20/x64/lib/python3.10/site-packages/torch/build/lib/libtorchbind_test.so: cannot open shared object file: No such file or directory ; OSError: Could not load this library: /tmp/xpu-tool/Python/3.10.20/x64/lib/python3.10/site-packages/torch/build/lib/libtorchbind_test.so | XML |
| op_ut | third_party.torch-xpu-ops.test.xpu.test_fx_xpu.TestFX | test_reserved_getattr | failed | OSError: /tmp/xpu-tool/Python/3.10.20/x64/lib/python3.10/site-packages/torch/build/lib/libtorchbind_test.so: cannot open shared object file: No such file or directory ; OSError: Could not load this library: /tmp/xpu-tool/Python/3.10.20/x64/lib/python3.10/site-packages/torch/build/lib/libtorchbind_test.so | XML |
| op_ut | third_party.torch-xpu-ops.test.xpu.test_fx_xpu.TestFX | test_interpreter_gc_values | failed | OSError: /tmp/xpu-tool/Python/3.10.20/x64/lib/python3.10/site-packages/torch/build/lib/libtorchbind_test.so: cannot open shared object file: No such file or directory ; OSError: Could not load this library: /tmp/xpu-tool/Python/3.10.20/x64/lib/python3.10/site-packages/torch/build/lib/libtorchbind_test.so | XML |
| op_ut | third_party.torch-xpu-ops.test.xpu.test_fx_xpu.TestFX | test_user_friendly_call_provenance_with_module | failed | OSError: /tmp/xpu-tool/Python/3.10.20/x64/lib/python3.10/site-packages/torch/build/lib/libtorchbind_test.so: cannot open shared object file: No such file or directory ; OSError: Could not load this library: /tmp/xpu-tool/Python/3.10.20/x64/lib/python3.10/site-packages/torch/build/lib/libtorchbind_test.so | XML |
| op_ut | third_party.torch-xpu-ops.test.xpu.test_fx_xpu.TestFX | test_fx_create_arg | failed | OSError: /tmp/xpu-tool/Python/3.10.20/x64/lib/python3.10/site-packages/torch/build/lib/libtorchbind_test.so: cannot open shared object file: No such file or directory ; OSError: Could not load this library: /tmp/xpu-tool/Python/3.10.20/x64/lib/python3.10/site-packages/torch/build/lib/libtorchbind_test.so | XML |
| op_ut | third_party.torch-xpu-ops.test.xpu.test_fx_xpu.TestFX | test_partial_trace | failed | OSError: /tmp/xpu-tool/Python/3.10.20/x64/lib/python3.10/site-packages/torch/build/lib/libtorchbind_test.so: cannot open shared object file: No such file or directory ; OSError: Could not load this library: /tmp/xpu-tool/Python/3.10.20/x64/lib/python3.10/site-packages/torch/build/lib/libtorchbind_test.so | XML |
| op_ut | third_party.torch-xpu-ops.test.xpu.test_fx_xpu.TestFX | test_torch_op_overloads | failed | OSError: /tmp/xpu-tool/Python/3.10.20/x64/lib/python3.10/site-packages/torch/build/lib/libtorchbind_test.so: cannot open shared object file: No such file or directory ; OSError: Could not load this library: /tmp/xpu-tool/Python/3.10.20/x64/lib/python3.10/site-packages/torch/build/lib/libtorchbind_test.so | XML |
| op_ut | third_party.torch-xpu-ops.test.xpu.test_fx_xpu.TestFX | test_custom_proxy_input_dependent_control_flow | failed | OSError: /tmp/xpu-tool/Python/3.10.20/x64/lib/python3.10/site-packages/torch/build/lib/libtorchbind_test.so: cannot open shared object file: No such file or directory ; OSError: Could not load this library: /tmp/xpu-tool/Python/3.10.20/x64/lib/python3.10/site-packages/torch/build/lib/libtorchbind_test.so | XML |
| op_ut | third_party.torch-xpu-ops.test.xpu.test_fx_xpu.TestFX | test_torchbind_class_attribute_in_fx | failed | OSError: /tmp/xpu-tool/Python/3.10.20/x64/lib/python3.10/site-packages/torch/build/lib/libtorchbind_test.so: cannot open shared object file: No such file or directory ; OSError: Could not load this library: /tmp/xpu-tool/Python/3.10.20/x64/lib/python3.10/site-packages/torch/build/lib/libtorchbind_test.so | XML |
| op_ut | third_party.torch-xpu-ops.test.xpu.test_fx_xpu.TestFX | test_torchbind_class_attribute_in_fx_tensor_arg | failed | OSError: /tmp/xpu-tool/Python/3.10.20/x64/lib/python3.10/site-packages/torch/build/lib/libtorchbind_test.so: cannot open shared object file: No such file or directory ; OSError: Could not load this library: /tmp/xpu-tool/Python/3.10.20/x64/lib/python3.10/site-packages/torch/build/lib/libtorchbind_test.so | XML |
| op_ut | third_party.torch-xpu-ops.test.xpu.test_fx_xpu.TestFX | test_annotation_with_future | failed | OSError: /tmp/xpu-tool/Python/3.10.20/x64/lib/python3.10/site-packages/torch/build/lib/libtorchbind_test.so: cannot open shared object file: No such file or directory ; OSError: Could not load this library: /tmp/xpu-tool/Python/3.10.20/x64/lib/python3.10/site-packages/torch/build/lib/libtorchbind_test.so | XML |
| op_ut | third_party.torch-xpu-ops.test.xpu.test_fx_xpu.TestFX | test_return_tuple | failed | OSError: /tmp/xpu-tool/Python/3.10.20/x64/lib/python3.10/site-packages/torch/build/lib/libtorchbind_test.so: cannot open shared object file: No such file or directory ; OSError: Could not load this library: /tmp/xpu-tool/Python/3.10.20/x64/lib/python3.10/site-packages/torch/build/lib/libtorchbind_test.so | XML |
| op_ut | third_party.torch-xpu-ops.test.xpu.test_fx_xpu.TestFX | test_fx_shifts | failed | OSError: /tmp/xpu-tool/Python/3.10.20/x64/lib/python3.10/site-packages/torch/build/lib/libtorchbind_test.so: cannot open shared object file: No such file or directory ; OSError: Could not load this library: /tmp/xpu-tool/Python/3.10.20/x64/lib/python3.10/site-packages/torch/build/lib/libtorchbind_test.so | XML |
| op_ut | third_party.torch-xpu-ops.test.xpu.test_fx_xpu.TestFX | test_pickle_custom_import | failed | OSError: /tmp/xpu-tool/Python/3.10.20/x64/lib/python3.10/site-packages/torch/build/lib/libtorchbind_test.so: cannot open shared object file: No such file or directory ; OSError: Could not load this library: /tmp/xpu-tool/Python/3.10.20/x64/lib/python3.10/site-packages/torch/build/lib/libtorchbind_test.so | XML |
| op_ut | third_party.torch-xpu-ops.test.xpu.test_fx_xpu.TestFX | test_interpreter_noop_resnet18 | failed | OSError: /tmp/xpu-tool/Python/3.10.20/x64/lib/python3.10/site-packages/torch/build/lib/libtorchbind_test.so: cannot open shared object file: No such file or directory ; OSError: Could not load this library: /tmp/xpu-tool/Python/3.10.20/x64/lib/python3.10/site-packages/torch/build/lib/libtorchbind_test.so | XML |
| op_ut | third_party.torch-xpu-ops.test.xpu.test_fx_xpu.TestFX | test_varargs_concrete | failed | OSError: /tmp/xpu-tool/Python/3.10.20/x64/lib/python3.10/site-packages/torch/build/lib/libtorchbind_test.so: cannot open shared object file: No such file or directory ; OSError: Could not load this library: /tmp/xpu-tool/Python/3.10.20/x64/lib/python3.10/site-packages/torch/build/lib/libtorchbind_test.so | XML |
| op_ut | third_party.torch-xpu-ops.test.xpu.test_fx_xpu.TestFX | test_annotations_empty_tuple | failed | OSError: /tmp/xpu-tool/Python/3.10.20/x64/lib/python3.10/site-packages/torch/build/lib/libtorchbind_test.so: cannot open shared object file: No such file or directory ; OSError: Could not load this library: /tmp/xpu-tool/Python/3.10.20/x64/lib/python3.10/site-packages/torch/build/lib/libtorchbind_test.so | XML |
| op_ut | third_party.torch-xpu-ops.test.xpu.test_fx_xpu.TestFX | test_torchbind_class_attribute_in_fx_tensor_arg | failed | OSError: /tmp/xpu-tool/Python/3.10.20/x64/lib/python3.10/site-packages/torch/build/lib/libtorchbind_test.so: cannot open shared object file: No such file or directory ; OSError: Could not load this library: /tmp/xpu-tool/Python/3.10.20/x64/lib/python3.10/site-packages/torch/build/lib/libtorchbind_test.so | XML |
| op_ut | third_party.torch-xpu-ops.test.xpu.test_fx_xpu.TestFX | test_custom_proxy_type | failed | OSError: /tmp/xpu-tool/Python/3.10.20/x64/lib/python3.10/site-packages/torch/build/lib/libtorchbind_test.so: cannot open shared object file: No such file or directory ; OSError: Could not load this library: /tmp/xpu-tool/Python/3.10.20/x64/lib/python3.10/site-packages/torch/build/lib/libtorchbind_test.so | XML |
| op_ut | third_party.torch-xpu-ops.test.xpu.test_fx_xpu.TestFX | test_custom_proxy_type_literal | failed | OSError: /tmp/xpu-tool/Python/3.10.20/x64/lib/python3.10/site-packages/torch/build/lib/libtorchbind_test.so: cannot open shared object file: No such file or directory ; OSError: Could not load this library: /tmp/xpu-tool/Python/3.10.20/x64/lib/python3.10/site-packages/torch/build/lib/libtorchbind_test.so | XML |
| op_ut | third_party.torch-xpu-ops.test.xpu.test_fx_xpu.TestFX | test_fx_stateless | failed | OSError: /tmp/xpu-tool/Python/3.10.20/x64/lib/python3.10/site-packages/torch/build/lib/libtorchbind_test.so: cannot open shared object file: No such file or directory ; OSError: Could not load this library: /tmp/xpu-tool/Python/3.10.20/x64/lib/python3.10/site-packages/torch/build/lib/libtorchbind_test.so | XML |
| op_ut | third_party.torch-xpu-ops.test.xpu.test_fx_xpu.TestFX | test_return_type_exists | failed | OSError: /tmp/xpu-tool/Python/3.10.20/x64/lib/python3.10/site-packages/torch/build/lib/libtorchbind_test.so: cannot open shared object file: No such file or directory ; OSError: Could not load this library: /tmp/xpu-tool/Python/3.10.20/x64/lib/python3.10/site-packages/torch/build/lib/libtorchbind_test.so | XML |
| op_ut | third_party.torch-xpu-ops.test.xpu.test_fx_xpu.TestFX | test_return_type_exists_pre_pep585 | failed | OSError: /tmp/xpu-tool/Python/3.10.20/x64/lib/python3.10/site-packages/torch/build/lib/libtorchbind_test.so: cannot open shared object file: No such file or directory ; OSError: Could not load this library: /tmp/xpu-tool/Python/3.10.20/x64/lib/python3.10/site-packages/torch/build/lib/libtorchbind_test.so | XML |
| op_ut | third_party.torch-xpu-ops.test.xpu.test_fx_xpu.TestFX | test_pickle_graphmodule | failed | OSError: /tmp/xpu-tool/Python/3.10.20/x64/lib/python3.10/site-packages/torch/build/lib/libtorchbind_test.so: cannot open shared object file: No such file or directory ; OSError: Could not load this library: /tmp/xpu-tool/Python/3.10.20/x64/lib/python3.10/site-packages/torch/build/lib/libtorchbind_test.so | XML |
| op_ut | third_party.torch-xpu-ops.test.xpu.test_fx_xpu.TestFX | test_interpreter_not_enough_args | failed | OSError: /tmp/xpu-tool/Python/3.10.20/x64/lib/python3.10/site-packages/torch/build/lib/libtorchbind_test.so: cannot open shared object file: No such file or directory ; OSError: Could not load this library: /tmp/xpu-tool/Python/3.10.20/x64/lib/python3.10/site-packages/torch/build/lib/libtorchbind_test.so | XML |
| op_ut | third_party.torch-xpu-ops.test.xpu.test_fx_xpu.TestFX | test_wrap | failed | OSError: /tmp/xpu-tool/Python/3.10.20/x64/lib/python3.10/site-packages/torch/build/lib/libtorchbind_test.so: cannot open shared object file: No such file or directory ; OSError: Could not load this library: /tmp/xpu-tool/Python/3.10.20/x64/lib/python3.10/site-packages/torch/build/lib/libtorchbind_test.so | XML |
| op_ut | third_party.torch-xpu-ops.test.xpu.test_fx_xpu.TestFX | test_wrap_decorated_function | failed | OSError: /tmp/xpu-tool/Python/3.10.20/x64/lib/python3.10/site-packages/torch/build/lib/libtorchbind_test.so: cannot open shared object file: No such file or directory ; OSError: Could not load this library: /tmp/xpu-tool/Python/3.10.20/x64/lib/python3.10/site-packages/torch/build/lib/libtorchbind_test.so | XML |
| op_ut | third_party.torch-xpu-ops.test.xpu.test_fx_xpu.TestFX | test_wrap_fn_directly | failed | OSError: /tmp/xpu-tool/Python/3.10.20/x64/lib/python3.10/site-packages/torch/build/lib/libtorchbind_test.so: cannot open shared object file: No such file or directory ; OSError: Could not load this library: /tmp/xpu-tool/Python/3.10.20/x64/lib/python3.10/site-packages/torch/build/lib/libtorchbind_test.so | XML |
| op_ut | third_party.torch-xpu-ops.test.xpu.test_fx_xpu.TestFX | test_wrap_with_submodule | failed | OSError: /tmp/xpu-tool/Python/3.10.20/x64/lib/python3.10/site-packages/torch/build/lib/libtorchbind_test.so: cannot open shared object file: No such file or directory ; OSError: Could not load this library: /tmp/xpu-tool/Python/3.10.20/x64/lib/python3.10/site-packages/torch/build/lib/libtorchbind_test.so | XML |
| op_ut | third_party.torch-xpu-ops.test.xpu.test_fx_xpu.TestFX | test_wrapped_method | failed | OSError: /tmp/xpu-tool/Python/3.10.20/x64/lib/python3.10/site-packages/torch/build/lib/libtorchbind_test.so: cannot open shared object file: No such file or directory ; OSError: Could not load this library: /tmp/xpu-tool/Python/3.10.20/x64/lib/python3.10/site-packages/torch/build/lib/libtorchbind_test.so | XML |
| op_ut | third_party.torch-xpu-ops.test.xpu.test_fx_xpu.TestFX | test_wrapped_retrace | failed | OSError: /tmp/xpu-tool/Python/3.10.20/x64/lib/python3.10/site-packages/torch/build/lib/libtorchbind_test.so: cannot open shared object file: No such file or directory ; OSError: Could not load this library: /tmp/xpu-tool/Python/3.10.20/x64/lib/python3.10/site-packages/torch/build/lib/libtorchbind_test.so | XML |
| op_ut | third_party.torch-xpu-ops.test.xpu.test_fx_xpu.TestFX | test_wrapped_via_decorator | failed | OSError: /tmp/xpu-tool/Python/3.10.20/x64/lib/python3.10/site-packages/torch/build/lib/libtorchbind_test.so: cannot open shared object file: No such file or directory ; OSError: Could not load this library: /tmp/xpu-tool/Python/3.10.20/x64/lib/python3.10/site-packages/torch/build/lib/libtorchbind_test.so | XML |
| op_ut | third_party.torch-xpu-ops.test.xpu.test_fx_xpu.TestFX | test_wrapped_via_decorator_and_transformed | failed | OSError: /tmp/xpu-tool/Python/3.10.20/x64/lib/python3.10/site-packages/torch/build/lib/libtorchbind_test.so: cannot open shared object file: No such file or directory ; OSError: Could not load this library: /tmp/xpu-tool/Python/3.10.20/x64/lib/python3.10/site-packages/torch/build/lib/libtorchbind_test.so | XML |
| op_ut | third_party.torch-xpu-ops.test.xpu.test_fx_xpu.TestFX | test_custom_proxy_type_literal | failed | OSError: /tmp/xpu-tool/Python/3.10.20/x64/lib/python3.10/site-packages/torch/build/lib/libtorchbind_test.so: cannot open shared object file: No such file or directory ; OSError: Could not load this library: /tmp/xpu-tool/Python/3.10.20/x64/lib/python3.10/site-packages/torch/build/lib/libtorchbind_test.so | XML |
| op_ut | third_party.torch-xpu-ops.test.xpu.test_fx_xpu.TestFX | test_annotations_with_forward_references | failed | OSError: /tmp/xpu-tool/Python/3.10.20/x64/lib/python3.10/site-packages/torch/build/lib/libtorchbind_test.so: cannot open shared object file: No such file or directory ; OSError: Could not load this library: /tmp/xpu-tool/Python/3.10.20/x64/lib/python3.10/site-packages/torch/build/lib/libtorchbind_test.so | XML |
| op_ut | third_party.torch-xpu-ops.test.xpu.test_fx_xpu.TestFX | test_get_torch_func_signature | failed | OSError: /tmp/xpu-tool/Python/3.10.20/x64/lib/python3.10/site-packages/torch/build/lib/libtorchbind_test.so: cannot open shared object file: No such file or directory ; OSError: Could not load this library: /tmp/xpu-tool/Python/3.10.20/x64/lib/python3.10/site-packages/torch/build/lib/libtorchbind_test.so | XML |
| op_ut | third_party.torch-xpu-ops.test.xpu.test_fx_xpu.TestFX | test_pickle_nonetype_annotation | failed | OSError: /tmp/xpu-tool/Python/3.10.20/x64/lib/python3.10/site-packages/torch/build/lib/libtorchbind_test.so: cannot open shared object file: No such file or directory ; OSError: Could not load this library: /tmp/xpu-tool/Python/3.10.20/x64/lib/python3.10/site-packages/torch/build/lib/libtorchbind_test.so | XML |
| op_ut | third_party.torch-xpu-ops.test.xpu.test_fx_xpu.TestFX | test_return_type_exists_pre_pep585 | failed | OSError: /tmp/xpu-tool/Python/3.10.20/x64/lib/python3.10/site-packages/torch/build/lib/libtorchbind_test.so: cannot open shared object file: No such file or directory ; OSError: Could not load this library: /tmp/xpu-tool/Python/3.10.20/x64/lib/python3.10/site-packages/torch/build/lib/libtorchbind_test.so | XML |
| op_ut | third_party.torch-xpu-ops.test.xpu.test_fx_xpu.TestFX | test_wrap_decorated_function | failed | OSError: /tmp/xpu-tool/Python/3.10.20/x64/lib/python3.10/site-packages/torch/build/lib/libtorchbind_test.so: cannot open shared object file: No such file or directory ; OSError: Could not load this library: /tmp/xpu-tool/Python/3.10.20/x64/lib/python3.10/site-packages/torch/build/lib/libtorchbind_test.so | XML |
| op_ut | third_party.torch-xpu-ops.test.xpu.test_fx_xpu.TestFX | test_interpreter_onthefly_swap | failed | OSError: /tmp/xpu-tool/Python/3.10.20/x64/lib/python3.10/site-packages/torch/build/lib/libtorchbind_test.so: cannot open shared object file: No such file or directory ; OSError: Could not load this library: /tmp/xpu-tool/Python/3.10.20/x64/lib/python3.10/site-packages/torch/build/lib/libtorchbind_test.so | XML |
| op_ut | third_party.torch-xpu-ops.test.xpu.test_fx_xpu.TestFX | test_trace_dict_int_keys | failed | OSError: /tmp/xpu-tool/Python/3.10.20/x64/lib/python3.10/site-packages/torch/build/lib/libtorchbind_test.so: cannot open shared object file: No such file or directory ; OSError: Could not load this library: /tmp/xpu-tool/Python/3.10.20/x64/lib/python3.10/site-packages/torch/build/lib/libtorchbind_test.so | XML |
| op_ut | third_party.torch-xpu-ops.test.xpu.test_fx_xpu.TestFX | test_annotations_with_no_forward_references | failed | OSError: /tmp/xpu-tool/Python/3.10.20/x64/lib/python3.10/site-packages/torch/build/lib/libtorchbind_test.so: cannot open shared object file: No such file or directory ; OSError: Could not load this library: /tmp/xpu-tool/Python/3.10.20/x64/lib/python3.10/site-packages/torch/build/lib/libtorchbind_test.so | XML |
| op_ut | third_party.torch-xpu-ops.test.xpu.test_fx_xpu.TestFX | test_custom_traceback_not_raised_when_exception_source_is_submodule | failed | OSError: /tmp/xpu-tool/Python/3.10.20/x64/lib/python3.10/site-packages/torch/build/lib/libtorchbind_test.so: cannot open shared object file: No such file or directory ; OSError: Could not load this library: /tmp/xpu-tool/Python/3.10.20/x64/lib/python3.10/site-packages/torch/build/lib/libtorchbind_test.so | XML |
| op_ut | third_party.torch-xpu-ops.test.xpu.test_fx_xpu.TestFX | test_wrap_fn_directly | failed | OSError: /tmp/xpu-tool/Python/3.10.20/x64/lib/python3.10/site-packages/torch/build/lib/libtorchbind_test.so: cannot open shared object file: No such file or directory ; OSError: Could not load this library: /tmp/xpu-tool/Python/3.10.20/x64/lib/python3.10/site-packages/torch/build/lib/libtorchbind_test.so | XML |
| op_ut | third_party.torch-xpu-ops.test.xpu.test_fx_xpu.TestFX | test_pickle_torch_custom_ops | failed | OSError: /tmp/xpu-tool/Python/3.10.20/x64/lib/python3.10/site-packages/torch/build/lib/libtorchbind_test.so: cannot open shared object file: No such file or directory ; OSError: Could not load this library: /tmp/xpu-tool/Python/3.10.20/x64/lib/python3.10/site-packages/torch/build/lib/libtorchbind_test.so | XML |
| op_ut | third_party.torch-xpu-ops.test.xpu.test_fx_xpu.TestFX | test_interpreter_other_graph | failed | OSError: /tmp/xpu-tool/Python/3.10.20/x64/lib/python3.10/site-packages/torch/build/lib/libtorchbind_test.so: cannot open shared object file: No such file or directory ; OSError: Could not load this library: /tmp/xpu-tool/Python/3.10.20/x64/lib/python3.10/site-packages/torch/build/lib/libtorchbind_test.so | XML |
| op_ut | third_party.torch-xpu-ops.test.xpu.test_fx_xpu.TestFX | test_script_method_trace | failed | OSError: /tmp/xpu-tool/Python/3.10.20/x64/lib/python3.10/site-packages/torch/build/lib/libtorchbind_test.so: cannot open shared object file: No such file or directory ; OSError: Could not load this library: /tmp/xpu-tool/Python/3.10.20/x64/lib/python3.10/site-packages/torch/build/lib/libtorchbind_test.so | XML |
| op_ut | third_party.torch-xpu-ops.test.xpu.test_fx_xpu.TestFX | test_custom_traceback_raised_when_exception_source_is_graphmodule | failed | OSError: /tmp/xpu-tool/Python/3.10.20/x64/lib/python3.10/site-packages/torch/build/lib/libtorchbind_test.so: cannot open shared object file: No such file or directory ; OSError: Could not load this library: /tmp/xpu-tool/Python/3.10.20/x64/lib/python3.10/site-packages/torch/build/lib/libtorchbind_test.so | XML |
| op_ut | third_party.torch-xpu-ops.test.xpu.test_fx_xpu.TestFX | test_annotations_with_non_torch_reference_and_internal_forward_references | failed | OSError: /tmp/xpu-tool/Python/3.10.20/x64/lib/python3.10/site-packages/torch/build/lib/libtorchbind_test.so: cannot open shared object file: No such file or directory ; OSError: Could not load this library: /tmp/xpu-tool/Python/3.10.20/x64/lib/python3.10/site-packages/torch/build/lib/libtorchbind_test.so | XML |
| op_ut | third_party.torch-xpu-ops.test.xpu.test_fx_xpu.TestFX | test_trace_dict_proxy_keys | failed | OSError: /tmp/xpu-tool/Python/3.10.20/x64/lib/python3.10/site-packages/torch/build/lib/libtorchbind_test.so: cannot open shared object file: No such file or directory ; OSError: Could not load this library: /tmp/xpu-tool/Python/3.10.20/x64/lib/python3.10/site-packages/torch/build/lib/libtorchbind_test.so | XML |
| op_ut | third_party.torch-xpu-ops.test.xpu.test_fx_xpu.TestFX | test_getitem_subproc | failed | OSError: /tmp/xpu-tool/Python/3.10.20/x64/lib/python3.10/site-packages/torch/build/lib/libtorchbind_test.so: cannot open shared object file: No such file or directory ; OSError: Could not load this library: /tmp/xpu-tool/Python/3.10.20/x64/lib/python3.10/site-packages/torch/build/lib/libtorchbind_test.so | XML |
| op_ut | third_party.torch-xpu-ops.test.xpu.test_fx_xpu.TestFX | test_interpreter_partial_eval | failed | OSError: /tmp/xpu-tool/Python/3.10.20/x64/lib/python3.10/site-packages/torch/build/lib/libtorchbind_test.so: cannot open shared object file: No such file or directory ; OSError: Could not load this library: /tmp/xpu-tool/Python/3.10.20/x64/lib/python3.10/site-packages/torch/build/lib/libtorchbind_test.so | XML |
| op_ut | third_party.torch-xpu-ops.test.xpu.test_fx_xpu.TestFX | test_wrap_with_submodule | failed | OSError: /tmp/xpu-tool/Python/3.10.20/x64/lib/python3.10/site-packages/torch/build/lib/libtorchbind_test.so: cannot open shared object file: No such file or directory ; OSError: Could not load this library: /tmp/xpu-tool/Python/3.10.20/x64/lib/python3.10/site-packages/torch/build/lib/libtorchbind_test.so | XML |
| op_ut | third_party.torch-xpu-ops.test.xpu.test_fx_xpu.TestFX | test_script_tensor_constant | failed | OSError: /tmp/xpu-tool/Python/3.10.20/x64/lib/python3.10/site-packages/torch/build/lib/libtorchbind_test.so: cannot open shared object file: No such file or directory ; OSError: Could not load this library: /tmp/xpu-tool/Python/3.10.20/x64/lib/python3.10/site-packages/torch/build/lib/libtorchbind_test.so | XML |
| op_ut | third_party.torch-xpu-ops.test.xpu.test_fx_xpu.TestFX | test_prepend_does_not_leak | failed | OSError: /tmp/xpu-tool/Python/3.10.20/x64/lib/python3.10/site-packages/torch/build/lib/libtorchbind_test.so: cannot open shared object file: No such file or directory ; OSError: Could not load this library: /tmp/xpu-tool/Python/3.10.20/x64/lib/python3.10/site-packages/torch/build/lib/libtorchbind_test.so | XML |
| op_ut | third_party.torch-xpu-ops.test.xpu.test_fx_xpu.TestFX | test_deepcopy_graph_with_tracer_cls | failed | OSError: /tmp/xpu-tool/Python/3.10.20/x64/lib/python3.10/site-packages/torch/build/lib/libtorchbind_test.so: cannot open shared object file: No such file or directory ; OSError: Could not load this library: /tmp/xpu-tool/Python/3.10.20/x64/lib/python3.10/site-packages/torch/build/lib/libtorchbind_test.so | XML |
| op_ut | third_party.torch-xpu-ops.test.xpu.test_fx_xpu.TestFX | test_annotations_with_non_torch_reference_and_no_internal_forward_references | failed | OSError: /tmp/xpu-tool/Python/3.10.20/x64/lib/python3.10/site-packages/torch/build/lib/libtorchbind_test.so: cannot open shared object file: No such file or directory ; OSError: Could not load this library: /tmp/xpu-tool/Python/3.10.20/x64/lib/python3.10/site-packages/torch/build/lib/libtorchbind_test.so | XML |
| op_ut | third_party.torch-xpu-ops.test.xpu.test_fx_xpu.TestFX | test_trace_fn_constant | failed | OSError: /tmp/xpu-tool/Python/3.10.20/x64/lib/python3.10/site-packages/torch/build/lib/libtorchbind_test.so: cannot open shared object file: No such file or directory ; OSError: Could not load this library: /tmp/xpu-tool/Python/3.10.20/x64/lib/python3.10/site-packages/torch/build/lib/libtorchbind_test.so | XML |
| op_ut | third_party.torch-xpu-ops.test.xpu.test_fx_xpu.TestFX | test_graph_edit_with_proxy | failed | OSError: /tmp/xpu-tool/Python/3.10.20/x64/lib/python3.10/site-packages/torch/build/lib/libtorchbind_test.so: cannot open shared object file: No such file or directory ; OSError: Could not load this library: /tmp/xpu-tool/Python/3.10.20/x64/lib/python3.10/site-packages/torch/build/lib/libtorchbind_test.so | XML |
| op_ut | third_party.torch-xpu-ops.test.xpu.test_fx_xpu.TestFX | test_wrapped_method | failed | OSError: /tmp/xpu-tool/Python/3.10.20/x64/lib/python3.10/site-packages/torch/build/lib/libtorchbind_test.so: cannot open shared object file: No such file or directory ; OSError: Could not load this library: /tmp/xpu-tool/Python/3.10.20/x64/lib/python3.10/site-packages/torch/build/lib/libtorchbind_test.so | XML |
| op_ut | third_party.torch-xpu-ops.test.xpu.test_fx_xpu.TestFX | test_interpreter_run_node_override | failed | OSError: /tmp/xpu-tool/Python/3.10.20/x64/lib/python3.10/site-packages/torch/build/lib/libtorchbind_test.so: cannot open shared object file: No such file or directory ; OSError: Could not load this library: /tmp/xpu-tool/Python/3.10.20/x64/lib/python3.10/site-packages/torch/build/lib/libtorchbind_test.so | XML |
| op_ut | third_party.torch-xpu-ops.test.xpu.test_fx_xpu.TestFX | test_prepend_self | failed | OSError: /tmp/xpu-tool/Python/3.10.20/x64/lib/python3.10/site-packages/torch/build/lib/libtorchbind_test.so: cannot open shared object file: No such file or directory ; OSError: Could not load this library: /tmp/xpu-tool/Python/3.10.20/x64/lib/python3.10/site-packages/torch/build/lib/libtorchbind_test.so | XML |
| op_ut | third_party.torch-xpu-ops.test.xpu.export.test_passes_xpu.TestPasses | test_sequential_split | failed | OSError: /tmp/xpu-tool/Python/3.10.20/x64/lib/python3.10/site-packages/torch/build/lib/libtorchbind_test.so: cannot open shared object file: No such file or directory ; OSError: Could not load this library: /tmp/xpu-tool/Python/3.10.20/x64/lib/python3.10/site-packages/torch/build/lib/libtorchbind_test.so | XML |
| op_ut | third_party.torch-xpu-ops.test.xpu.export.test_passes_xpu.TestPasses | test_sequential_split_graph | failed | OSError: /tmp/xpu-tool/Python/3.10.20/x64/lib/python3.10/site-packages/torch/build/lib/libtorchbind_test.so: cannot open shared object file: No such file or directory ; OSError: Could not load this library: /tmp/xpu-tool/Python/3.10.20/x64/lib/python3.10/site-packages/torch/build/lib/libtorchbind_test.so | XML |
| op_ut | third_party.torch-xpu-ops.test.xpu.test_fx_xpu.TestFX | test_sequential | failed | OSError: /tmp/xpu-tool/Python/3.10.20/x64/lib/python3.10/site-packages/torch/build/lib/libtorchbind_test.so: cannot open shared object file: No such file or directory ; OSError: Could not load this library: /tmp/xpu-tool/Python/3.10.20/x64/lib/python3.10/site-packages/torch/build/lib/libtorchbind_test.so | XML |
| op_ut | third_party.torch-xpu-ops.test.xpu.test_fx_xpu.TestFX | test_args_kwargs | failed | OSError: /tmp/xpu-tool/Python/3.10.20/x64/lib/python3.10/site-packages/torch/build/lib/libtorchbind_test.so: cannot open shared object file: No such file or directory ; OSError: Could not load this library: /tmp/xpu-tool/Python/3.10.20/x64/lib/python3.10/site-packages/torch/build/lib/libtorchbind_test.so | XML |
| op_ut | third_party.torch-xpu-ops.test.xpu.test_fx_xpu.TestFX | test_args_kwargs_no_self | failed | OSError: /tmp/xpu-tool/Python/3.10.20/x64/lib/python3.10/site-packages/torch/build/lib/libtorchbind_test.so: cannot open shared object file: No such file or directory ; OSError: Could not load this library: /tmp/xpu-tool/Python/3.10.20/x64/lib/python3.10/site-packages/torch/build/lib/libtorchbind_test.so | XML |
| op_ut | third_party.torch-xpu-ops.test.xpu.test_fx_xpu.TestFX | test_trace_function | failed | OSError: /tmp/xpu-tool/Python/3.10.20/x64/lib/python3.10/site-packages/torch/build/lib/libtorchbind_test.so: cannot open shared object file: No such file or directory ; OSError: Could not load this library: /tmp/xpu-tool/Python/3.10.20/x64/lib/python3.10/site-packages/torch/build/lib/libtorchbind_test.so | XML |
| op_ut | third_party.torch-xpu-ops.test.xpu.test_fx_xpu.TestFX | test_deepcopy_graphmodule | failed | OSError: /tmp/xpu-tool/Python/3.10.20/x64/lib/python3.10/site-packages/torch/build/lib/libtorchbind_test.so: cannot open shared object file: No such file or directory ; OSError: Could not load this library: /tmp/xpu-tool/Python/3.10.20/x64/lib/python3.10/site-packages/torch/build/lib/libtorchbind_test.so | XML |
| op_ut | third_party.torch-xpu-ops.test.xpu.test_fx_xpu.TestFX | test_deepcopy_graphmodule_with_transform | failed | OSError: /tmp/xpu-tool/Python/3.10.20/x64/lib/python3.10/site-packages/torch/build/lib/libtorchbind_test.so: cannot open shared object file: No such file or directory ; OSError: Could not load this library: /tmp/xpu-tool/Python/3.10.20/x64/lib/python3.10/site-packages/torch/build/lib/libtorchbind_test.so | XML |
| op_ut | third_party.torch-xpu-ops.test.xpu.test_fx_xpu.TestFX | test_graph_fns | failed | OSError: /tmp/xpu-tool/Python/3.10.20/x64/lib/python3.10/site-packages/torch/build/lib/libtorchbind_test.so: cannot open shared object file: No such file or directory ; OSError: Could not load this library: /tmp/xpu-tool/Python/3.10.20/x64/lib/python3.10/site-packages/torch/build/lib/libtorchbind_test.so | XML |
| op_ut | third_party.torch-xpu-ops.test.xpu.test_fx_xpu.TestFX | test_wrapped_retrace | failed | OSError: /tmp/xpu-tool/Python/3.10.20/x64/lib/python3.10/site-packages/torch/build/lib/libtorchbind_test.so: cannot open shared object file: No such file or directory ; OSError: Could not load this library: /tmp/xpu-tool/Python/3.10.20/x64/lib/python3.10/site-packages/torch/build/lib/libtorchbind_test.so | XML |
| op_ut | third_party.torch-xpu-ops.test.xpu.test_fx_xpu.TestFX | test_interpreter_star_args | failed | OSError: /tmp/xpu-tool/Python/3.10.20/x64/lib/python3.10/site-packages/torch/build/lib/libtorchbind_test.so: cannot open shared object file: No such file or directory ; OSError: Could not load this library: /tmp/xpu-tool/Python/3.10.20/x64/lib/python3.10/site-packages/torch/build/lib/libtorchbind_test.so | XML |
| op_ut | third_party.torch-xpu-ops.test.xpu.test_fx_xpu.TestFX | test_pretty_print | failed | OSError: /tmp/xpu-tool/Python/3.10.20/x64/lib/python3.10/site-packages/torch/build/lib/libtorchbind_test.so: cannot open shared object file: No such file or directory ; OSError: Could not load this library: /tmp/xpu-tool/Python/3.10.20/x64/lib/python3.10/site-packages/torch/build/lib/libtorchbind_test.so | XML |
| op_ut | third_party.torch-xpu-ops.test.xpu.test_fx_xpu.TestFX | test_pretty_print_graph | failed | OSError: /tmp/xpu-tool/Python/3.10.20/x64/lib/python3.10/site-packages/torch/build/lib/libtorchbind_test.so: cannot open shared object file: No such file or directory ; OSError: Could not load this library: /tmp/xpu-tool/Python/3.10.20/x64/lib/python3.10/site-packages/torch/build/lib/libtorchbind_test.so | XML |
| op_ut | third_party.torch-xpu-ops.test.xpu.test_fx_xpu.TestFX | test_pretty_print_node | failed | OSError: /tmp/xpu-tool/Python/3.10.20/x64/lib/python3.10/site-packages/torch/build/lib/libtorchbind_test.so: cannot open shared object file: No such file or directory ; OSError: Could not load this library: /tmp/xpu-tool/Python/3.10.20/x64/lib/python3.10/site-packages/torch/build/lib/libtorchbind_test.so | XML |
| op_ut | third_party.torch-xpu-ops.test.xpu.test_fx_xpu.TestFX | test_pretty_print_targets | failed | OSError: /tmp/xpu-tool/Python/3.10.20/x64/lib/python3.10/site-packages/torch/build/lib/libtorchbind_test.so: cannot open shared object file: No such file or directory ; OSError: Could not load this library: /tmp/xpu-tool/Python/3.10.20/x64/lib/python3.10/site-packages/torch/build/lib/libtorchbind_test.so | XML |
| op_ut | third_party.torch-xpu-ops.test.xpu.test_fx_xpu.TestFX | test_shape_prop_aggregate | failed | OSError: /tmp/xpu-tool/Python/3.10.20/x64/lib/python3.10/site-packages/torch/build/lib/libtorchbind_test.so: cannot open shared object file: No such file or directory ; OSError: Could not load this library: /tmp/xpu-tool/Python/3.10.20/x64/lib/python3.10/site-packages/torch/build/lib/libtorchbind_test.so | XML |
| op_ut | third_party.torch-xpu-ops.test.xpu.test_fx_xpu.TestFX | test_deepcopy_graphmodule_with_transform | failed | OSError: /tmp/xpu-tool/Python/3.10.20/x64/lib/python3.10/site-packages/torch/build/lib/libtorchbind_test.so: cannot open shared object file: No such file or directory ; OSError: Could not load this library: /tmp/xpu-tool/Python/3.10.20/x64/lib/python3.10/site-packages/torch/build/lib/libtorchbind_test.so | XML |
| op_ut | third_party.torch-xpu-ops.test.xpu.test_fx_xpu.TestFX | test_trace_multiple_funcs | failed | OSError: /tmp/xpu-tool/Python/3.10.20/x64/lib/python3.10/site-packages/torch/build/lib/libtorchbind_test.so: cannot open shared object file: No such file or directory ; OSError: Could not load this library: /tmp/xpu-tool/Python/3.10.20/x64/lib/python3.10/site-packages/torch/build/lib/libtorchbind_test.so | XML |
| op_ut | third_party.torch-xpu-ops.test.xpu.test_fx_xpu.TestFX | test_args_kwargs_no_self | failed | OSError: /tmp/xpu-tool/Python/3.10.20/x64/lib/python3.10/site-packages/torch/build/lib/libtorchbind_test.so: cannot open shared object file: No such file or directory ; OSError: Could not load this library: /tmp/xpu-tool/Python/3.10.20/x64/lib/python3.10/site-packages/torch/build/lib/libtorchbind_test.so | XML |
| op_ut | third_party.torch-xpu-ops.test.xpu.test_fx_xpu.TestFX | test_wrapped_via_decorator | failed | OSError: /tmp/xpu-tool/Python/3.10.20/x64/lib/python3.10/site-packages/torch/build/lib/libtorchbind_test.so: cannot open shared object file: No such file or directory ; OSError: Could not load this library: /tmp/xpu-tool/Python/3.10.20/x64/lib/python3.10/site-packages/torch/build/lib/libtorchbind_test.so | XML |
| op_ut | third_party.torch-xpu-ops.test.xpu.test_fx_xpu.TestFX | test_wrapped_via_decorator_and_transformed | failed | OSError: /tmp/xpu-tool/Python/3.10.20/x64/lib/python3.10/site-packages/torch/build/lib/libtorchbind_test.so: cannot open shared object file: No such file or directory ; OSError: Could not load this library: /tmp/xpu-tool/Python/3.10.20/x64/lib/python3.10/site-packages/torch/build/lib/libtorchbind_test.so | XML |
| op_ut | third_party.torch-xpu-ops.test.xpu.test_fx_xpu.TestFX | test_graph_module | failed | OSError: /tmp/xpu-tool/Python/3.10.20/x64/lib/python3.10/site-packages/torch/build/lib/libtorchbind_test.so: cannot open shared object file: No such file or directory ; OSError: Could not load this library: /tmp/xpu-tool/Python/3.10.20/x64/lib/python3.10/site-packages/torch/build/lib/libtorchbind_test.so | XML |
| op_ut | third_party.torch-xpu-ops.test.xpu.test_fx_xpu.TestFX | test_graph_module_init_buffer_param_copied_dict_init | failed | OSError: /tmp/xpu-tool/Python/3.10.20/x64/lib/python3.10/site-packages/torch/build/lib/libtorchbind_test.so: cannot open shared object file: No such file or directory ; OSError: Could not load this library: /tmp/xpu-tool/Python/3.10.20/x64/lib/python3.10/site-packages/torch/build/lib/libtorchbind_test.so | XML |
| op_ut | third_party.torch-xpu-ops.test.xpu.test_fx_xpu.TestFX | test_graph_module_init_buffer_param_copied_mod_init | failed | OSError: /tmp/xpu-tool/Python/3.10.20/x64/lib/python3.10/site-packages/torch/build/lib/libtorchbind_test.so: cannot open shared object file: No such file or directory ; OSError: Could not load this library: /tmp/xpu-tool/Python/3.10.20/x64/lib/python3.10/site-packages/torch/build/lib/libtorchbind_test.so | XML |
| op_ut | third_party.torch-xpu-ops.test.xpu.test_fx_xpu.TestFX | test_graph_module_replicate_for_dp | failed | OSError: /tmp/xpu-tool/Python/3.10.20/x64/lib/python3.10/site-packages/torch/build/lib/libtorchbind_test.so: cannot open shared object file: No such file or directory ; OSError: Could not load this library: /tmp/xpu-tool/Python/3.10.20/x64/lib/python3.10/site-packages/torch/build/lib/libtorchbind_test.so | XML |
| op_ut | third_party.torch-xpu-ops.test.xpu.test_fx_xpu.TestFX | test_shape_prop_layout | failed | OSError: /tmp/xpu-tool/Python/3.10.20/x64/lib/python3.10/site-packages/torch/build/lib/libtorchbind_test.so: cannot open shared object file: No such file or directory ; OSError: Could not load this library: /tmp/xpu-tool/Python/3.10.20/x64/lib/python3.10/site-packages/torch/build/lib/libtorchbind_test.so | XML |
| op_ut | third_party.torch-xpu-ops.test.xpu.test_fx_xpu.TestFX | test_shape_prop_layout_3d | failed | OSError: /tmp/xpu-tool/Python/3.10.20/x64/lib/python3.10/site-packages/torch/build/lib/libtorchbind_test.so: cannot open shared object file: No such file or directory ; OSError: Could not load this library: /tmp/xpu-tool/Python/3.10.20/x64/lib/python3.10/site-packages/torch/build/lib/libtorchbind_test.so | XML |
| op_ut | third_party.torch-xpu-ops.test.xpu.test_fx_xpu.TestFX | test_pretty_print_graph | failed | OSError: /tmp/xpu-tool/Python/3.10.20/x64/lib/python3.10/site-packages/torch/build/lib/libtorchbind_test.so: cannot open shared object file: No such file or directory ; OSError: Could not load this library: /tmp/xpu-tool/Python/3.10.20/x64/lib/python3.10/site-packages/torch/build/lib/libtorchbind_test.so | XML |
| op_ut | third_party.torch-xpu-ops.test.xpu.test_fx_xpu.TestFX | test_interpreter_with_codegen | failed | OSError: /tmp/xpu-tool/Python/3.10.20/x64/lib/python3.10/site-packages/torch/build/lib/libtorchbind_test.so: cannot open shared object file: No such file or directory ; OSError: Could not load this library: /tmp/xpu-tool/Python/3.10.20/x64/lib/python3.10/site-packages/torch/build/lib/libtorchbind_test.so | XML |
| op_ut | third_party.torch-xpu-ops.test.xpu.test_fx_xpu.TestFX | test_trace_return_dataclass | failed | OSError: /tmp/xpu-tool/Python/3.10.20/x64/lib/python3.10/site-packages/torch/build/lib/libtorchbind_test.so: cannot open shared object file: No such file or directory ; OSError: Could not load this library: /tmp/xpu-tool/Python/3.10.20/x64/lib/python3.10/site-packages/torch/build/lib/libtorchbind_test.so | XML |
| op_ut | third_party.torch-xpu-ops.test.xpu.test_fx_xpu.TestFX | test_trace_return_dataclass_nested | failed | OSError: /tmp/xpu-tool/Python/3.10.20/x64/lib/python3.10/site-packages/torch/build/lib/libtorchbind_test.so: cannot open shared object file: No such file or directory ; OSError: Could not load this library: /tmp/xpu-tool/Python/3.10.20/x64/lib/python3.10/site-packages/torch/build/lib/libtorchbind_test.so | XML |
| op_ut | third_party.torch-xpu-ops.test.xpu.test_fx_xpu.TestFX | test_deepcopy_no_recursion | failed | OSError: /tmp/xpu-tool/Python/3.10.20/x64/lib/python3.10/site-packages/torch/build/lib/libtorchbind_test.so: cannot open shared object file: No such file or directory ; OSError: Could not load this library: /tmp/xpu-tool/Python/3.10.20/x64/lib/python3.10/site-packages/torch/build/lib/libtorchbind_test.so | XML |
| op_ut | third_party.torch-xpu-ops.test.xpu.test_fx_xpu.TestFX | test_ast_rewriter_reassigns_submodules | failed | OSError: /tmp/xpu-tool/Python/3.10.20/x64/lib/python3.10/site-packages/torch/build/lib/libtorchbind_test.so: cannot open shared object file: No such file or directory ; OSError: Could not load this library: /tmp/xpu-tool/Python/3.10.20/x64/lib/python3.10/site-packages/torch/build/lib/libtorchbind_test.so | XML |
| op_ut | third_party.torch-xpu-ops.test.xpu.test_fx_xpu.TestFX | test_wrapped_via_decorator_and_transformed | failed | OSError: /tmp/xpu-tool/Python/3.10.20/x64/lib/python3.10/site-packages/torch/build/lib/libtorchbind_test.so: cannot open shared object file: No such file or directory ; OSError: Could not load this library: /tmp/xpu-tool/Python/3.10.20/x64/lib/python3.10/site-packages/torch/build/lib/libtorchbind_test.so | XML |
| op_ut | third_party.torch-xpu-ops.test.xpu.test_fx_xpu.TestFX | test_graph_module_init_buffer_param_copied_dict_init | failed | OSError: /tmp/xpu-tool/Python/3.10.20/x64/lib/python3.10/site-packages/torch/build/lib/libtorchbind_test.so: cannot open shared object file: No such file or directory ; OSError: Could not load this library: /tmp/xpu-tool/Python/3.10.20/x64/lib/python3.10/site-packages/torch/build/lib/libtorchbind_test.so | XML |
| op_ut | third_party.torch-xpu-ops.test.xpu.test_fx_xpu.TestFX | test_shape_prop_layout_3d | failed | OSError: /tmp/xpu-tool/Python/3.10.20/x64/lib/python3.10/site-packages/torch/build/lib/libtorchbind_test.so: cannot open shared object file: No such file or directory ; OSError: Could not load this library: /tmp/xpu-tool/Python/3.10.20/x64/lib/python3.10/site-packages/torch/build/lib/libtorchbind_test.so | XML |
| op_ut | third_party.torch-xpu-ops.test.xpu.test_fx_xpu.TestFX | test_layout | failed | OSError: /tmp/xpu-tool/Python/3.10.20/x64/lib/python3.10/site-packages/torch/build/lib/libtorchbind_test.so: cannot open shared object file: No such file or directory ; OSError: Could not load this library: /tmp/xpu-tool/Python/3.10.20/x64/lib/python3.10/site-packages/torch/build/lib/libtorchbind_test.so | XML |
| op_ut | third_party.torch-xpu-ops.test.xpu.test_fx_xpu.TestFX | test_pretty_print_node | failed | OSError: /tmp/xpu-tool/Python/3.10.20/x64/lib/python3.10/site-packages/torch/build/lib/libtorchbind_test.so: cannot open shared object file: No such file or directory ; OSError: Could not load this library: /tmp/xpu-tool/Python/3.10.20/x64/lib/python3.10/site-packages/torch/build/lib/libtorchbind_test.so | XML |
| op_ut | third_party.torch-xpu-ops.test.xpu.test_fx_xpu.TestFX | test_deepcopy_recursion_depth | failed | OSError: /tmp/xpu-tool/Python/3.10.20/x64/lib/python3.10/site-packages/torch/build/lib/libtorchbind_test.so: cannot open shared object file: No such file or directory ; OSError: Could not load this library: /tmp/xpu-tool/Python/3.10.20/x64/lib/python3.10/site-packages/torch/build/lib/libtorchbind_test.so | XML |
| op_ut | third_party.torch-xpu-ops.test.xpu.test_fx_xpu.TestFX | test_deepcopy_tracer | failed | OSError: /tmp/xpu-tool/Python/3.10.20/x64/lib/python3.10/site-packages/torch/build/lib/libtorchbind_test.so: cannot open shared object file: No such file or directory ; OSError: Could not load this library: /tmp/xpu-tool/Python/3.10.20/x64/lib/python3.10/site-packages/torch/build/lib/libtorchbind_test.so | XML |
| op_ut | third_party.torch-xpu-ops.test.xpu.test_fx_xpu.TestFX | test_deepcopy_with_submods_params | failed | OSError: /tmp/xpu-tool/Python/3.10.20/x64/lib/python3.10/site-packages/torch/build/lib/libtorchbind_test.so: cannot open shared object file: No such file or directory ; OSError: Could not load this library: /tmp/xpu-tool/Python/3.10.20/x64/lib/python3.10/site-packages/torch/build/lib/libtorchbind_test.so | XML |
| op_ut | third_party.torch-xpu-ops.test.xpu.test_fx_xpu.TestFX | test_delete_unused_submodules_leaf | failed | OSError: /tmp/xpu-tool/Python/3.10.20/x64/lib/python3.10/site-packages/torch/build/lib/libtorchbind_test.so: cannot open shared object file: No such file or directory ; OSError: Could not load this library: /tmp/xpu-tool/Python/3.10.20/x64/lib/python3.10/site-packages/torch/build/lib/libtorchbind_test.so | XML |
| op_ut | third_party.torch-xpu-ops.test.xpu.test_fx_xpu.TestFX | test_ast_rewriter_rewrites_assert | failed | OSError: /tmp/xpu-tool/Python/3.10.20/x64/lib/python3.10/site-packages/torch/build/lib/libtorchbind_test.so: cannot open shared object file: No such file or directory ; OSError: Could not load this library: /tmp/xpu-tool/Python/3.10.20/x64/lib/python3.10/site-packages/torch/build/lib/libtorchbind_test.so | XML |
| op_ut | third_party.torch-xpu-ops.test.xpu.test_fx_xpu.TestFX | test_ast_rewriter_rewrites_assert_with_message | failed | OSError: /tmp/xpu-tool/Python/3.10.20/x64/lib/python3.10/site-packages/torch/build/lib/libtorchbind_test.so: cannot open shared object file: No such file or directory ; OSError: Could not load this library: /tmp/xpu-tool/Python/3.10.20/x64/lib/python3.10/site-packages/torch/build/lib/libtorchbind_test.so | XML |
| op_ut | third_party.torch-xpu-ops.test.xpu.test_fx_xpu.TestFX | test_ast_rewriter_rewrites_assert_with_message | failed | OSError: /tmp/xpu-tool/Python/3.10.20/x64/lib/python3.10/site-packages/torch/build/lib/libtorchbind_test.so: cannot open shared object file: No such file or directory ; OSError: Could not load this library: /tmp/xpu-tool/Python/3.10.20/x64/lib/python3.10/site-packages/torch/build/lib/libtorchbind_test.so | XML |
| op_ut | third_party.torch-xpu-ops.test.xpu.test_fx_xpu.TestFX | test_graph_module_init_buffer_param_copied_mod_init | failed | OSError: /tmp/xpu-tool/Python/3.10.20/x64/lib/python3.10/site-packages/torch/build/lib/libtorchbind_test.so: cannot open shared object file: No such file or directory ; OSError: Could not load this library: /tmp/xpu-tool/Python/3.10.20/x64/lib/python3.10/site-packages/torch/build/lib/libtorchbind_test.so | XML |
| op_ut | third_party.torch-xpu-ops.test.xpu.test_fx_xpu.TestFX | test_leaf_module | failed | OSError: /tmp/xpu-tool/Python/3.10.20/x64/lib/python3.10/site-packages/torch/build/lib/libtorchbind_test.so: cannot open shared object file: No such file or directory ; OSError: Could not load this library: /tmp/xpu-tool/Python/3.10.20/x64/lib/python3.10/site-packages/torch/build/lib/libtorchbind_test.so | XML |
| op_ut | third_party.torch-xpu-ops.test.xpu.test_fx_xpu.TestFX | test_graph_module_replicate_for_dp | failed | OSError: /tmp/xpu-tool/Python/3.10.20/x64/lib/python3.10/site-packages/torch/build/lib/libtorchbind_test.so: cannot open shared object file: No such file or directory ; OSError: Could not load this library: /tmp/xpu-tool/Python/3.10.20/x64/lib/python3.10/site-packages/torch/build/lib/libtorchbind_test.so | XML |
| op_ut | third_party.torch-xpu-ops.test.xpu.test_fx_xpu.TestFX | test_lineno_map | failed | OSError: /tmp/xpu-tool/Python/3.10.20/x64/lib/python3.10/site-packages/torch/build/lib/libtorchbind_test.so: cannot open shared object file: No such file or directory ; OSError: Could not load this library: /tmp/xpu-tool/Python/3.10.20/x64/lib/python3.10/site-packages/torch/build/lib/libtorchbind_test.so | XML |
| op_ut | third_party.torch-xpu-ops.test.xpu.test_fx_xpu.TestFX | test_delete_unused_values | failed | OSError: /tmp/xpu-tool/Python/3.10.20/x64/lib/python3.10/site-packages/torch/build/lib/libtorchbind_test.so: cannot open shared object file: No such file or directory ; OSError: Could not load this library: /tmp/xpu-tool/Python/3.10.20/x64/lib/python3.10/site-packages/torch/build/lib/libtorchbind_test.so | XML |
| op_ut | third_party.torch-xpu-ops.test.xpu.test_fx_xpu.TestFX | test_ast_rewriter_wrap | failed | OSError: /tmp/xpu-tool/Python/3.10.20/x64/lib/python3.10/site-packages/torch/build/lib/libtorchbind_test.so: cannot open shared object file: No such file or directory ; OSError: Could not load this library: /tmp/xpu-tool/Python/3.10.20/x64/lib/python3.10/site-packages/torch/build/lib/libtorchbind_test.so | XML |
| op_ut | third_party.torch-xpu-ops.test.xpu.test_fx_xpu.TestFX | test_ast_rewriter_wrap_fn_directly | failed | OSError: /tmp/xpu-tool/Python/3.10.20/x64/lib/python3.10/site-packages/torch/build/lib/libtorchbind_test.so: cannot open shared object file: No such file or directory ; OSError: Could not load this library: /tmp/xpu-tool/Python/3.10.20/x64/lib/python3.10/site-packages/torch/build/lib/libtorchbind_test.so | XML |
| op_ut | third_party.torch-xpu-ops.test.xpu.test_fx_xpu.TestFX | test_ast_rewriter_wrap_with_submodule | failed | OSError: /tmp/xpu-tool/Python/3.10.20/x64/lib/python3.10/site-packages/torch/build/lib/libtorchbind_test.so: cannot open shared object file: No such file or directory ; OSError: Could not load this library: /tmp/xpu-tool/Python/3.10.20/x64/lib/python3.10/site-packages/torch/build/lib/libtorchbind_test.so | XML |
| op_ut | third_party.torch-xpu-ops.test.xpu.test_fx_xpu.TestFX | test_ast_rewriter_wrapped_via_decorator | failed | OSError: /tmp/xpu-tool/Python/3.10.20/x64/lib/python3.10/site-packages/torch/build/lib/libtorchbind_test.so: cannot open shared object file: No such file or directory ; OSError: Could not load this library: /tmp/xpu-tool/Python/3.10.20/x64/lib/python3.10/site-packages/torch/build/lib/libtorchbind_test.so | XML |
| op_ut | third_party.torch-xpu-ops.test.xpu.test_fx_xpu.TestFX | test_ast_rewriter_wrapped_via_decorator_and_transformed | failed | OSError: /tmp/xpu-tool/Python/3.10.20/x64/lib/python3.10/site-packages/torch/build/lib/libtorchbind_test.so: cannot open shared object file: No such file or directory ; OSError: Could not load this library: /tmp/xpu-tool/Python/3.10.20/x64/lib/python3.10/site-packages/torch/build/lib/libtorchbind_test.so | XML |
| op_ut | third_party.torch-xpu-ops.test.xpu.test_fx_xpu.TestFX | test_matmul_tracing | failed | OSError: /tmp/xpu-tool/Python/3.10.20/x64/lib/python3.10/site-packages/torch/build/lib/libtorchbind_test.so: cannot open shared object file: No such file or directory ; OSError: Could not load this library: /tmp/xpu-tool/Python/3.10.20/x64/lib/python3.10/site-packages/torch/build/lib/libtorchbind_test.so | XML |
| op_ut | third_party.torch-xpu-ops.test.xpu.test_fx_xpu.TestFX | test_dict | failed | OSError: /tmp/xpu-tool/Python/3.10.20/x64/lib/python3.10/site-packages/torch/build/lib/libtorchbind_test.so: cannot open shared object file: No such file or directory ; OSError: Could not load this library: /tmp/xpu-tool/Python/3.10.20/x64/lib/python3.10/site-packages/torch/build/lib/libtorchbind_test.so | XML |
| op_ut | third_party.torch-xpu-ops.test.xpu.test_fx_xpu.TestFX | test_trace_return_dataclass_nested | failed | OSError: /tmp/xpu-tool/Python/3.10.20/x64/lib/python3.10/site-packages/torch/build/lib/libtorchbind_test.so: cannot open shared object file: No such file or directory ; OSError: Could not load this library: /tmp/xpu-tool/Python/3.10.20/x64/lib/python3.10/site-packages/torch/build/lib/libtorchbind_test.so | XML |
| op_ut | third_party.torch-xpu-ops.test.xpu.test_fx_xpu.TestFX | test_ast_rewriter_wrap_fn_directly | failed | OSError: /tmp/xpu-tool/Python/3.10.20/x64/lib/python3.10/site-packages/torch/build/lib/libtorchbind_test.so: cannot open shared object file: No such file or directory ; OSError: Could not load this library: /tmp/xpu-tool/Python/3.10.20/x64/lib/python3.10/site-packages/torch/build/lib/libtorchbind_test.so | XML |
| op_ut | third_party.torch-xpu-ops.test.xpu.test_fx_xpu.TestFX | test_trace_return_namedtuple | failed | OSError: /tmp/xpu-tool/Python/3.10.20/x64/lib/python3.10/site-packages/torch/build/lib/libtorchbind_test.so: cannot open shared object file: No such file or directory ; OSError: Could not load this library: /tmp/xpu-tool/Python/3.10.20/x64/lib/python3.10/site-packages/torch/build/lib/libtorchbind_test.so | XML |
| op_ut | third_party.torch-xpu-ops.test.xpu.test_fx_xpu.TestFX | test_pretty_print_targets | failed | OSError: /tmp/xpu-tool/Python/3.10.20/x64/lib/python3.10/site-packages/torch/build/lib/libtorchbind_test.so: cannot open shared object file: No such file or directory ; OSError: Could not load this library: /tmp/xpu-tool/Python/3.10.20/x64/lib/python3.10/site-packages/torch/build/lib/libtorchbind_test.so | XML |
| op_ut | third_party.torch-xpu-ops.test.xpu.test_fx_xpu.TestFX | test_shape_prop_unbacked_sym | failed | OSError: /tmp/xpu-tool/Python/3.10.20/x64/lib/python3.10/site-packages/torch/build/lib/libtorchbind_test.so: cannot open shared object file: No such file or directory ; OSError: Could not load this library: /tmp/xpu-tool/Python/3.10.20/x64/lib/python3.10/site-packages/torch/build/lib/libtorchbind_test.so | XML |
| op_ut | third_party.torch-xpu-ops.test.xpu.test_fx_xpu.TestFX | test_wrong_target_type | failed | OSError: /tmp/xpu-tool/Python/3.10.20/x64/lib/python3.10/site-packages/torch/build/lib/libtorchbind_test.so: cannot open shared object file: No such file or directory ; OSError: Could not load this library: /tmp/xpu-tool/Python/3.10.20/x64/lib/python3.10/site-packages/torch/build/lib/libtorchbind_test.so | XML |
| op_ut | third_party.torch-xpu-ops.test.xpu.test_fx_xpu.TestFX | test_graph_unique_names | failed | OSError: /tmp/xpu-tool/Python/3.10.20/x64/lib/python3.10/site-packages/torch/build/lib/libtorchbind_test.so: cannot open shared object file: No such file or directory ; OSError: Could not load this library: /tmp/xpu-tool/Python/3.10.20/x64/lib/python3.10/site-packages/torch/build/lib/libtorchbind_test.so | XML |
| op_ut | third_party.torch-xpu-ops.test.xpu.test_fx_xpu.TestFX | test_graph_unique_names_manual | failed | OSError: /tmp/xpu-tool/Python/3.10.20/x64/lib/python3.10/site-packages/torch/build/lib/libtorchbind_test.so: cannot open shared object file: No such file or directory ; OSError: Could not load this library: /tmp/xpu-tool/Python/3.10.20/x64/lib/python3.10/site-packages/torch/build/lib/libtorchbind_test.so | XML |
| op_ut | third_party.torch-xpu-ops.test.xpu.test_fx_xpu.TestFX | test_single_default_arg | failed | OSError: /tmp/xpu-tool/Python/3.10.20/x64/lib/python3.10/site-packages/torch/build/lib/libtorchbind_test.so: cannot open shared object file: No such file or directory ; OSError: Could not load this library: /tmp/xpu-tool/Python/3.10.20/x64/lib/python3.10/site-packages/torch/build/lib/libtorchbind_test.so | XML |
| op_ut | third_party.torch-xpu-ops.test.xpu.test_fx_xpu.TestFX | test_print_graph | failed | OSError: /tmp/xpu-tool/Python/3.10.20/x64/lib/python3.10/site-packages/torch/build/lib/libtorchbind_test.so: cannot open shared object file: No such file or directory ; OSError: Could not load this library: /tmp/xpu-tool/Python/3.10.20/x64/lib/python3.10/site-packages/torch/build/lib/libtorchbind_test.so | XML |
| op_ut | third_party.torch-xpu-ops.test.xpu.test_fx_xpu.TestFX | test_wrong_topo | failed | OSError: /tmp/xpu-tool/Python/3.10.20/x64/lib/python3.10/site-packages/torch/build/lib/libtorchbind_test.so: cannot open shared object file: No such file or directory ; OSError: Could not load this library: /tmp/xpu-tool/Python/3.10.20/x64/lib/python3.10/site-packages/torch/build/lib/libtorchbind_test.so | XML |
| op_ut | third_party.torch-xpu-ops.test.xpu.test_fx_xpu.TestFX | test_metadata_on_ph | failed | OSError: /tmp/xpu-tool/Python/3.10.20/x64/lib/python3.10/site-packages/torch/build/lib/libtorchbind_test.so: cannot open shared object file: No such file or directory ; OSError: Could not load this library: /tmp/xpu-tool/Python/3.10.20/x64/lib/python3.10/site-packages/torch/build/lib/libtorchbind_test.so | XML |
| op_ut | third_party.torch-xpu-ops.test.xpu.test_fx_xpu.TestFX | test_direct_param_use | failed | OSError: /tmp/xpu-tool/Python/3.10.20/x64/lib/python3.10/site-packages/torch/build/lib/libtorchbind_test.so: cannot open shared object file: No such file or directory ; OSError: Could not load this library: /tmp/xpu-tool/Python/3.10.20/x64/lib/python3.10/site-packages/torch/build/lib/libtorchbind_test.so | XML |
| op_ut | third_party.torch-xpu-ops.test.xpu.test_fx_xpu.TestFX | test_tracing_graphmodules_as_leaf_submodules | failed | OSError: /tmp/xpu-tool/Python/3.10.20/x64/lib/python3.10/site-packages/torch/build/lib/libtorchbind_test.so: cannot open shared object file: No such file or directory ; OSError: Could not load this library: /tmp/xpu-tool/Python/3.10.20/x64/lib/python3.10/site-packages/torch/build/lib/libtorchbind_test.so | XML |
| op_ut | third_party.torch-xpu-ops.test.xpu.test_fx_xpu.TestFX | test_ast_rewriter_wrap_with_submodule | failed | OSError: /tmp/xpu-tool/Python/3.10.20/x64/lib/python3.10/site-packages/torch/build/lib/libtorchbind_test.so: cannot open shared object file: No such file or directory ; OSError: Could not load this library: /tmp/xpu-tool/Python/3.10.20/x64/lib/python3.10/site-packages/torch/build/lib/libtorchbind_test.so | XML |
| op_ut | third_party.torch-xpu-ops.test.xpu.test_fx_xpu.TestFX | test_print_readable_no_trailing_whitespace_with_inner_graph | failed | OSError: /tmp/xpu-tool/Python/3.10.20/x64/lib/python3.10/site-packages/torch/build/lib/libtorchbind_test.so: cannot open shared object file: No such file or directory ; OSError: Could not load this library: /tmp/xpu-tool/Python/3.10.20/x64/lib/python3.10/site-packages/torch/build/lib/libtorchbind_test.so | XML |
| op_ut | third_party.torch-xpu-ops.test.xpu.test_fx_xpu.TestFX | test_snake_case | failed | OSError: /tmp/xpu-tool/Python/3.10.20/x64/lib/python3.10/site-packages/torch/build/lib/libtorchbind_test.so: cannot open shared object file: No such file or directory ; OSError: Could not load this library: /tmp/xpu-tool/Python/3.10.20/x64/lib/python3.10/site-packages/torch/build/lib/libtorchbind_test.so | XML |
| op_ut | third_party.torch-xpu-ops.test.xpu.test_fx_xpu.TestFX | test_graph_unique_names_manual | failed | OSError: /tmp/xpu-tool/Python/3.10.20/x64/lib/python3.10/site-packages/torch/build/lib/libtorchbind_test.so: cannot open shared object file: No such file or directory ; OSError: Could not load this library: /tmp/xpu-tool/Python/3.10.20/x64/lib/python3.10/site-packages/torch/build/lib/libtorchbind_test.so | XML |
| op_ut | third_party.torch-xpu-ops.test.xpu.test_fx_xpu.TestFX | test_module_deepcopy_edit_nodes | failed | OSError: /tmp/xpu-tool/Python/3.10.20/x64/lib/python3.10/site-packages/torch/build/lib/libtorchbind_test.so: cannot open shared object file: No such file or directory ; OSError: Could not load this library: /tmp/xpu-tool/Python/3.10.20/x64/lib/python3.10/site-packages/torch/build/lib/libtorchbind_test.so | XML |
| op_ut | third_party.torch-xpu-ops.test.xpu.test_fx_xpu.TestCommonPass | test_correctness_CSEPass_MutationInput_cpu | failed | RuntimeError: Tried to trace mutable operation aten::add_.Tensor(Tensor(a!) self, Tensor other, *, Scalar alpha=1) -> Tensor(a!). FX only supports functional code, so operations that mutate operands in-place (e.g. via `out` arguments) are not supported | XML |
| op_ut | third_party.torch-xpu-ops.test.xpu.test_fx_xpu.TestFX | test_disallow_override | failed | OSError: /tmp/xpu-tool/Python/3.10.20/x64/lib/python3.10/site-packages/torch/build/lib/libtorchbind_test.so: cannot open shared object file: No such file or directory ; OSError: Could not load this library: /tmp/xpu-tool/Python/3.10.20/x64/lib/python3.10/site-packages/torch/build/lib/libtorchbind_test.so | XML |
| op_ut | third_party.torch-xpu-ops.test.xpu.test_fx_xpu.TestFX | test_transformer_multi_outputs | failed | OSError: /tmp/xpu-tool/Python/3.10.20/x64/lib/python3.10/site-packages/torch/build/lib/libtorchbind_test.so: cannot open shared object file: No such file or directory ; OSError: Could not load this library: /tmp/xpu-tool/Python/3.10.20/x64/lib/python3.10/site-packages/torch/build/lib/libtorchbind_test.so | XML |
| op_ut | third_party.torch-xpu-ops.test.xpu.test_fx_xpu.TestFX | test_ast_rewriter_wrapped_via_decorator | failed | OSError: /tmp/xpu-tool/Python/3.10.20/x64/lib/python3.10/site-packages/torch/build/lib/libtorchbind_test.so: cannot open shared object file: No such file or directory ; OSError: Could not load this library: /tmp/xpu-tool/Python/3.10.20/x64/lib/python3.10/site-packages/torch/build/lib/libtorchbind_test.so | XML |
| op_ut | third_party.torch-xpu-ops.test.xpu.test_fx_xpu.TestFX | test_ast_rewriter_wrapped_via_decorator_and_transformed | failed | OSError: /tmp/xpu-tool/Python/3.10.20/x64/lib/python3.10/site-packages/torch/build/lib/libtorchbind_test.so: cannot open shared object file: No such file or directory ; OSError: Could not load this library: /tmp/xpu-tool/Python/3.10.20/x64/lib/python3.10/site-packages/torch/build/lib/libtorchbind_test.so | XML |
| op_ut | third_party.torch-xpu-ops.test.xpu.test_fx_xpu.TestFX | test_immutable_dict_pytree_ops | failed | OSError: /tmp/xpu-tool/Python/3.10.20/x64/lib/python3.10/site-packages/torch/build/lib/libtorchbind_test.so: cannot open shared object file: No such file or directory ; OSError: Could not load this library: /tmp/xpu-tool/Python/3.10.20/x64/lib/python3.10/site-packages/torch/build/lib/libtorchbind_test.so | XML |
| op_ut | third_party.torch-xpu-ops.test.xpu.test_fx_xpu.TestFX | test_sqrt | failed | OSError: /tmp/xpu-tool/Python/3.10.20/x64/lib/python3.10/site-packages/torch/build/lib/libtorchbind_test.so: cannot open shared object file: No such file or directory ; OSError: Could not load this library: /tmp/xpu-tool/Python/3.10.20/x64/lib/python3.10/site-packages/torch/build/lib/libtorchbind_test.so | XML |
| op_ut | third_party.torch-xpu-ops.test.xpu.test_fx_xpu.TestFX | test_move_before | failed | OSError: /tmp/xpu-tool/Python/3.10.20/x64/lib/python3.10/site-packages/torch/build/lib/libtorchbind_test.so: cannot open shared object file: No such file or directory ; OSError: Could not load this library: /tmp/xpu-tool/Python/3.10.20/x64/lib/python3.10/site-packages/torch/build/lib/libtorchbind_test.so | XML |
| op_ut | third_party.torch-xpu-ops.test.xpu.test_fx_xpu.TestFX | test_profiler_multiple_modules | failed | OSError: /tmp/xpu-tool/Python/3.10.20/x64/lib/python3.10/site-packages/torch/build/lib/libtorchbind_test.so: cannot open shared object file: No such file or directory ; OSError: Could not load this library: /tmp/xpu-tool/Python/3.10.20/x64/lib/python3.10/site-packages/torch/build/lib/libtorchbind_test.so | XML |
| op_ut | third_party.torch-xpu-ops.test.xpu.test_fx_xpu.TestCommonPass | test_correctness_CSEPass_MutationInput_xpu | failed | RuntimeError: Tried to trace mutable operation aten::add_.Tensor(Tensor(a!) self, Tensor other, *, Scalar alpha=1) -> Tensor(a!). FX only supports functional code, so operations that mutate operands in-place (e.g. via `out` arguments) are not supported | XML |
| op_ut | third_party.torch-xpu-ops.test.xpu.test_fx_xpu.TestFX | test_ellipsis | failed | OSError: /tmp/xpu-tool/Python/3.10.20/x64/lib/python3.10/site-packages/torch/build/lib/libtorchbind_test.so: cannot open shared object file: No such file or directory ; OSError: Could not load this library: /tmp/xpu-tool/Python/3.10.20/x64/lib/python3.10/site-packages/torch/build/lib/libtorchbind_test.so | XML |
| op_ut | third_party.torch-xpu-ops.test.xpu.test_fx_xpu.TestFX | test_transformer_noop | failed | OSError: /tmp/xpu-tool/Python/3.10.20/x64/lib/python3.10/site-packages/torch/build/lib/libtorchbind_test.so: cannot open shared object file: No such file or directory ; OSError: Could not load this library: /tmp/xpu-tool/Python/3.10.20/x64/lib/python3.10/site-packages/torch/build/lib/libtorchbind_test.so | XML |
| op_ut | third_party.torch-xpu-ops.test.xpu.test_fx_xpu.TestFX | test_ast_rewriter_wrapped_via_decorator_and_transformed | failed | OSError: /tmp/xpu-tool/Python/3.10.20/x64/lib/python3.10/site-packages/torch/build/lib/libtorchbind_test.so: cannot open shared object file: No such file or directory ; OSError: Could not load this library: /tmp/xpu-tool/Python/3.10.20/x64/lib/python3.10/site-packages/torch/build/lib/libtorchbind_test.so | XML |
| op_ut | third_party.torch-xpu-ops.test.xpu.test_fx_xpu.TestFX | test_stack_traces | failed | OSError: /tmp/xpu-tool/Python/3.10.20/x64/lib/python3.10/site-packages/torch/build/lib/libtorchbind_test.so: cannot open shared object file: No such file or directory ; OSError: Could not load this library: /tmp/xpu-tool/Python/3.10.20/x64/lib/python3.10/site-packages/torch/build/lib/libtorchbind_test.so | XML |
| op_ut | third_party.torch-xpu-ops.test.xpu.test_fx_xpu.TestFX | test_stack_traces_with_transformer | failed | OSError: /tmp/xpu-tool/Python/3.10.20/x64/lib/python3.10/site-packages/torch/build/lib/libtorchbind_test.so: cannot open shared object file: No such file or directory ; OSError: Could not load this library: /tmp/xpu-tool/Python/3.10.20/x64/lib/python3.10/site-packages/torch/build/lib/libtorchbind_test.so | XML |
| op_ut | third_party.torch-xpu-ops.test.xpu.test_fx_xpu.TestFX | test_immutable_list_pytree_ops | failed | OSError: /tmp/xpu-tool/Python/3.10.20/x64/lib/python3.10/site-packages/torch/build/lib/libtorchbind_test.so: cannot open shared object file: No such file or directory ; OSError: Could not load this library: /tmp/xpu-tool/Python/3.10.20/x64/lib/python3.10/site-packages/torch/build/lib/libtorchbind_test.so | XML |
| op_ut | third_party.torch-xpu-ops.test.xpu.test_fx_xpu.TestFX | test_profiler_nested_graph_modules | failed | OSError: /tmp/xpu-tool/Python/3.10.20/x64/lib/python3.10/site-packages/torch/build/lib/libtorchbind_test.so: cannot open shared object file: No such file or directory ; OSError: Could not load this library: /tmp/xpu-tool/Python/3.10.20/x64/lib/python3.10/site-packages/torch/build/lib/libtorchbind_test.so | XML |
| op_ut | third_party.torch-xpu-ops.test.xpu.test_fx_xpu.TestCommonPass | test_correctness_CSEPass_MutationMetadata_cpu | failed | RuntimeError: Tried to trace mutable operation aten::resize_(Tensor(a!) self, SymInt[] size, *, MemoryFormat? memory_format=None) -> Tensor(a!). FX only supports functional code, so operations that mutate operands in-place (e.g. via `out` arguments) are not supported | XML |
| op_ut | third_party.torch-xpu-ops.test.xpu.test_fx_xpu.TestFX | test_multi_insert_point | failed | OSError: /tmp/xpu-tool/Python/3.10.20/x64/lib/python3.10/site-packages/torch/build/lib/libtorchbind_test.so: cannot open shared object file: No such file or directory ; OSError: Could not load this library: /tmp/xpu-tool/Python/3.10.20/x64/lib/python3.10/site-packages/torch/build/lib/libtorchbind_test.so | XML |
| op_ut | third_party.torch-xpu-ops.test.xpu.test_fx_xpu.TestFX | test_empty_graph_codegen | failed | OSError: /tmp/xpu-tool/Python/3.10.20/x64/lib/python3.10/site-packages/torch/build/lib/libtorchbind_test.so: cannot open shared object file: No such file or directory ; OSError: Could not load this library: /tmp/xpu-tool/Python/3.10.20/x64/lib/python3.10/site-packages/torch/build/lib/libtorchbind_test.so | XML |
| op_ut | third_party.torch-xpu-ops.test.xpu.test_fx_xpu.TestFX | test_transformer_op_swap | failed | OSError: /tmp/xpu-tool/Python/3.10.20/x64/lib/python3.10/site-packages/torch/build/lib/libtorchbind_test.so: cannot open shared object file: No such file or directory ; OSError: Could not load this library: /tmp/xpu-tool/Python/3.10.20/x64/lib/python3.10/site-packages/torch/build/lib/libtorchbind_test.so | XML |
| op_ut | third_party.torch-xpu-ops.test.xpu.test_fx_xpu.TestFX | test_autowrap_functions | failed | OSError: /tmp/xpu-tool/Python/3.10.20/x64/lib/python3.10/site-packages/torch/build/lib/libtorchbind_test.so: cannot open shared object file: No such file or directory ; OSError: Could not load this library: /tmp/xpu-tool/Python/3.10.20/x64/lib/python3.10/site-packages/torch/build/lib/libtorchbind_test.so | XML |
| op_ut | third_party.torch-xpu-ops.test.xpu.test_fx_xpu.TestFX | test_profiler_ranges_side_effect | failed | OSError: /tmp/xpu-tool/Python/3.10.20/x64/lib/python3.10/site-packages/torch/build/lib/libtorchbind_test.so: cannot open shared object file: No such file or directory ; OSError: Could not load this library: /tmp/xpu-tool/Python/3.10.20/x64/lib/python3.10/site-packages/torch/build/lib/libtorchbind_test.so | XML |
| op_ut | third_party.torch-xpu-ops.test.xpu.test_fx_xpu.TestFX | test_imul_code_print | failed | OSError: /tmp/xpu-tool/Python/3.10.20/x64/lib/python3.10/site-packages/torch/build/lib/libtorchbind_test.so: cannot open shared object file: No such file or directory ; OSError: Could not load this library: /tmp/xpu-tool/Python/3.10.20/x64/lib/python3.10/site-packages/torch/build/lib/libtorchbind_test.so | XML |
| op_ut | third_party.torch-xpu-ops.test.xpu.test_fx_xpu.TestFX | test_stack_traces_with_transformer | failed | OSError: /tmp/xpu-tool/Python/3.10.20/x64/lib/python3.10/site-packages/torch/build/lib/libtorchbind_test.so: cannot open shared object file: No such file or directory ; OSError: Could not load this library: /tmp/xpu-tool/Python/3.10.20/x64/lib/python3.10/site-packages/torch/build/lib/libtorchbind_test.so | XML |
| op_ut | third_party.torch-xpu-ops.test.xpu.test_fx_xpu.TestFX | test_multiple_default_args | failed | OSError: /tmp/xpu-tool/Python/3.10.20/x64/lib/python3.10/site-packages/torch/build/lib/libtorchbind_test.so: cannot open shared object file: No such file or directory ; OSError: Could not load this library: /tmp/xpu-tool/Python/3.10.20/x64/lib/python3.10/site-packages/torch/build/lib/libtorchbind_test.so | XML |
| op_ut | third_party.torch-xpu-ops.test.xpu.test_fx_xpu.TestCommonPass | test_correctness_CSEPass_MutationMetadata_xpu | failed | RuntimeError: Tried to trace mutable operation aten::resize_(Tensor(a!) self, SymInt[] size, *, MemoryFormat? memory_format=None) -> Tensor(a!). FX only supports functional code, so operations that mutate operands in-place (e.g. via `out` arguments) are not supported | XML |
| op_ut | third_party.torch-xpu-ops.test.xpu.test_fx_xpu.TestFX | test_enum | failed | OSError: /tmp/xpu-tool/Python/3.10.20/x64/lib/python3.10/site-packages/torch/build/lib/libtorchbind_test.so: cannot open shared object file: No such file or directory ; OSError: Could not load this library: /tmp/xpu-tool/Python/3.10.20/x64/lib/python3.10/site-packages/torch/build/lib/libtorchbind_test.so | XML |
| op_ut | third_party.torch-xpu-ops.test.xpu.test_fx_xpu.TestFX | test_transformer_preserves_nn_module_stack_for_get_attr | failed | OSError: /tmp/xpu-tool/Python/3.10.20/x64/lib/python3.10/site-packages/torch/build/lib/libtorchbind_test.so: cannot open shared object file: No such file or directory ; OSError: Could not load this library: /tmp/xpu-tool/Python/3.10.20/x64/lib/python3.10/site-packages/torch/build/lib/libtorchbind_test.so | XML |
| op_ut | third_party.torch-xpu-ops.test.xpu.test_fx_xpu.TestFX | test_concrete_arg_none_assert | failed | OSError: /tmp/xpu-tool/Python/3.10.20/x64/lib/python3.10/site-packages/torch/build/lib/libtorchbind_test.so: cannot open shared object file: No such file or directory ; OSError: Could not load this library: /tmp/xpu-tool/Python/3.10.20/x64/lib/python3.10/site-packages/torch/build/lib/libtorchbind_test.so | XML |
| op_ut | third_party.torch-xpu-ops.test.xpu.test_fx_xpu.TestFX | test_string_literal_return | failed | OSError: /tmp/xpu-tool/Python/3.10.20/x64/lib/python3.10/site-packages/torch/build/lib/libtorchbind_test.so: cannot open shared object file: No such file or directory ; OSError: Could not load this library: /tmp/xpu-tool/Python/3.10.20/x64/lib/python3.10/site-packages/torch/build/lib/libtorchbind_test.so | XML |
| op_ut | third_party.torch-xpu-ops.test.xpu.test_fx_xpu.TestFX | test_profiler_stack_trace_augmentation | failed | OSError: /tmp/xpu-tool/Python/3.10.20/x64/lib/python3.10/site-packages/torch/build/lib/libtorchbind_test.so: cannot open shared object file: No such file or directory ; OSError: Could not load this library: /tmp/xpu-tool/Python/3.10.20/x64/lib/python3.10/site-packages/torch/build/lib/libtorchbind_test.so | XML |
| op_ut | third_party.torch-xpu-ops.test.xpu.test_fx_xpu.TestFX | test_inf_nan | failed | OSError: /tmp/xpu-tool/Python/3.10.20/x64/lib/python3.10/site-packages/torch/build/lib/libtorchbind_test.so: cannot open shared object file: No such file or directory ; OSError: Could not load this library: /tmp/xpu-tool/Python/3.10.20/x64/lib/python3.10/site-packages/torch/build/lib/libtorchbind_test.so | XML |
| op_ut | third_party.torch-xpu-ops.test.xpu.test_fx_xpu.TestFX | test_inf_nan_kwds | failed | OSError: /tmp/xpu-tool/Python/3.10.20/x64/lib/python3.10/site-packages/torch/build/lib/libtorchbind_test.so: cannot open shared object file: No such file or directory ; OSError: Could not load this library: /tmp/xpu-tool/Python/3.10.20/x64/lib/python3.10/site-packages/torch/build/lib/libtorchbind_test.so | XML |
| op_ut | third_party.torch-xpu-ops.test.xpu.test_fx_xpu.TestFX | test_named_tuple_inlined | failed | OSError: /tmp/xpu-tool/Python/3.10.20/x64/lib/python3.10/site-packages/torch/build/lib/libtorchbind_test.so: cannot open shared object file: No such file or directory ; OSError: Could not load this library: /tmp/xpu-tool/Python/3.10.20/x64/lib/python3.10/site-packages/torch/build/lib/libtorchbind_test.so | XML |
| op_ut | third_party.torch-xpu-ops.test.xpu.test_fx_xpu.TestCommonPass | test_correctness_CSEPass_MutationTorchTensorCall_cpu | failed | RuntimeError: Tried to trace mutable operation aten::add_.Tensor(Tensor(a!) self, Tensor other, *, Scalar alpha=1) -> Tensor(a!). FX only supports functional code, so operations that mutate operands in-place (e.g. via `out` arguments) are not supported | XML |
| op_ut | third_party.torch-xpu-ops.test.xpu.test_fx_xpu.TestFX | test_erase_node_error | failed | OSError: /tmp/xpu-tool/Python/3.10.20/x64/lib/python3.10/site-packages/torch/build/lib/libtorchbind_test.so: cannot open shared object file: No such file or directory ; OSError: Could not load this library: /tmp/xpu-tool/Python/3.10.20/x64/lib/python3.10/site-packages/torch/build/lib/libtorchbind_test.so | XML |
| op_ut | third_party.torch-xpu-ops.test.xpu.test_fx_xpu.TestFX | test_tuple_no_subscript | failed | OSError: /tmp/xpu-tool/Python/3.10.20/x64/lib/python3.10/site-packages/torch/build/lib/libtorchbind_test.so: cannot open shared object file: No such file or directory ; OSError: Could not load this library: /tmp/xpu-tool/Python/3.10.20/x64/lib/python3.10/site-packages/torch/build/lib/libtorchbind_test.so | XML |
| op_ut | third_party.torch-xpu-ops.test.xpu.test_fx_xpu.TestFX | test_submodule_manipulation_API | failed | OSError: /tmp/xpu-tool/Python/3.10.20/x64/lib/python3.10/site-packages/torch/build/lib/libtorchbind_test.so: cannot open shared object file: No such file or directory ; OSError: Could not load this library: /tmp/xpu-tool/Python/3.10.20/x64/lib/python3.10/site-packages/torch/build/lib/libtorchbind_test.so | XML |
| op_ut | third_party.torch-xpu-ops.test.xpu.test_fx_xpu.TestFX | test_proxy_deepcopy_with_tracer | failed | OSError: /tmp/xpu-tool/Python/3.10.20/x64/lib/python3.10/site-packages/torch/build/lib/libtorchbind_test.so: cannot open shared object file: No such file or directory ; OSError: Could not load this library: /tmp/xpu-tool/Python/3.10.20/x64/lib/python3.10/site-packages/torch/build/lib/libtorchbind_test.so | XML |
| op_ut | third_party.torch-xpu-ops.test.xpu.test_fx_xpu.TestFX | test_namedtuple_return_qualname | failed | OSError: /tmp/xpu-tool/Python/3.10.20/x64/lib/python3.10/site-packages/torch/build/lib/libtorchbind_test.so: cannot open shared object file: No such file or directory ; OSError: Could not load this library: /tmp/xpu-tool/Python/3.10.20/x64/lib/python3.10/site-packages/torch/build/lib/libtorchbind_test.so | XML |
| op_ut | third_party.torch-xpu-ops.test.xpu.test_fx_xpu.TestFX | test_inf_nan_kwds | failed | OSError: /tmp/xpu-tool/Python/3.10.20/x64/lib/python3.10/site-packages/torch/build/lib/libtorchbind_test.so: cannot open shared object file: No such file or directory ; OSError: Could not load this library: /tmp/xpu-tool/Python/3.10.20/x64/lib/python3.10/site-packages/torch/build/lib/libtorchbind_test.so | XML |
| op_ut | third_party.torch-xpu-ops.test.xpu.test_fx_xpu.TestCommonPass | test_correctness_CSEPass_MutationTorchTensorCall_xpu | failed | RuntimeError: Tried to trace mutable operation aten::add_.Tensor(Tensor(a!) self, Tensor other, *, Scalar alpha=1) -> Tensor(a!). FX only supports functional code, so operations that mutate operands in-place (e.g. via `out` arguments) are not supported | XML |
| op_ut | third_party.torch-xpu-ops.test.xpu.test_fx_xpu.TestFX | test_construct_root_dict | failed | OSError: /tmp/xpu-tool/Python/3.10.20/x64/lib/python3.10/site-packages/torch/build/lib/libtorchbind_test.so: cannot open shared object file: No such file or directory ; OSError: Could not load this library: /tmp/xpu-tool/Python/3.10.20/x64/lib/python3.10/site-packages/torch/build/lib/libtorchbind_test.so | XML |
| op_ut | third_party.torch-xpu-ops.test.xpu.test_fx_xpu.TestFX | test_example_shape_prop | failed | OSError: /tmp/xpu-tool/Python/3.10.20/x64/lib/python3.10/site-packages/torch/build/lib/libtorchbind_test.so: cannot open shared object file: No such file or directory ; OSError: Could not load this library: /tmp/xpu-tool/Python/3.10.20/x64/lib/python3.10/site-packages/torch/build/lib/libtorchbind_test.so | XML |
| op_ut | third_party.torch-xpu-ops.test.xpu.test_fx_xpu.TestFX | test_typename_print | failed | OSError: /tmp/xpu-tool/Python/3.10.20/x64/lib/python3.10/site-packages/torch/build/lib/libtorchbind_test.so: cannot open shared object file: No such file or directory ; OSError: Could not load this library: /tmp/xpu-tool/Python/3.10.20/x64/lib/python3.10/site-packages/torch/build/lib/libtorchbind_test.so | XML |
| op_ut | third_party.torch-xpu-ops.test.xpu.test_fx_xpu.TestFX | test_typename_print_pre_pep585 | failed | OSError: /tmp/xpu-tool/Python/3.10.20/x64/lib/python3.10/site-packages/torch/build/lib/libtorchbind_test.so: cannot open shared object file: No such file or directory ; OSError: Could not load this library: /tmp/xpu-tool/Python/3.10.20/x64/lib/python3.10/site-packages/torch/build/lib/libtorchbind_test.so | XML |
| op_ut | third_party.torch-xpu-ops.test.xpu.test_fx_xpu.TestFX | test_typename_print_union | failed | OSError: /tmp/xpu-tool/Python/3.10.20/x64/lib/python3.10/site-packages/torch/build/lib/libtorchbind_test.so: cannot open shared object file: No such file or directory ; OSError: Could not load this library: /tmp/xpu-tool/Python/3.10.20/x64/lib/python3.10/site-packages/torch/build/lib/libtorchbind_test.so | XML |
| op_ut | third_party.torch-xpu-ops.test.xpu.test_fx_xpu.TestFX | test_namedtuple_return_trace | failed | OSError: /tmp/xpu-tool/Python/3.10.20/x64/lib/python3.10/site-packages/torch/build/lib/libtorchbind_test.so: cannot open shared object file: No such file or directory ; OSError: Could not load this library: /tmp/xpu-tool/Python/3.10.20/x64/lib/python3.10/site-packages/torch/build/lib/libtorchbind_test.so | XML |
| op_ut | third_party.torch-xpu-ops.test.xpu.test_fx_xpu.TestFX | test_informative_co_filename | failed | OSError: /tmp/xpu-tool/Python/3.10.20/x64/lib/python3.10/site-packages/torch/build/lib/libtorchbind_test.so: cannot open shared object file: No such file or directory ; OSError: Could not load this library: /tmp/xpu-tool/Python/3.10.20/x64/lib/python3.10/site-packages/torch/build/lib/libtorchbind_test.so | XML |
| op_ut | third_party.torch-xpu-ops.test.xpu.test_fx_xpu.TestFX | test_symbolic_trace_assert | failed | OSError: /tmp/xpu-tool/Python/3.10.20/x64/lib/python3.10/site-packages/torch/build/lib/libtorchbind_test.so: cannot open shared object file: No such file or directory ; OSError: Could not load this library: /tmp/xpu-tool/Python/3.10.20/x64/lib/python3.10/site-packages/torch/build/lib/libtorchbind_test.so | XML |
| op_ut | third_party.torch-xpu-ops.test.xpu.test_fx_xpu.TestCommonPass | test_correctness_CSEPass_Mutation_cpu | failed | RuntimeError: Tried to trace mutable operation aten::add_.Tensor(Tensor(a!) self, Tensor other, *, Scalar alpha=1) -> Tensor(a!). FX only supports functional code, so operations that mutate operands in-place (e.g. via `out` arguments) are not supported | XML |
| op_ut | third_party.torch-xpu-ops.test.xpu.test_fx_xpu.TestFX | test_proxy_deepcopy_without_tracer | failed | OSError: /tmp/xpu-tool/Python/3.10.20/x64/lib/python3.10/site-packages/torch/build/lib/libtorchbind_test.so: cannot open shared object file: No such file or directory ; OSError: Could not load this library: /tmp/xpu-tool/Python/3.10.20/x64/lib/python3.10/site-packages/torch/build/lib/libtorchbind_test.so | XML |
| op_ut | third_party.torch-xpu-ops.test.xpu.test_fx_xpu.TestFX | test_control_flow_tracing | failed | OSError: /tmp/xpu-tool/Python/3.10.20/x64/lib/python3.10/site-packages/torch/build/lib/libtorchbind_test.so: cannot open shared object file: No such file or directory ; OSError: Could not load this library: /tmp/xpu-tool/Python/3.10.20/x64/lib/python3.10/site-packages/torch/build/lib/libtorchbind_test.so | XML |
| op_ut | third_party.torch-xpu-ops.test.xpu.test_fx_xpu.TestFX | test_find_uses | failed | OSError: /tmp/xpu-tool/Python/3.10.20/x64/lib/python3.10/site-packages/torch/build/lib/libtorchbind_test.so: cannot open shared object file: No such file or directory ; OSError: Could not load this library: /tmp/xpu-tool/Python/3.10.20/x64/lib/python3.10/site-packages/torch/build/lib/libtorchbind_test.so | XML |
| op_ut | third_party.torch-xpu-ops.test.xpu.test_fx_xpu.TestFX | test_typename_print_pre_pep585 | failed | OSError: /tmp/xpu-tool/Python/3.10.20/x64/lib/python3.10/site-packages/torch/build/lib/libtorchbind_test.so: cannot open shared object file: No such file or directory ; OSError: Could not load this library: /tmp/xpu-tool/Python/3.10.20/x64/lib/python3.10/site-packages/torch/build/lib/libtorchbind_test.so | XML |
| op_ut | third_party.torch-xpu-ops.test.xpu.test_fx_xpu.TestFX | test_symbolic_trace_sequential | failed | OSError: /tmp/xpu-tool/Python/3.10.20/x64/lib/python3.10/site-packages/torch/build/lib/libtorchbind_test.so: cannot open shared object file: No such file or directory ; OSError: Could not load this library: /tmp/xpu-tool/Python/3.10.20/x64/lib/python3.10/site-packages/torch/build/lib/libtorchbind_test.so | XML |
| op_ut | third_party.torch-xpu-ops.test.xpu.test_fx_xpu.TestFX | test_inline_graph | failed | OSError: /tmp/xpu-tool/Python/3.10.20/x64/lib/python3.10/site-packages/torch/build/lib/libtorchbind_test.so: cannot open shared object file: No such file or directory ; OSError: Could not load this library: /tmp/xpu-tool/Python/3.10.20/x64/lib/python3.10/site-packages/torch/build/lib/libtorchbind_test.so | XML |
| op_ut | third_party.torch-xpu-ops.test.xpu.test_fx_xpu.TestFX | test_native_callable | failed | OSError: /tmp/xpu-tool/Python/3.10.20/x64/lib/python3.10/site-packages/torch/build/lib/libtorchbind_test.so: cannot open shared object file: No such file or directory ; OSError: Could not load this library: /tmp/xpu-tool/Python/3.10.20/x64/lib/python3.10/site-packages/torch/build/lib/libtorchbind_test.so | XML |
| op_ut | third_party.torch-xpu-ops.test.xpu.export.test_serialize_xpu.TestDeserialize | test_pytree_namedtuple | failed | OSError: /tmp/xpu-tool/Python/3.10.20/x64/lib/python3.10/site-packages/torch/build/lib/libtorchbind_test.so: cannot open shared object file: No such file or directory ; OSError: Could not load this library: /tmp/xpu-tool/Python/3.10.20/x64/lib/python3.10/site-packages/torch/build/lib/libtorchbind_test.so | XML |
| op_ut | third_party.torch-xpu-ops.test.xpu.test_fx_xpu.TestFX | test_pytree | failed | OSError: /tmp/xpu-tool/Python/3.10.20/x64/lib/python3.10/site-packages/torch/build/lib/libtorchbind_test.so: cannot open shared object file: No such file or directory ; OSError: Could not load this library: /tmp/xpu-tool/Python/3.10.20/x64/lib/python3.10/site-packages/torch/build/lib/libtorchbind_test.so | XML |
| op_ut | third_party.torch-xpu-ops.test.xpu.test_fx_xpu.TestFX | test_pytree_concrete | failed | OSError: /tmp/xpu-tool/Python/3.10.20/x64/lib/python3.10/site-packages/torch/build/lib/libtorchbind_test.so: cannot open shared object file: No such file or directory ; OSError: Could not load this library: /tmp/xpu-tool/Python/3.10.20/x64/lib/python3.10/site-packages/torch/build/lib/libtorchbind_test.so | XML |
| op_ut | third_party.torch-xpu-ops.test.xpu.test_fx_xpu.TestFX | test_fn_type_annotation_empty | failed | OSError: /tmp/xpu-tool/Python/3.10.20/x64/lib/python3.10/site-packages/torch/build/lib/libtorchbind_test.so: cannot open shared object file: No such file or directory ; OSError: Could not load this library: /tmp/xpu-tool/Python/3.10.20/x64/lib/python3.10/site-packages/torch/build/lib/libtorchbind_test.so | XML |
| op_ut | third_party.torch-xpu-ops.test.xpu.test_fx_xpu.TestFX | test_copy_it | failed | OSError: /tmp/xpu-tool/Python/3.10.20/x64/lib/python3.10/site-packages/torch/build/lib/libtorchbind_test.so: cannot open shared object file: No such file or directory ; OSError: Could not load this library: /tmp/xpu-tool/Python/3.10.20/x64/lib/python3.10/site-packages/torch/build/lib/libtorchbind_test.so | XML |
| op_ut | third_party.torch-xpu-ops.test.xpu.test_fx_xpu.TestFX | test_typename_print_union | failed | OSError: /tmp/xpu-tool/Python/3.10.20/x64/lib/python3.10/site-packages/torch/build/lib/libtorchbind_test.so: cannot open shared object file: No such file or directory ; OSError: Could not load this library: /tmp/xpu-tool/Python/3.10.20/x64/lib/python3.10/site-packages/torch/build/lib/libtorchbind_test.so | XML |
| op_ut | third_party.torch-xpu-ops.test.xpu.test_fx_xpu.TestFX | test_tensor_attribute | failed | OSError: /tmp/xpu-tool/Python/3.10.20/x64/lib/python3.10/site-packages/torch/build/lib/libtorchbind_test.so: cannot open shared object file: No such file or directory ; OSError: Could not load this library: /tmp/xpu-tool/Python/3.10.20/x64/lib/python3.10/site-packages/torch/build/lib/libtorchbind_test.so | XML |
| op_ut | third_party.torch-xpu-ops.test.xpu.test_fx_xpu.TestFX | test_tensor_attribute_coalseced | failed | OSError: /tmp/xpu-tool/Python/3.10.20/x64/lib/python3.10/site-packages/torch/build/lib/libtorchbind_test.so: cannot open shared object file: No such file or directory ; OSError: Could not load this library: /tmp/xpu-tool/Python/3.10.20/x64/lib/python3.10/site-packages/torch/build/lib/libtorchbind_test.so | XML |
| op_ut | third_party.torch-xpu-ops.test.xpu.test_fx_xpu.TestFX | test_insert_arg | failed | OSError: /tmp/xpu-tool/Python/3.10.20/x64/lib/python3.10/site-packages/torch/build/lib/libtorchbind_test.so: cannot open shared object file: No such file or directory ; OSError: Could not load this library: /tmp/xpu-tool/Python/3.10.20/x64/lib/python3.10/site-packages/torch/build/lib/libtorchbind_test.so | XML |
| op_ut | third_party.torch-xpu-ops.test.xpu.test_fx_xpu.TestFX | test_nn_module_stack | failed | OSError: /tmp/xpu-tool/Python/3.10.20/x64/lib/python3.10/site-packages/torch/build/lib/libtorchbind_test.so: cannot open shared object file: No such file or directory ; OSError: Could not load this library: /tmp/xpu-tool/Python/3.10.20/x64/lib/python3.10/site-packages/torch/build/lib/libtorchbind_test.so | XML |
| op_ut | third_party.torch-xpu-ops.test.xpu.test_fx_xpu.TestFX | test_pytree_concrete | failed | OSError: /tmp/xpu-tool/Python/3.10.20/x64/lib/python3.10/site-packages/torch/build/lib/libtorchbind_test.so: cannot open shared object file: No such file or directory ; OSError: Could not load this library: /tmp/xpu-tool/Python/3.10.20/x64/lib/python3.10/site-packages/torch/build/lib/libtorchbind_test.so | XML |
| op_ut | third_party.torch-xpu-ops.test.xpu.test_fx_xpu.TestFX | test_fn_type_annotations | failed | OSError: /tmp/xpu-tool/Python/3.10.20/x64/lib/python3.10/site-packages/torch/build/lib/libtorchbind_test.so: cannot open shared object file: No such file or directory ; OSError: Could not load this library: /tmp/xpu-tool/Python/3.10.20/x64/lib/python3.10/site-packages/torch/build/lib/libtorchbind_test.so | XML |
| op_ut | third_party.torch-xpu-ops.test.xpu.test_fx_xpu.TestFX | test_copy_no_remap | failed | OSError: /tmp/xpu-tool/Python/3.10.20/x64/lib/python3.10/site-packages/torch/build/lib/libtorchbind_test.so: cannot open shared object file: No such file or directory ; OSError: Could not load this library: /tmp/xpu-tool/Python/3.10.20/x64/lib/python3.10/site-packages/torch/build/lib/libtorchbind_test.so | XML |
| op_ut | third_party.torch-xpu-ops.test.xpu.test_fx_xpu.TestFX | test_unpack | failed | OSError: /tmp/xpu-tool/Python/3.10.20/x64/lib/python3.10/site-packages/torch/build/lib/libtorchbind_test.so: cannot open shared object file: No such file or directory ; OSError: Could not load this library: /tmp/xpu-tool/Python/3.10.20/x64/lib/python3.10/site-packages/torch/build/lib/libtorchbind_test.so | XML |
| op_ut | third_party.torch-xpu-ops.test.xpu.test_fx_xpu.TestFX | test_unpack_dict_better_error | failed | OSError: /tmp/xpu-tool/Python/3.10.20/x64/lib/python3.10/site-packages/torch/build/lib/libtorchbind_test.so: cannot open shared object file: No such file or directory ; OSError: Could not load this library: /tmp/xpu-tool/Python/3.10.20/x64/lib/python3.10/site-packages/torch/build/lib/libtorchbind_test.so | XML |
| op_ut | third_party.torch-xpu-ops.test.xpu.test_fx_xpu.TestFX | test_unpack_list_better_error | failed | OSError: /tmp/xpu-tool/Python/3.10.20/x64/lib/python3.10/site-packages/torch/build/lib/libtorchbind_test.so: cannot open shared object file: No such file or directory ; OSError: Could not load this library: /tmp/xpu-tool/Python/3.10.20/x64/lib/python3.10/site-packages/torch/build/lib/libtorchbind_test.so | XML |
| op_ut | third_party.torch-xpu-ops.test.xpu.test_fx_xpu.TestCommonPass | test_correctness_CSEPass_Mutation_xpu | failed | RuntimeError: Tried to trace mutable operation aten::add_.Tensor(Tensor(a!) self, Tensor other, *, Scalar alpha=1) -> Tensor(a!). FX only supports functional code, so operations that mutate operands in-place (e.g. via `out` arguments) are not supported | XML |
| op_ut | third_party.torch-xpu-ops.test.xpu.test_fx_xpu.TestFX | test_insertion_point | failed | OSError: /tmp/xpu-tool/Python/3.10.20/x64/lib/python3.10/site-packages/torch/build/lib/libtorchbind_test.so: cannot open shared object file: No such file or directory ; OSError: Could not load this library: /tmp/xpu-tool/Python/3.10.20/x64/lib/python3.10/site-packages/torch/build/lib/libtorchbind_test.so | XML |
| op_ut | third_party.torch-xpu-ops.test.xpu.test_fx_xpu.TestFX | test_tensor_attribute_coalseced | failed | OSError: /tmp/xpu-tool/Python/3.10.20/x64/lib/python3.10/site-packages/torch/build/lib/libtorchbind_test.so: cannot open shared object file: No such file or directory ; OSError: Could not load this library: /tmp/xpu-tool/Python/3.10.20/x64/lib/python3.10/site-packages/torch/build/lib/libtorchbind_test.so | XML |
| op_ut | third_party.torch-xpu-ops.test.xpu.test_fx_xpu.TestFX | test_no_mutation | failed | OSError: /tmp/xpu-tool/Python/3.10.20/x64/lib/python3.10/site-packages/torch/build/lib/libtorchbind_test.so: cannot open shared object file: No such file or directory ; OSError: Could not load this library: /tmp/xpu-tool/Python/3.10.20/x64/lib/python3.10/site-packages/torch/build/lib/libtorchbind_test.so | XML |
| op_ut | third_party.torch-xpu-ops.test.xpu.test_fx_xpu.TestFX | test_reassign_args_kwargs_uses | failed | OSError: /tmp/xpu-tool/Python/3.10.20/x64/lib/python3.10/site-packages/torch/build/lib/libtorchbind_test.so: cannot open shared object file: No such file or directory ; OSError: Could not load this library: /tmp/xpu-tool/Python/3.10.20/x64/lib/python3.10/site-packages/torch/build/lib/libtorchbind_test.so | XML |
| op_ut | third_party.torch-xpu-ops.test.xpu.test_fx_xpu.TestFX | test_fx_and_or | failed | OSError: /tmp/xpu-tool/Python/3.10.20/x64/lib/python3.10/site-packages/torch/build/lib/libtorchbind_test.so: cannot open shared object file: No such file or directory ; OSError: Could not load this library: /tmp/xpu-tool/Python/3.10.20/x64/lib/python3.10/site-packages/torch/build/lib/libtorchbind_test.so | XML |
| op_ut | third_party.torch-xpu-ops.test.xpu.test_fx_xpu.TestFX | test_ctx_mgr | failed | OSError: /tmp/xpu-tool/Python/3.10.20/x64/lib/python3.10/site-packages/torch/build/lib/libtorchbind_test.so: cannot open shared object file: No such file or directory ; OSError: Could not load this library: /tmp/xpu-tool/Python/3.10.20/x64/lib/python3.10/site-packages/torch/build/lib/libtorchbind_test.so | XML |
| op_ut | third_party.torch-xpu-ops.test.xpu.test_fx_xpu.TestFX | test_unpack_dict_better_error | failed | OSError: /tmp/xpu-tool/Python/3.10.20/x64/lib/python3.10/site-packages/torch/build/lib/libtorchbind_test.so: cannot open shared object file: No such file or directory ; OSError: Could not load this library: /tmp/xpu-tool/Python/3.10.20/x64/lib/python3.10/site-packages/torch/build/lib/libtorchbind_test.so | XML |
| op_ut | third_party.torch-xpu-ops.test.xpu.test_fx_xpu.TestFX | test_tensor_constant | failed | OSError: /tmp/xpu-tool/Python/3.10.20/x64/lib/python3.10/site-packages/torch/build/lib/libtorchbind_test.so: cannot open shared object file: No such file or directory ; OSError: Could not load this library: /tmp/xpu-tool/Python/3.10.20/x64/lib/python3.10/site-packages/torch/build/lib/libtorchbind_test.so | XML |
| op_ut | third_party.torch-xpu-ops.test.xpu.test_fx_xpu.TestFX | test_node_pickle_type_preservation | failed | OSError: /tmp/xpu-tool/Python/3.10.20/x64/lib/python3.10/site-packages/torch/build/lib/libtorchbind_test.so: cannot open shared object file: No such file or directory ; OSError: Could not load this library: /tmp/xpu-tool/Python/3.10.20/x64/lib/python3.10/site-packages/torch/build/lib/libtorchbind_test.so | XML |
| op_ut | third_party.torch-xpu-ops.test.xpu.test_fx_xpu.TestFX | test_interpreter_gc_values | failed | OSError: /tmp/xpu-tool/Python/3.10.20/x64/lib/python3.10/site-packages/torch/build/lib/libtorchbind_test.so: cannot open shared object file: No such file or directory ; OSError: Could not load this library: /tmp/xpu-tool/Python/3.10.20/x64/lib/python3.10/site-packages/torch/build/lib/libtorchbind_test.so | XML |
| op_ut | third_party.torch-xpu-ops.test.xpu.test_fx_xpu.TestFX | test_interpreter_noop_resnet18 | failed | OSError: /tmp/xpu-tool/Python/3.10.20/x64/lib/python3.10/site-packages/torch/build/lib/libtorchbind_test.so: cannot open shared object file: No such file or directory ; OSError: Could not load this library: /tmp/xpu-tool/Python/3.10.20/x64/lib/python3.10/site-packages/torch/build/lib/libtorchbind_test.so | XML |
| op_ut | third_party.torch-xpu-ops.test.xpu.test_fx_xpu.TestFX | test_interpreter_not_enough_args | failed | OSError: /tmp/xpu-tool/Python/3.10.20/x64/lib/python3.10/site-packages/torch/build/lib/libtorchbind_test.so: cannot open shared object file: No such file or directory ; OSError: Could not load this library: /tmp/xpu-tool/Python/3.10.20/x64/lib/python3.10/site-packages/torch/build/lib/libtorchbind_test.so | XML |
| op_ut | third_party.torch-xpu-ops.test.xpu.test_fx_xpu.TestFX | test_interpreter_onthefly_swap | failed | OSError: /tmp/xpu-tool/Python/3.10.20/x64/lib/python3.10/site-packages/torch/build/lib/libtorchbind_test.so: cannot open shared object file: No such file or directory ; OSError: Could not load this library: /tmp/xpu-tool/Python/3.10.20/x64/lib/python3.10/site-packages/torch/build/lib/libtorchbind_test.so | XML |
| op_ut | third_party.torch-xpu-ops.test.xpu.test_fx_xpu.TestFX | test_interpreter_other_graph | failed | OSError: /tmp/xpu-tool/Python/3.10.20/x64/lib/python3.10/site-packages/torch/build/lib/libtorchbind_test.so: cannot open shared object file: No such file or directory ; OSError: Could not load this library: /tmp/xpu-tool/Python/3.10.20/x64/lib/python3.10/site-packages/torch/build/lib/libtorchbind_test.so | XML |
| op_ut | third_party.torch-xpu-ops.test.xpu.test_fx_xpu.TestFX | test_interpreter_partial_eval | failed | OSError: /tmp/xpu-tool/Python/3.10.20/x64/lib/python3.10/site-packages/torch/build/lib/libtorchbind_test.so: cannot open shared object file: No such file or directory ; OSError: Could not load this library: /tmp/xpu-tool/Python/3.10.20/x64/lib/python3.10/site-packages/torch/build/lib/libtorchbind_test.so | XML |
| op_ut | third_party.torch-xpu-ops.test.xpu.test_fx_xpu.TestFX | test_interpreter_run_node_override | failed | OSError: /tmp/xpu-tool/Python/3.10.20/x64/lib/python3.10/site-packages/torch/build/lib/libtorchbind_test.so: cannot open shared object file: No such file or directory ; OSError: Could not load this library: /tmp/xpu-tool/Python/3.10.20/x64/lib/python3.10/site-packages/torch/build/lib/libtorchbind_test.so | XML |
| op_ut | third_party.torch-xpu-ops.test.xpu.test_fx_xpu.TestFX | test_interpreter_star_args | failed | OSError: /tmp/xpu-tool/Python/3.10.20/x64/lib/python3.10/site-packages/torch/build/lib/libtorchbind_test.so: cannot open shared object file: No such file or directory ; OSError: Could not load this library: /tmp/xpu-tool/Python/3.10.20/x64/lib/python3.10/site-packages/torch/build/lib/libtorchbind_test.so | XML |
| op_ut | third_party.torch-xpu-ops.test.xpu.test_fx_xpu.TestFX | test_interpreter_with_codegen | failed | OSError: /tmp/xpu-tool/Python/3.10.20/x64/lib/python3.10/site-packages/torch/build/lib/libtorchbind_test.so: cannot open shared object file: No such file or directory ; OSError: Could not load this library: /tmp/xpu-tool/Python/3.10.20/x64/lib/python3.10/site-packages/torch/build/lib/libtorchbind_test.so | XML |
| op_ut | third_party.torch-xpu-ops.test.xpu.test_fx_xpu.TestFX | test_interpreter | failed | OSError: /tmp/xpu-tool/Python/3.10.20/x64/lib/python3.10/site-packages/torch/build/lib/libtorchbind_test.so: cannot open shared object file: No such file or directory ; OSError: Could not load this library: /tmp/xpu-tool/Python/3.10.20/x64/lib/python3.10/site-packages/torch/build/lib/libtorchbind_test.so | XML |
| op_ut | third_party.torch-xpu-ops.test.xpu.test_fx_xpu.TestFX | test_interpreter_boxed_run_argument_validation | failed | OSError: /tmp/xpu-tool/Python/3.10.20/x64/lib/python3.10/site-packages/torch/build/lib/libtorchbind_test.so: cannot open shared object file: No such file or directory ; OSError: Could not load this library: /tmp/xpu-tool/Python/3.10.20/x64/lib/python3.10/site-packages/torch/build/lib/libtorchbind_test.so | XML |
| op_ut | third_party.torch-xpu-ops.test.xpu.test_fx_xpu.TestFX | test_interpreter_default_args | failed | OSError: /tmp/xpu-tool/Python/3.10.20/x64/lib/python3.10/site-packages/torch/build/lib/libtorchbind_test.so: cannot open shared object file: No such file or directory ; OSError: Could not load this library: /tmp/xpu-tool/Python/3.10.20/x64/lib/python3.10/site-packages/torch/build/lib/libtorchbind_test.so | XML |
| op_ut | third_party.torch-xpu-ops.test.xpu.test_fx_xpu.TestFX | test_regular_and_default_args | failed | OSError: /tmp/xpu-tool/Python/3.10.20/x64/lib/python3.10/site-packages/torch/build/lib/libtorchbind_test.so: cannot open shared object file: No such file or directory ; OSError: Could not load this library: /tmp/xpu-tool/Python/3.10.20/x64/lib/python3.10/site-packages/torch/build/lib/libtorchbind_test.so | XML |
| op_ut | third_party.torch-xpu-ops.test.xpu.test_fx_xpu.TestFX | test_custom_codegen | failed | OSError: /tmp/xpu-tool/Python/3.10.20/x64/lib/python3.10/site-packages/torch/build/lib/libtorchbind_test.so: cannot open shared object file: No such file or directory ; OSError: Could not load this library: /tmp/xpu-tool/Python/3.10.20/x64/lib/python3.10/site-packages/torch/build/lib/libtorchbind_test.so | XML |
| op_ut | third_party.torch-xpu-ops.test.xpu.test_fx_xpu.TestFX | test_custom_codegen_with_transformer | failed | OSError: /tmp/xpu-tool/Python/3.10.20/x64/lib/python3.10/site-packages/torch/build/lib/libtorchbind_test.so: cannot open shared object file: No such file or directory ; OSError: Could not load this library: /tmp/xpu-tool/Python/3.10.20/x64/lib/python3.10/site-packages/torch/build/lib/libtorchbind_test.so | XML |
| op_ut | third_party.torch-xpu-ops.test.xpu.test_fx_xpu.TestFX | test_unpack_list_better_error | failed | OSError: /tmp/xpu-tool/Python/3.10.20/x64/lib/python3.10/site-packages/torch/build/lib/libtorchbind_test.so: cannot open shared object file: No such file or directory ; OSError: Could not load this library: /tmp/xpu-tool/Python/3.10.20/x64/lib/python3.10/site-packages/torch/build/lib/libtorchbind_test.so | XML |
| op_ut | third_party.torch-xpu-ops.test.xpu.test_fx_xpu.TestFX | test_interpreter_boxed_run_argument_validation | failed | OSError: /tmp/xpu-tool/Python/3.10.20/x64/lib/python3.10/site-packages/torch/build/lib/libtorchbind_test.so: cannot open shared object file: No such file or directory ; OSError: Could not load this library: /tmp/xpu-tool/Python/3.10.20/x64/lib/python3.10/site-packages/torch/build/lib/libtorchbind_test.so | XML |
| op_ut | third_party.torch-xpu-ops.test.xpu.test_fx_xpu.TestFX | test_node_tagging | failed | OSError: /tmp/xpu-tool/Python/3.10.20/x64/lib/python3.10/site-packages/torch/build/lib/libtorchbind_test.so: cannot open shared object file: No such file or directory ; OSError: Could not load this library: /tmp/xpu-tool/Python/3.10.20/x64/lib/python3.10/site-packages/torch/build/lib/libtorchbind_test.so | XML |
| op_ut | third_party.torch-xpu-ops.test.xpu.test_fx_xpu.TestFX | test_throw_out_variant | failed | OSError: /tmp/xpu-tool/Python/3.10.20/x64/lib/python3.10/site-packages/torch/build/lib/libtorchbind_test.so: cannot open shared object file: No such file or directory ; OSError: Could not load this library: /tmp/xpu-tool/Python/3.10.20/x64/lib/python3.10/site-packages/torch/build/lib/libtorchbind_test.so | XML |
| op_ut | third_party.torch-xpu-ops.test.xpu.test_fx_xpu.TestFX | test_remove_uses | failed | OSError: /tmp/xpu-tool/Python/3.10.20/x64/lib/python3.10/site-packages/torch/build/lib/libtorchbind_test.so: cannot open shared object file: No such file or directory ; OSError: Could not load this library: /tmp/xpu-tool/Python/3.10.20/x64/lib/python3.10/site-packages/torch/build/lib/libtorchbind_test.so | XML |
| op_ut | third_party.torch-xpu-ops.test.xpu.test_fx_xpu.TestFX | test_remove_uses_with_custom_filter | failed | OSError: /tmp/xpu-tool/Python/3.10.20/x64/lib/python3.10/site-packages/torch/build/lib/libtorchbind_test.so: cannot open shared object file: No such file or directory ; OSError: Could not load this library: /tmp/xpu-tool/Python/3.10.20/x64/lib/python3.10/site-packages/torch/build/lib/libtorchbind_test.so | XML |
| op_ut | third_party.torch-xpu-ops.test.xpu.test_fx_xpu.TestFX | test_custom_codegen_with_transformer | failed | OSError: /tmp/xpu-tool/Python/3.10.20/x64/lib/python3.10/site-packages/torch/build/lib/libtorchbind_test.so: cannot open shared object file: No such file or directory ; OSError: Could not load this library: /tmp/xpu-tool/Python/3.10.20/x64/lib/python3.10/site-packages/torch/build/lib/libtorchbind_test.so | XML |
| op_ut | third_party.torch-xpu-ops.test.xpu.test_fx_xpu.TestFX | test_interpreter_default_args | failed | OSError: /tmp/xpu-tool/Python/3.10.20/x64/lib/python3.10/site-packages/torch/build/lib/libtorchbind_test.so: cannot open shared object file: No such file or directory ; OSError: Could not load this library: /tmp/xpu-tool/Python/3.10.20/x64/lib/python3.10/site-packages/torch/build/lib/libtorchbind_test.so | XML |
| op_ut | third_party.torch-xpu-ops.test.xpu.test_fx_xpu.TestFX | test_nonetype_annotation | failed | OSError: /tmp/xpu-tool/Python/3.10.20/x64/lib/python3.10/site-packages/torch/build/lib/libtorchbind_test.so: cannot open shared object file: No such file or directory ; OSError: Could not load this library: /tmp/xpu-tool/Python/3.10.20/x64/lib/python3.10/site-packages/torch/build/lib/libtorchbind_test.so | XML |
| op_ut | third_party.torch-xpu-ops.test.xpu.test_fx_xpu.TestFX | test_update_args_api | failed | OSError: /tmp/xpu-tool/Python/3.10.20/x64/lib/python3.10/site-packages/torch/build/lib/libtorchbind_test.so: cannot open shared object file: No such file or directory ; OSError: Could not load this library: /tmp/xpu-tool/Python/3.10.20/x64/lib/python3.10/site-packages/torch/build/lib/libtorchbind_test.so | XML |
| op_ut | third_party.torch-xpu-ops.test.xpu.test_fx_xpu.TestFX | test_remove_uses_with_custom_filter | failed | OSError: /tmp/xpu-tool/Python/3.10.20/x64/lib/python3.10/site-packages/torch/build/lib/libtorchbind_test.so: cannot open shared object file: No such file or directory ; OSError: Could not load this library: /tmp/xpu-tool/Python/3.10.20/x64/lib/python3.10/site-packages/torch/build/lib/libtorchbind_test.so | XML |
| op_ut | third_party.torch-xpu-ops.test.xpu.test_fx_xpu.TestFX | test_torch_custom_ops | failed | OSError: /tmp/xpu-tool/Python/3.10.20/x64/lib/python3.10/site-packages/torch/build/lib/libtorchbind_test.so: cannot open shared object file: No such file or directory ; OSError: Could not load this library: /tmp/xpu-tool/Python/3.10.20/x64/lib/python3.10/site-packages/torch/build/lib/libtorchbind_test.so | XML |
| op_ut | third_party.torch-xpu-ops.test.xpu.test_fx_xpu.TestFX | test_custom_import | failed | OSError: /tmp/xpu-tool/Python/3.10.20/x64/lib/python3.10/site-packages/torch/build/lib/libtorchbind_test.so: cannot open shared object file: No such file or directory ; OSError: Could not load this library: /tmp/xpu-tool/Python/3.10.20/x64/lib/python3.10/site-packages/torch/build/lib/libtorchbind_test.so | XML |
| op_ut | third_party.torch-xpu-ops.test.xpu.test_fx_xpu.TestFX | test_update_args_kwargs_yells_at_you | failed | OSError: /tmp/xpu-tool/Python/3.10.20/x64/lib/python3.10/site-packages/torch/build/lib/libtorchbind_test.so: cannot open shared object file: No such file or directory ; OSError: Could not load this library: /tmp/xpu-tool/Python/3.10.20/x64/lib/python3.10/site-packages/torch/build/lib/libtorchbind_test.so | XML |
| op_ut | third_party.torch-xpu-ops.test.xpu.test_fx_xpu.TestFX | test_replace_input | failed | OSError: /tmp/xpu-tool/Python/3.10.20/x64/lib/python3.10/site-packages/torch/build/lib/libtorchbind_test.so: cannot open shared object file: No such file or directory ; OSError: Could not load this library: /tmp/xpu-tool/Python/3.10.20/x64/lib/python3.10/site-packages/torch/build/lib/libtorchbind_test.so | XML |
| op_ut | third_party.torch-xpu-ops.test.xpu.test_fx_xpu.TestFX | test_replace_uses | failed | OSError: /tmp/xpu-tool/Python/3.10.20/x64/lib/python3.10/site-packages/torch/build/lib/libtorchbind_test.so: cannot open shared object file: No such file or directory ; OSError: Could not load this library: /tmp/xpu-tool/Python/3.10.20/x64/lib/python3.10/site-packages/torch/build/lib/libtorchbind_test.so | XML |
| op_ut | third_party.torch-xpu-ops.test.xpu.test_fx_xpu.TestFX | test_torch_fx_getattr | failed | OSError: /tmp/xpu-tool/Python/3.10.20/x64/lib/python3.10/site-packages/torch/build/lib/libtorchbind_test.so: cannot open shared object file: No such file or directory ; OSError: Could not load this library: /tmp/xpu-tool/Python/3.10.20/x64/lib/python3.10/site-packages/torch/build/lib/libtorchbind_test.so | XML |
| op_ut | third_party.torch-xpu-ops.test.xpu.test_fx_xpu.TestFX | test_update_kwargs_api | failed | OSError: /tmp/xpu-tool/Python/3.10.20/x64/lib/python3.10/site-packages/torch/build/lib/libtorchbind_test.so: cannot open shared object file: No such file or directory ; OSError: Could not load this library: /tmp/xpu-tool/Python/3.10.20/x64/lib/python3.10/site-packages/torch/build/lib/libtorchbind_test.so | XML |
| op_ut | third_party.torch-xpu-ops.test.xpu.test_fx_xpu.TestFX | test_torch_fx_len | failed | OSError: /tmp/xpu-tool/Python/3.10.20/x64/lib/python3.10/site-packages/torch/build/lib/libtorchbind_test.so: cannot open shared object file: No such file or directory ; OSError: Could not load this library: /tmp/xpu-tool/Python/3.10.20/x64/lib/python3.10/site-packages/torch/build/lib/libtorchbind_test.so | XML |
| op_ut | third_party.torch-xpu-ops.test.xpu.test_fx_xpu.TestCommonPass | test_correctness_factory_CSEPass_MutationFactory_xpu | failed | RuntimeError: Tried to trace mutable operation aten::add_.Tensor(Tensor(a!) self, Tensor other, *, Scalar alpha=1) -> Tensor(a!). FX only supports functional code, so operations that mutate operands in-place (e.g. via `out` arguments) are not supported | XML |
| op_ut | third_party.torch-xpu-ops.test.xpu.test_fx_xpu.TestFX | test_user_friendly_call_provenance_with_function | failed | OSError: /tmp/xpu-tool/Python/3.10.20/x64/lib/python3.10/site-packages/torch/build/lib/libtorchbind_test.so: cannot open shared object file: No such file or directory ; OSError: Could not load this library: /tmp/xpu-tool/Python/3.10.20/x64/lib/python3.10/site-packages/torch/build/lib/libtorchbind_test.so | XML |
| op_ut | third_party.torch-xpu-ops.test.xpu.test_fx_xpu.TestCommonPass | test_correctness_factory_CSEPass_MutationFactory_cpu | failed | RuntimeError: Tried to trace mutable operation aten::add_.Tensor(Tensor(a!) self, Tensor other, *, Scalar alpha=1) -> Tensor(a!). FX only supports functional code, so operations that mutate operands in-place (e.g. via `out` arguments) are not supported | XML |
| op_ut | third_party.torch-xpu-ops.test.xpu.test_indexing_xpu.TestIndexingXPU | test_index_add_smem_stage_alignment_regression_xpu_bfloat16 | failed | AssertionError: Torch not compiled with CUDA enabled | XML |
| op_ut | third_party.torch-xpu-ops.test.xpu.test_indexing_xpu.TestIndexingXPU | test_index_add_smem_stage_alignment_regression_xpu_float32 | failed | AssertionError: Torch not compiled with CUDA enabled | XML |
| op_ut | third_party.torch-xpu-ops.test.xpu.test_modules_xpu.TestModuleXPU | test_memory_format_nn_Conv2d_xpu_float64 | failed | Unexpected success | XML |
| op_ut | third_party.torch-xpu-ops.test.xpu.test_modules_xpu.TestModuleXPU | test_memory_format_nn_ConvTranspose2d_xpu_float64 | failed | Unexpected success | XML |
| op_ut | third_party.torch-xpu-ops.test.xpu.test_modules_xpu.TestModuleXPU | test_memory_format_nn_LazyConv2d_xpu_float64 | failed | Unexpected success | XML |
| op_ut | third_party.torch-xpu-ops.test.xpu.test_modules_xpu.TestModuleXPU | test_memory_format_nn_LazyConvTranspose2d_xpu_float64 | failed | Unexpected success | XML |
| op_ut | third_party.torch-xpu-ops.test.xpu.test_sparse_xpu.TestSparseXPU | test_hsmm_xpu_float64 | failed | NotImplementedError: Could not run 'aten::hspmm' with arguments from the 'SparseXPU' backend. This could be because the operator doesn't exist for this backend, or was omitted during the selective/custom build process (if using custom build). If you are a Facebook employee using PyTorch on mobile, please visit https://fburl.com/ptmfixes for possible resolutions. 'aten::hspmm' is only available for these backends: [XPU, Meta, SparseCPU, BackendSelect, Python, FuncTorchDynamicLayerBackMode, Functionalize, Named, Conjugate, Negative, ZeroTensor, ADInplaceOrView, AutogradOther, AutogradCPU, AutogradCUDA, AutogradHIP, AutogradXLA, AutogradMPS, AutogradIPU, AutogradXPU, AutogradHPU, AutogradVE, AutogradLazy, AutogradMTIA, AutogradMAIA, AutogradPrivateUse1, AutogradPrivateUse2, AutogradPrivateUse3, AutogradMeta, AutogradNestedTensor, Tracer, AutocastCPU, AutocastMTIA, AutocastMAIA, AutocastXPU, AutocastMPS, AutocastCUDA, FuncTorchBatched, BatchedNestedTensor, FuncTorchVmapMode, Batched, VmapMode, FuncTorchGradWrapper, PythonTLSSnapshot, FuncTorchDynamicLayerFrontMode, PreDispatch, PythonDispatcher]. | XML |
| op_ut | third_party.torch-xpu-ops.test.xpu.test_sparse_xpu.TestSparseAnyXPU | test_gradcheck_mm_SparseBSC_masked_fast_xpu_complex128 | failed | RuntimeError: addmm: computation on XPU is not implemented for Strided + SparseBsc @ Strided ; AssertionError: "addmm: computation on (CPU|CUDA) is not implemented for Strided \+ Sparse(Bsr|Bsc) @ Strided" does not match "addmm: computation on XPU is not implemented for Strided + SparseBsc @ Strided" | XML |
| op_ut | third_party.torch-xpu-ops.test.xpu.test_sparse_xpu.TestSparseAnyXPU | test_gradcheck_mm_SparseBSC_masked_fast_xpu_float64 | failed | RuntimeError: addmm: computation on XPU is not implemented for Strided + SparseBsc @ Strided ; AssertionError: "addmm: computation on (CPU|CUDA) is not implemented for Strided \+ Sparse(Bsr|Bsc) @ Strided" does not match "addmm: computation on XPU is not implemented for Strided + SparseBsc @ Strided" | XML |
| op_ut | third_party.torch-xpu-ops.test.xpu.test_sparse_xpu.TestSparseAnyXPU | test_gradcheck_mm_SparseBSC_masked_slow_xpu_complex128 | failed | RuntimeError: addmm: computation on XPU is not implemented for Strided + SparseBsc @ Strided ; AssertionError: "addmm: computation on (CPU|CUDA) is not implemented for Strided \+ Sparse(Bsr|Bsc) @ Strided" does not match "addmm: computation on XPU is not implemented for Strided + SparseBsc @ Strided" | XML |
| op_ut | third_party.torch-xpu-ops.test.xpu.test_sparse_xpu.TestSparseAnyXPU | test_gradcheck_mm_SparseBSC_masked_slow_xpu_float64 | failed | RuntimeError: addmm: computation on XPU is not implemented for Strided + SparseBsc @ Strided ; AssertionError: "addmm: computation on (CPU|CUDA) is not implemented for Strided \+ Sparse(Bsr|Bsc) @ Strided" does not match "addmm: computation on XPU is not implemented for Strided + SparseBsc @ Strided" | XML |
| op_ut | third_party.torch-xpu-ops.test.xpu.test_sparse_xpu.TestSparseAnyXPU | test_gradcheck_mm_SparseBSC_sparse_fast_xpu_complex128 | failed | RuntimeError: addmm: computation on XPU is not implemented for Strided + SparseBsc @ Strided ; AssertionError: "addmm: computation on (CPU|CUDA) is not implemented for Strided \+ Sparse(Bsr|Bsc) @ Strided" does not match "addmm: computation on XPU is not implemented for Strided + SparseBsc @ Strided" | XML |
| op_ut | third_party.torch-xpu-ops.test.xpu.test_sparse_xpu.TestSparseAnyXPU | test_gradcheck_mm_SparseBSC_sparse_fast_xpu_float64 | failed | RuntimeError: addmm: computation on XPU is not implemented for Strided + SparseBsc @ Strided ; AssertionError: "addmm: computation on (CPU|CUDA) is not implemented for Strided \+ Sparse(Bsr|Bsc) @ Strided" does not match "addmm: computation on XPU is not implemented for Strided + SparseBsc @ Strided" | XML |
| op_ut | third_party.torch-xpu-ops.test.xpu.test_sparse_xpu.TestSparseAnyXPU | test_gradcheck_mm_SparseBSC_sparse_slow_xpu_complex128 | failed | RuntimeError: addmm: computation on XPU is not implemented for Strided + SparseBsc @ Strided ; AssertionError: "addmm: computation on (CPU|CUDA) is not implemented for Strided \+ Sparse(Bsr|Bsc) @ Strided" does not match "addmm: computation on XPU is not implemented for Strided + SparseBsc @ Strided" | XML |
| op_ut | third_party.torch-xpu-ops.test.xpu.test_sparse_xpu.TestSparseAnyXPU | test_gradcheck_mm_SparseBSC_sparse_slow_xpu_float64 | failed | RuntimeError: addmm: computation on XPU is not implemented for Strided + SparseBsc @ Strided ; AssertionError: "addmm: computation on (CPU|CUDA) is not implemented for Strided \+ Sparse(Bsr|Bsc) @ Strided" does not match "addmm: computation on XPU is not implemented for Strided + SparseBsc @ Strided" | XML |
| op_ut | third_party.torch-xpu-ops.test.xpu.test_sparse_xpu.TestSparseAnyXPU | test_gradcheck_mm_SparseBSR_sparse_fast_xpu_complex128 | failed | RuntimeError: addmm: computation on XPU is not implemented for Strided + SparseBsc @ Strided ; AssertionError: "addmm: computation on (CPU|CUDA) is not implemented for Strided \+ Sparse(Bsr|Bsc) @ Strided" does not match "addmm: computation on XPU is not implemented for Strided + SparseBsc @ Strided" | XML |
| op_ut | third_party.torch-xpu-ops.test.xpu.test_sparse_xpu.TestSparseAnyXPU | test_gradcheck_mm_SparseBSR_sparse_fast_xpu_float64 | failed | RuntimeError: addmm: computation on XPU is not implemented for Strided + SparseBsc @ Strided ; AssertionError: "addmm: computation on (CPU|CUDA) is not implemented for Strided \+ Sparse(Bsr|Bsc) @ Strided" does not match "addmm: computation on XPU is not implemented for Strided + SparseBsc @ Strided" | XML |
| op_ut | third_party.torch-xpu-ops.test.xpu.test_sparse_xpu.TestSparseAnyXPU | test_gradcheck_mm_SparseBSR_sparse_slow_xpu_complex128 | failed | RuntimeError: addmm: computation on XPU is not implemented for Strided + SparseBsc @ Strided ; AssertionError: "addmm: computation on (CPU|CUDA) is not implemented for Strided \+ Sparse(Bsr|Bsc) @ Strided" does not match "addmm: computation on XPU is not implemented for Strided + SparseBsc @ Strided" | XML |
| op_ut | third_party.torch-xpu-ops.test.xpu.test_sparse_xpu.TestSparseAnyXPU | test_gradcheck_mm_SparseBSR_sparse_slow_xpu_float64 | failed | RuntimeError: addmm: computation on XPU is not implemented for Strided + SparseBsc @ Strided ; AssertionError: "addmm: computation on (CPU|CUDA) is not implemented for Strided \+ Sparse(Bsr|Bsc) @ Strided" does not match "addmm: computation on XPU is not implemented for Strided + SparseBsc @ Strided" | XML |
| op_ut | third_party.torch-xpu-ops.test.xpu.test_unary_ufuncs_xpu.TestUnaryUfuncsXPU | test_nonzero_large_xpu_int8 | failed | RuntimeError: nonzero is not supported for tensors with more than INT_MAX elements,       See https://github.com/pytorch/pytorch/issues/51871 | XML |
| op_ut | third_party.torch-xpu-ops.test.xpu.quantization.core.test_quantized_op_xpu.TestQuantizedOpsXPU | test_leaky_relu_observed_output_xpu | failed | AssertionError: Quantized tensor-likes are not close! | XML |
| op_ut |  | third_party.torch-xpu-ops.test.xpu.test_decomp_xpu | error | ImportError: cannot import name 'skip' from 'torch.testing._internal.common_methods_invocations' (/tmp/xpu-tool/Python/3.10.20/x64/lib/python3.10/site-packages/torch/testing/_internal/common_methods_invocations.py) | XML |
| op_ut | third_party.torch-xpu-ops.test.xpu.test_fake_tensor_xpu.FakeTensorDispatchCache | test_cache_default_device | failed | AssertionError: torch function mode stack was leaked: length changed from 0 to 1 | XML |
| op_ut | third_party.torch-xpu-ops.test.xpu.test_linalg_xpu.TestLinalgXPU | test_compile_int4_mm_m_32_k_32_n_48_xpu | failed | AssertionError: wrong number of dimensions2 for op: torch.ops.aten._convert_weight_to_int4pack.default | XML |
| op_ut | third_party.torch-xpu-ops.test.xpu.test_linalg_xpu.TestLinalgXPU | test_compile_int4_mm_m_32_k_32_n_64_xpu | failed | AssertionError: wrong number of dimensions2 for op: torch.ops.aten._convert_weight_to_int4pack.default | XML |
| op_ut | third_party.torch-xpu-ops.test.xpu.test_linalg_xpu.TestLinalgXPU | test_compile_int4_mm_m_32_k_64_n_48_xpu | failed | AssertionError: wrong number of dimensions2 for op: torch.ops.aten._convert_weight_to_int4pack.default | XML |
| op_ut | third_party.torch-xpu-ops.test.xpu.test_linalg_xpu.TestLinalgXPU | test_compile_int4_mm_m_32_k_64_n_64_xpu | failed | AssertionError: wrong number of dimensions2 for op: torch.ops.aten._convert_weight_to_int4pack.default | XML |
| op_ut | third_party.torch-xpu-ops.test.xpu.test_linalg_xpu.TestLinalgXPU | test_compile_int4_mm_m_64_k_32_n_48_xpu | failed | AssertionError: wrong number of dimensions2 for op: torch.ops.aten._convert_weight_to_int4pack.default | XML |
| op_ut | third_party.torch-xpu-ops.test.xpu.test_linalg_xpu.TestLinalgXPU | test_compile_int4_mm_m_64_k_32_n_64_xpu | failed | AssertionError: wrong number of dimensions2 for op: torch.ops.aten._convert_weight_to_int4pack.default | XML |
| op_ut | third_party.torch-xpu-ops.test.xpu.test_linalg_xpu.TestLinalgXPU | test_compile_int4_mm_m_64_k_64_n_48_xpu | failed | AssertionError: wrong number of dimensions2 for op: torch.ops.aten._convert_weight_to_int4pack.default | XML |
| op_ut | third_party.torch-xpu-ops.test.xpu.test_linalg_xpu.TestLinalgXPU | test_compile_int4_mm_m_64_k_64_n_64_xpu | failed | AssertionError: wrong number of dimensions2 for op: torch.ops.aten._convert_weight_to_int4pack.default | XML |
| op_ut | third_party.torch-xpu-ops.test.xpu.test_meta_xpu.TestMetaXPU | test_dispatch_symbolic_meta_outplace_torch_ops_aten__flash_attention_forward_xpu_float16 | failed | NotImplementedError: The operator 'aten::_flash_attention_forward' is not currently implemented for the XPU device. Please open a feature on https://github.com/intel/torch-xpu-ops/issues. You can set the environment variable `PYTORCH_ENABLE_XPU_FALLBACK=1` to use the CPU implementation as a fallback for XPU unimplemented operators. WARNING: this will bring unexpected performance compared with running natively on XPU. ; AssertionError: Original OpInfo is broken ; Exception: Original OpInfo is broken | XML |
| op_ut | third_party.torch-xpu-ops.test.xpu.test_meta_xpu.TestMetaXPU | test_dispatch_symbolic_meta_outplace_all_strides_native_group_norm_xpu_float32 | failed | RuntimeError: Expected X.is_contiguous(memory_format) to be true, but got false.  (Could this error message be improved?  If so, please report an enhancement request to PyTorch.) ; AssertionError: Original OpInfo is broken ; Exception: Original OpInfo is broken | XML |
| op_ut | third_party.torch-xpu-ops.test.xpu.test_meta_xpu.TestMetaXPU | test_dispatch_meta_outplace_torch_ops_aten__flash_attention_forward_xpu_float16 | failed | NotImplementedError: The operator 'aten::_flash_attention_forward' is not currently implemented for the XPU device. Please open a feature on https://github.com/intel/torch-xpu-ops/issues. You can set the environment variable `PYTORCH_ENABLE_XPU_FALLBACK=1` to use the CPU implementation as a fallback for XPU unimplemented operators. WARNING: this will bring unexpected performance compared with running natively on XPU. ; AssertionError: Original OpInfo is broken ; Exception: Original OpInfo is broken | XML |
| op_ut | third_party.torch-xpu-ops.test.xpu.test_ops_xpu.TestCommonXPU | test_python_ref__refs_fft_hfft2_xpu_complex32 | failed | AssertionError: tensor(False, device='xpu:0') is not true : Reference result was farther (0.49432351959337606) from the precise computation than the torch result was (0.3911092602616414)! ; Exception: tensor(False, device='xpu:0') is not true : Reference result was farther (0.49432351959337606) from the precise computation than the torch result was (0.3911092602616414)! | XML |
| op_ut | third_party.torch-xpu-ops.test.xpu.test_ops_xpu.TestCommonXPU | test_python_ref__refs_fft_hfft2_xpu_float16 | failed | AssertionError: tensor(False, device='xpu:0') is not true : Reference result was farther (0.41324166839731624) from the precise computation than the torch result was (0.300971821803956)! ; Exception: tensor(False, device='xpu:0') is not true : Reference result was farther (0.41324166839731624) from the precise computation than the torch result was (0.300971821803956)! | XML |
| op_ut | third_party.torch-xpu-ops.test.xpu.test_ops_xpu.TestCommonXPU | test_python_ref_executor__refs_fft_hfft2_executor_aten_xpu_complex32 | failed | AssertionError: tensor(False, device='xpu:0') is not true : Reference result was farther (0.4924440402661636) from the precise computation than the torch result was (0.442128683168588)! ; Exception: tensor(False, device='xpu:0') is not true : Reference result was farther (0.4924440402661636) from the precise computation than the torch result was (0.442128683168588)! | XML |
| op_ut | third_party.torch-xpu-ops.test.xpu.test_ops_xpu.TestCommonXPU | test_python_ref_executor__refs_fft_hfft2_executor_aten_xpu_float16 | failed | AssertionError: tensor(False, device='xpu:0') is not true : Reference result was farther (0.369592395103278) from the precise computation than the torch result was (0.2800895472911056)! ; Exception: tensor(False, device='xpu:0') is not true : Reference result was farther (0.369592395103278) from the precise computation than the torch result was (0.2800895472911056)! | XML |
| op_ut | third_party.torch-xpu-ops.test.xpu.test_ops_xpu.TestCommonXPU | test_python_ref_executor__refs_pow_executor_aten_xpu_complex32 | failed | Unexpected success | XML |
| op_ut | third_party.torch-xpu-ops.test.xpu.test_ops_xpu.TestCommonXPU | test_python_ref_executor__refs_mul_executor_aten_xpu_complex32 | failed | Unexpected success | XML |
