op_extended,third_party.torch-xpu-ops.test.xpu.extended.test_ops_xpu.TestCommonXPU,test_compare_cpu_digamma_xpu_float16
op_extended,third_party.torch-xpu-ops.test.xpu.extended.test_ops_xpu.TestCommonXPU,test_compare_cpu_native_dropout_backward_xpu_bfloat16
op_extended,third_party.torch-xpu-ops.test.xpu.extended.test_ops_xpu.TestCommonXPU,test_compare_cpu_sqrt_xpu_float16
op_extended,third_party.torch-xpu-ops.test.xpu.extended.test_ops_xpu.TestCommonXPU,test_compare_cpu_nn_functional_silu_complex_xpu_complex128
op_extended,third_party.torch-xpu-ops.test.xpu.extended.test_ops_xpu.TestCommonXPU,test_compare_cpu_index_add_xpu_float32
op_extended,third_party.torch-xpu-ops.test.xpu.extended.test_ops_xpu.TestCompositeComplianceXPU,test_backward_nn_functional_channel_shuffle_xpu_float32
op_extended,third_party.torch-xpu-ops.test.xpu.extended.test_ops_xpu.TestCommonXPU,test_compare_cpu___rmod___xpu_bfloat16
op_extended,third_party.torch-xpu-ops.test.xpu.extended.test_ops_xpu.TestCommonXPU,test_compare_cpu_digamma_xpu_float32
op_extended,third_party.torch-xpu-ops.test.xpu.extended.test_ops_xpu.TestCommonXPU,test_compare_cpu_native_dropout_backward_xpu_float16
op_extended,third_party.torch-xpu-ops.test.xpu.extended.test_ops_xpu.TestCommonXPU,test_compare_cpu_index_add_xpu_float64
op_extended,third_party.torch-xpu-ops.test.xpu.extended.test_ops_xpu.TestCommonXPU,test_compare_cpu_sqrt_xpu_float32
op_extended,third_party.torch-xpu-ops.test.xpu.extended.test_ops_xpu.TestCommonXPU,test_compare_cpu_nn_functional_silu_complex_xpu_complex64
op_extended,third_party.torch-xpu-ops.test.xpu.extended.test_ops_xpu.TestCommonXPU,test_compare_cpu_digamma_xpu_float64
op_extended,third_party.torch-xpu-ops.test.xpu.extended.test_ops_xpu.TestCommonXPU,test_compare_cpu_native_dropout_backward_xpu_float32
op_extended,third_party.torch-xpu-ops.test.xpu.extended.test_ops_xpu.TestCommonXPU,test_compare_cpu_index_add_xpu_int16
op_extended,third_party.torch-xpu-ops.test.xpu.extended.test_ops_xpu.TestCommonXPU,test_compare_cpu_sqrt_xpu_float64
op_extended,third_party.torch-xpu-ops.test.xpu.extended.test_ops_xpu.TestCommonXPU,test_compare_cpu_native_dropout_backward_xpu_float64
op_extended,third_party.torch-xpu-ops.test.xpu.extended.test_ops_xpu.TestCommonXPU,test_compare_cpu_digamma_xpu_int16
op_extended,third_party.torch-xpu-ops.test.xpu.extended.test_ops_xpu.TestCommonXPU,test_compare_cpu_index_add_xpu_int32
op_extended,third_party.torch-xpu-ops.test.xpu.extended.test_ops_xpu.TestCommonXPU,test_compare_cpu_sqrt_xpu_int16
op_extended,third_party.torch-xpu-ops.test.xpu.extended.test_ops_xpu.TestCompositeComplianceXPU,test_forward_ad_repeat_interleave_xpu_float32
op_extended,third_party.torch-xpu-ops.test.xpu.extended.test_ops_xpu.TestCommonXPU,test_compare_cpu_index_add_xpu_int64
op_extended,third_party.torch-xpu-ops.test.xpu.extended.test_ops_xpu.TestCommonXPU,test_compare_cpu_digamma_xpu_int32
op_extended,third_party.torch-xpu-ops.test.xpu.extended.test_ops_xpu.TestCommonXPU,test_compare_cpu___rmod___xpu_float16
op_extended,third_party.torch-xpu-ops.test.xpu.extended.test_ops_xpu.TestCommonXPU,test_compare_cpu_sqrt_xpu_int32
op_extended,third_party.torch-xpu-ops.test.xpu.extended.test_ops_xpu.TestCompositeComplianceXPU,test_forward_ad_reshape_xpu_float32
op_extended,third_party.torch-xpu-ops.test.xpu.extended.test_ops_xpu.TestCommonXPU,test_compare_cpu_nn_functional_silu_xpu_bfloat16
op_extended,third_party.torch-xpu-ops.test.xpu.extended.test_ops_xpu.TestCommonXPU,test_compare_cpu_index_add_xpu_int8
op_extended,third_party.torch-xpu-ops.test.xpu.extended.test_ops_xpu.TestCommonXPU,test_compare_cpu_digamma_xpu_int64
op_extended,third_party.torch-xpu-ops.test.xpu.extended.test_ops_xpu.TestCompositeComplianceXPU,test_backward_nn_functional_ctc_loss_xpu_float32
op_extended,third_party.torch-xpu-ops.test.xpu.extended.test_ops_xpu.TestCommonXPU,test_compare_cpu___rmod___xpu_float32
op_extended,third_party.torch-xpu-ops.test.xpu.extended.test_ops_xpu.TestCommonXPU,test_compare_cpu_index_add_xpu_uint8
op_extended,third_party.torch-xpu-ops.test.xpu.extended.test_ops_xpu.TestCommonXPU,test_compare_cpu_sqrt_xpu_int64
op_extended,third_party.torch-xpu-ops.test.xpu.extended.test_ops_xpu.TestCommonXPU,test_compare_cpu_native_layer_norm_xpu_float32
op_extended,third_party.torch-xpu-ops.test.xpu.extended.test_ops_xpu.TestCommonXPU,test_compare_cpu_digamma_xpu_int8
op_extended,third_party.torch-xpu-ops.test.xpu.extended.test_ops_xpu.TestCompositeComplianceXPU,test_forward_ad_roll_xpu_float32
op_extended,third_party.torch-xpu-ops.test.xpu.extended.test_ops_xpu.TestCommonXPU,test_compare_cpu_index_copy_xpu_bfloat16
op_extended,third_party.torch-xpu-ops.test.xpu.extended.test_ops_xpu.TestCompositeComplianceXPU,test_backward_nn_functional_dropout_xpu_float32
op_extended,third_party.torch-xpu-ops.test.xpu.extended.test_ops_xpu.TestCommonXPU,test_compare_cpu_sqrt_xpu_int8
op_extended,third_party.torch-xpu-ops.test.xpu.extended.test_ops_xpu.TestCommonXPU,test_compare_cpu_nn_functional_silu_xpu_float16
op_extended,third_party.torch-xpu-ops.test.xpu.extended.test_ops_xpu.TestCommonXPU,test_compare_cpu_native_layer_norm_xpu_float64
op_extended,third_party.torch-xpu-ops.test.xpu.extended.test_ops_xpu.TestCommonXPU,test_compare_cpu_digamma_xpu_uint8
op_extended,third_party.torch-xpu-ops.test.xpu.extended.test_ops_xpu.TestCommonXPU,test_compare_cpu___rmod___xpu_float64
op_extended,third_party.torch-xpu-ops.test.xpu.extended.test_ops_xpu.TestCommonXPU,test_compare_cpu_index_copy_xpu_bool
op_extended,third_party.torch-xpu-ops.test.xpu.extended.test_ops_xpu.TestCompositeComplianceXPU,test_forward_ad_round_decimals_0_xpu_float32
op_extended,third_party.torch-xpu-ops.test.xpu.extended.test_ops_xpu.TestCompositeComplianceXPU,test_backward_nn_functional_elu_xpu_float32
op_extended,third_party.torch-xpu-ops.test.xpu.extended.test_ops_xpu.TestCommonXPU,test_compare_cpu_sqrt_xpu_uint8
op_extended,third_party.torch-xpu-ops.test.xpu.extended.test_ops_xpu.TestCommonXPU,test_compare_cpu_nn_functional_silu_xpu_float32
op_extended,third_party.torch-xpu-ops.test.xpu.extended.test_ops_xpu.TestCommonXPU,test_compare_cpu_index_copy_xpu_complex128
op_extended,third_party.torch-xpu-ops.test.xpu.extended.test_ops_xpu.TestCompositeComplianceXPU,test_forward_ad_round_decimals_3_xpu_float32
op_extended,third_party.torch-xpu-ops.test.xpu.extended.test_ops_xpu.TestCommonXPU,test_compare_cpu_nn_functional_silu_xpu_float64
op_extended,third_party.torch-xpu-ops.test.xpu.extended.test_ops_xpu.TestCommonXPU,test_compare_cpu_index_copy_xpu_complex64
op_extended,third_party.torch-xpu-ops.test.xpu.extended.test_ops_xpu.TestCompositeComplianceXPU,test_forward_ad_round_decimals_neg_3_xpu_float32
op_extended,third_party.torch-xpu-ops.test.xpu.extended.test_ops_xpu.TestCommonXPU,test_compare_cpu_square_xpu_bfloat16
op_extended,third_party.torch-xpu-ops.test.xpu.extended.test_ops_xpu.TestCommonXPU,test_compare_cpu_index_copy_xpu_float16
op_extended,third_party.torch-xpu-ops.test.xpu.extended.test_ops_xpu.TestCompositeComplianceXPU,test_forward_ad_round_xpu_float32
op_extended,third_party.torch-xpu-ops.test.xpu.extended.test_ops_xpu.TestCommonXPU,test_compare_cpu_div_floor_rounding_xpu_float32
op_extended,third_party.torch-xpu-ops.test.xpu.extended.test_ops_xpu.TestCommonXPU,test_compare_cpu_ne_xpu_bfloat16
op_extended,third_party.torch-xpu-ops.test.xpu.extended.test_ops_xpu.TestCommonXPU,test_compare_cpu_square_xpu_bool
op_extended,third_party.torch-xpu-ops.test.xpu.extended.test_ops_xpu.TestCommonXPU,test_compare_cpu_index_copy_xpu_float32
op_extended,third_party.torch-xpu-ops.test.xpu.extended.test_ops_xpu.TestCompositeComplianceXPU,test_backward_nn_functional_embedding_bag_xpu_float32
op_extended,third_party.torch-xpu-ops.test.xpu.extended.test_ops_xpu.TestCompositeComplianceXPU,test_forward_ad_rsqrt_xpu_float32
op_extended,third_party.torch-xpu-ops.test.xpu.extended.test_ops_xpu.TestCommonXPU,test_compare_cpu_index_copy_xpu_float64
op_extended,third_party.torch-xpu-ops.test.xpu.extended.test_ops_xpu.TestCommonXPU,test_compare_cpu_div_floor_rounding_xpu_float64
op_extended,third_party.torch-xpu-ops.test.xpu.extended.test_ops_xpu.TestCommonXPU,test_compare_cpu_ne_xpu_bool
op_extended,third_party.torch-xpu-ops.test.xpu.extended.test_ops_xpu.TestCommonXPU,test_compare_cpu_index_copy_xpu_int16
op_extended,third_party.torch-xpu-ops.test.xpu.extended.test_ops_xpu.TestCommonXPU,test_compare_cpu_square_xpu_float16
op_extended,third_party.torch-xpu-ops.test.xpu.extended.test_ops_xpu.TestCommonXPU,test_compare_cpu_nn_functional_smooth_l1_loss_xpu_bfloat16
op_extended,third_party.torch-xpu-ops.test.xpu.extended.test_ops_xpu.TestCommonXPU,test_compare_cpu_index_copy_xpu_int32
op_extended,third_party.torch-xpu-ops.test.xpu.extended.test_ops_xpu.TestCommonXPU,test_compare_cpu_square_xpu_float32
op_extended,third_party.torch-xpu-ops.test.xpu.extended.test_ops_xpu.TestCommonXPU,test_compare_cpu_ne_xpu_complex128
op_extended,third_party.torch-xpu-ops.test.xpu.extended.test_ops_xpu.TestCompositeComplianceXPU,test_backward_nn_functional_embedding_xpu_float32
op_extended,third_party.torch-xpu-ops.test.xpu.extended.test_ops_xpu.TestCommonXPU,test_compare_cpu_index_copy_xpu_int64
op_extended,third_party.torch-xpu-ops.test.xpu.extended.test_ops_xpu.TestCommonXPU,test_compare_cpu_square_xpu_float64
op_extended,third_party.torch-xpu-ops.test.xpu.extended.test_ops_xpu.TestCommonXPU,test_compare_cpu_div_floor_rounding_xpu_int16
op_extended,third_party.torch-xpu-ops.test.xpu.extended.test_ops_xpu.TestCommonXPU,test_compare_cpu_index_copy_xpu_int8
op_extended,third_party.torch-xpu-ops.test.xpu.extended.test_ops_xpu.TestCommonXPU,test_compare_cpu_ne_xpu_complex64
op_extended,third_party.torch-xpu-ops.test.xpu.extended.test_ops_xpu.TestCompositeComplianceXPU,test_backward_nn_functional_fractional_max_pool2d_xpu_float32
op_extended,third_party.torch-xpu-ops.test.xpu.extended.test_ops_xpu.TestCommonXPU,test_compare_cpu_square_xpu_int16
op_extended,third_party.torch-xpu-ops.test.xpu.extended.test_ops_xpu.TestCommonXPU,test_compare_cpu_index_copy_xpu_uint8
op_extended,third_party.torch-xpu-ops.test.xpu.extended.test_ops_xpu.TestCommonXPU,test_compare_cpu_nn_functional_smooth_l1_loss_xpu_float16
op_extended,third_party.torch-xpu-ops.test.xpu.extended.test_ops_xpu.TestCommonXPU,test_compare_cpu_div_floor_rounding_xpu_int32
op_extended,third_party.torch-xpu-ops.test.xpu.extended.test_ops_xpu.TestCommonXPU,test_compare_cpu_ne_xpu_float16
op_extended,third_party.torch-xpu-ops.test.xpu.extended.test_ops_xpu.TestCommonXPU,test_compare_cpu_index_fill_xpu_bfloat16
op_extended,third_party.torch-xpu-ops.test.xpu.extended.test_ops_xpu.TestCommonXPU,test_compare_cpu_square_xpu_int32
op_extended,third_party.torch-xpu-ops.test.xpu.extended.test_ops_xpu.TestCommonXPU,test_compare_cpu__batch_norm_with_update_xpu_float32
op_extended,third_party.torch-xpu-ops.test.xpu.extended.test_ops_xpu.TestCommonXPU,test_compare_cpu_nn_functional_smooth_l1_loss_xpu_float32
op_extended,third_party.torch-xpu-ops.test.xpu.extended.test_ops_xpu.TestCommonXPU,test_compare_cpu_index_fill_xpu_bool
op_extended,third_party.torch-xpu-ops.test.xpu.extended.test_ops_xpu.TestCommonXPU,test_compare_cpu_div_floor_rounding_xpu_int64
op_extended,third_party.torch-xpu-ops.test.xpu.extended.test_ops_xpu.TestCompositeComplianceXPU,test_backward_nn_functional_fractional_max_pool3d_xpu_float32
op_extended,third_party.torch-xpu-ops.test.xpu.extended.test_ops_xpu.TestCommonXPU,test_compare_cpu__batch_norm_with_update_xpu_float64
op_extended,third_party.torch-xpu-ops.test.xpu.extended.test_ops_xpu.TestCommonXPU,test_compare_cpu_ne_xpu_float32
op_extended,third_party.torch-xpu-ops.test.xpu.extended.test_ops_xpu.TestCommonXPU,test_compare_cpu_square_xpu_int64
op_extended,third_party.torch-xpu-ops.test.xpu.extended.test_ops_xpu.TestCommonXPU,test_compare_cpu_nn_functional_smooth_l1_loss_xpu_float64
op_extended,third_party.torch-xpu-ops.test.xpu.extended.test_ops_xpu.TestCommonXPU,test_compare_cpu_index_fill_xpu_complex128
op_extended,third_party.torch-xpu-ops.test.xpu.extended.test_ops_xpu.TestCommonXPU,test_compare_cpu_square_xpu_int8
op_extended,third_party.torch-xpu-ops.test.xpu.extended.test_ops_xpu.TestCommonXPU,test_compare_cpu_ne_xpu_float64
op_extended,third_party.torch-xpu-ops.test.xpu.extended.test_ops_xpu.TestCommonXPU,test_compare_cpu_div_floor_rounding_xpu_int8
op_extended,third_party.torch-xpu-ops.test.xpu.extended.test_ops_xpu.TestCompositeComplianceXPU,test_backward_nn_functional_glu_xpu_float32
op_extended,third_party.torch-xpu-ops.test.xpu.extended.test_ops_xpu.TestCommonXPU,test_compare_cpu_index_fill_xpu_complex64
op_extended,third_party.torch-xpu-ops.test.xpu.extended.test_ops_xpu.TestCommonXPU,test_compare_cpu_square_xpu_uint8
op_extended,third_party.torch-xpu-ops.test.xpu.extended.test_ops_xpu.TestCommonXPU,test_compare_cpu_index_fill_xpu_float16
op_extended,third_party.torch-xpu-ops.test.xpu.extended.test_ops_xpu.TestCommonXPU,test_compare_cpu_ne_xpu_int16
op_extended,third_party.torch-xpu-ops.test.xpu.extended.test_ops_xpu.TestCommonXPU,test_compare_cpu__chunk_cat_xpu_bfloat16
op_extended,third_party.torch-xpu-ops.test.xpu.extended.test_ops_xpu.TestCommonXPU,test_compare_cpu_nn_functional_softplus_xpu_bfloat16
op_extended,third_party.torch-xpu-ops.test.xpu.extended.test_ops_xpu.TestCommonXPU,test_compare_cpu_div_floor_rounding_xpu_uint8
op_extended,third_party.torch-xpu-ops.test.xpu.extended.test_ops_xpu.TestCommonXPU,test_compare_cpu_std_mean_unbiased_xpu_bfloat16
op_extended,third_party.torch-xpu-ops.test.xpu.extended.test_ops_xpu.TestCommonXPU,test_compare_cpu_index_fill_xpu_float32
op_extended,third_party.torch-xpu-ops.test.xpu.extended.test_ops_xpu.TestCommonXPU,test_compare_cpu__chunk_cat_xpu_bool
op_extended,third_party.torch-xpu-ops.test.xpu.extended.test_ops_xpu.TestCompositeComplianceXPU,test_backward_nn_functional_grid_sample_xpu_float32
op_extended,third_party.torch-xpu-ops.test.xpu.extended.test_ops_xpu.TestCommonXPU,test_compare_cpu_ne_xpu_int32
op_extended,third_party.torch-xpu-ops.test.xpu.extended.test_ops_xpu.TestCompositeComplianceXPU,test_forward_ad_scatter_reduce_amax_xpu_float32
op_extended,third_party.torch-xpu-ops.test.xpu.extended.test_ops_xpu.TestCommonXPU,test_compare_cpu_index_fill_xpu_float64
op_extended,third_party.torch-xpu-ops.test.xpu.extended.test_ops_xpu.TestCommonXPU,test_compare_cpu__chunk_cat_xpu_complex128
op_extended,third_party.torch-xpu-ops.test.xpu.extended.test_ops_xpu.TestCommonXPU,test_compare_cpu_std_mean_unbiased_xpu_complex128
op_extended,third_party.torch-xpu-ops.test.xpu.extended.test_ops_xpu.TestCommonXPU,test_compare_cpu_div_no_rounding_mode_xpu_bfloat16
op_extended,third_party.torch-xpu-ops.test.xpu.extended.test_ops_xpu.TestCommonXPU,test_compare_cpu_nn_functional_softplus_xpu_float16
op_extended,third_party.torch-xpu-ops.test.xpu.extended.test_ops_xpu.TestCommonXPU,test_compare_cpu_index_fill_xpu_int16
op_extended,third_party.torch-xpu-ops.test.xpu.extended.test_ops_xpu.TestCommonXPU,test_compare_cpu_ne_xpu_int64
op_extended,third_party.torch-xpu-ops.test.xpu.extended.test_ops_xpu.TestCommonXPU,test_compare_cpu__chunk_cat_xpu_complex64
op_extended,third_party.torch-xpu-ops.test.xpu.extended.test_ops_xpu.TestCommonXPU,test_compare_cpu_std_mean_unbiased_xpu_complex64
op_extended,third_party.torch-xpu-ops.test.xpu.extended.test_ops_xpu.TestCommonXPU,test_compare_cpu_index_fill_xpu_int32
op_extended,third_party.torch-xpu-ops.test.xpu.extended.test_ops_xpu.TestCommonXPU,test_compare_cpu_nn_functional_softplus_xpu_float32
op_extended,third_party.torch-xpu-ops.test.xpu.extended.test_ops_xpu.TestCommonXPU,test_compare_cpu__chunk_cat_xpu_float16
op_extended,third_party.torch-xpu-ops.test.xpu.extended.test_ops_xpu.TestCommonXPU,test_compare_cpu_ne_xpu_int8
op_extended,third_party.torch-xpu-ops.test.xpu.extended.test_ops_xpu.TestCommonXPU,test_compare_cpu_std_mean_unbiased_xpu_float16
op_extended,third_party.torch-xpu-ops.test.xpu.extended.test_ops_xpu.TestCommonXPU,test_compare_cpu_index_fill_xpu_int64
op_extended,third_party.torch-xpu-ops.test.xpu.extended.test_ops_xpu.TestCompositeComplianceXPU,test_backward_nn_functional_group_norm_xpu_float32
op_extended,third_party.torch-xpu-ops.test.xpu.extended.test_ops_xpu.TestCommonXPU,test_compare_cpu__chunk_cat_xpu_float32
op_extended,third_party.torch-xpu-ops.test.xpu.extended.test_ops_xpu.TestCommonXPU,test_compare_cpu_nn_functional_softplus_xpu_float64
op_extended,third_party.torch-xpu-ops.test.xpu.extended.test_ops_xpu.TestCommonXPU,test_compare_cpu_div_no_rounding_mode_xpu_bool
op_extended,third_party.torch-xpu-ops.test.xpu.extended.test_ops_xpu.TestCommonXPU,test_compare_cpu_ne_xpu_uint8
op_extended,third_party.torch-xpu-ops.test.xpu.extended.test_ops_xpu.TestCommonXPU,test_compare_cpu_std_mean_unbiased_xpu_float32
op_extended,third_party.torch-xpu-ops.test.xpu.extended.test_ops_xpu.TestCommonXPU,test_compare_cpu_index_fill_xpu_int8
op_extended,third_party.torch-xpu-ops.test.xpu.extended.test_ops_xpu.TestCompositeComplianceXPU,test_backward_nn_functional_hardshrink_xpu_float32
op_extended,third_party.torch-xpu-ops.test.xpu.extended.test_ops_xpu.TestCommonXPU,test_compare_cpu__chunk_cat_xpu_float64
op_extended,third_party.torch-xpu-ops.test.xpu.extended.test_ops_xpu.TestCommonXPU,test_compare_cpu_std_mean_unbiased_xpu_float64
op_extended,third_party.torch-xpu-ops.test.xpu.extended.test_ops_xpu.TestCommonXPU,test_compare_cpu_index_fill_xpu_uint8
op_extended,third_party.torch-xpu-ops.test.xpu.extended.test_ops_xpu.TestCommonXPU,test_compare_cpu_neg_xpu_bfloat16
op_extended,third_party.torch-xpu-ops.test.xpu.extended.test_ops_xpu.TestCompositeComplianceXPU,test_backward_nn_functional_hardsigmoid_xpu_float32
op_extended,third_party.torch-xpu-ops.test.xpu.extended.test_ops_xpu.TestCommonXPU,test_compare_cpu__chunk_cat_xpu_int16
op_extended,third_party.torch-xpu-ops.test.xpu.extended.test_ops_xpu.TestCommonXPU,test_compare_cpu_div_no_rounding_mode_xpu_complex128
op_extended,third_party.torch-xpu-ops.test.xpu.extended.test_ops_xpu.TestCommonXPU,test_compare_cpu_nn_functional_softshrink_xpu_bfloat16
op_extended,third_party.torch-xpu-ops.test.xpu.extended.test_ops_xpu.TestCommonXPU,test_compare_cpu__chunk_cat_xpu_int32
op_extended,third_party.torch-xpu-ops.test.xpu.extended.test_ops_xpu.TestCommonXPU,test_compare_cpu_neg_xpu_complex128
op_extended,third_party.torch-xpu-ops.test.xpu.extended.test_ops_xpu.TestCompositeComplianceXPU,test_backward_nn_functional_huber_loss_xpu_float32
op_extended,third_party.torch-xpu-ops.test.xpu.extended.test_ops_xpu.TestCommonXPU,test_compare_cpu__chunk_cat_xpu_int64
op_extended,third_party.torch-xpu-ops.test.xpu.extended.test_ops_xpu.TestCommonXPU,test_compare_cpu_div_no_rounding_mode_xpu_complex64
op_extended,third_party.torch-xpu-ops.test.xpu.extended.test_ops_xpu.TestCommonXPU,test_compare_cpu_std_mean_xpu_bfloat16
op_extended,third_party.torch-xpu-ops.test.xpu.extended.test_ops_xpu.TestCommonXPU,test_compare_cpu_neg_xpu_complex64
op_extended,third_party.torch-xpu-ops.test.xpu.extended.test_ops_xpu.TestCommonXPU,test_compare_cpu__chunk_cat_xpu_int8
op_extended,third_party.torch-xpu-ops.test.xpu.extended.test_ops_xpu.TestCommonXPU,test_compare_cpu_nn_functional_softshrink_xpu_float16
op_extended,third_party.torch-xpu-ops.test.xpu.extended.test_ops_xpu.TestCompositeComplianceXPU,test_backward_nn_functional_interpolate_area_xpu_float32
op_extended,third_party.torch-xpu-ops.test.xpu.extended.test_ops_xpu.TestCommonXPU,test_compare_cpu_index_put_xpu_bfloat16
op_extended,third_party.torch-xpu-ops.test.xpu.extended.test_ops_xpu.TestCommonXPU,test_compare_cpu_std_mean_xpu_complex128
op_extended,third_party.torch-xpu-ops.test.xpu.extended.test_ops_xpu.TestCommonXPU,test_compare_cpu_div_no_rounding_mode_xpu_float16
op_extended,third_party.torch-xpu-ops.test.xpu.extended.test_ops_xpu.TestCommonXPU,test_compare_cpu__chunk_cat_xpu_uint8
op_extended,third_party.torch-xpu-ops.test.xpu.extended.test_ops_xpu.TestCommonXPU,test_compare_cpu_nn_functional_softshrink_xpu_float32
op_extended,third_party.torch-xpu-ops.test.xpu.extended.test_ops_xpu.TestCommonXPU,test_compare_cpu_index_put_xpu_bool
op_extended,third_party.torch-xpu-ops.test.xpu.extended.test_ops_xpu.TestCommonXPU,test_compare_cpu_std_mean_xpu_complex64
op_extended,third_party.torch-xpu-ops.test.xpu.extended.test_ops_xpu.TestCommonXPU,test_compare_cpu_neg_xpu_float16
op_extended,third_party.torch-xpu-ops.test.xpu.extended.test_ops_xpu.TestCompositeComplianceXPU,test_backward_nn_functional_interpolate_bicubic_xpu_float32
op_extended,third_party.torch-xpu-ops.test.xpu.extended.test_ops_xpu.TestCompositeComplianceXPU,test_forward_ad_scatter_reduce_amin_xpu_float32
op_extended,third_party.torch-xpu-ops.test.xpu.extended.test_ops_xpu.TestCommonXPU,test_compare_cpu_div_no_rounding_mode_xpu_float32
op_extended,third_party.torch-xpu-ops.test.xpu.extended.test_ops_xpu.TestCommonXPU,test_compare_cpu_index_put_xpu_complex128
op_extended,third_party.torch-xpu-ops.test.xpu.extended.test_ops_xpu.TestCommonXPU,test_compare_cpu_nn_functional_softshrink_xpu_float64
op_extended,third_party.torch-xpu-ops.test.xpu.extended.test_ops_xpu.TestCommonXPU,test_compare_cpu_std_mean_xpu_float16
op_extended,third_party.torch-xpu-ops.test.xpu.extended.test_ops_xpu.TestCommonXPU,test_compare_cpu_neg_xpu_float32
op_extended,third_party.torch-xpu-ops.test.xpu.extended.test_ops_xpu.TestCompositeComplianceXPU,test_backward_nn_functional_interpolate_bilinear_xpu_float32
op_extended,third_party.torch-xpu-ops.test.xpu.extended.test_ops_xpu.TestCommonXPU,test_compare_cpu_index_put_xpu_complex64
op_extended,third_party.torch-xpu-ops.test.xpu.extended.test_ops_xpu.TestCommonXPU,test_compare_cpu_std_mean_xpu_float32
op_extended,third_party.torch-xpu-ops.test.xpu.extended.test_ops_xpu.TestCommonXPU,test_compare_cpu_neg_xpu_float64
op_extended,third_party.torch-xpu-ops.test.xpu.extended.test_ops_xpu.TestCommonXPU,test_compare_cpu_div_no_rounding_mode_xpu_float64
op_extended,third_party.torch-xpu-ops.test.xpu.extended.test_ops_xpu.TestCompositeComplianceXPU,test_backward_nn_functional_interpolate_linear_xpu_float32
op_extended,third_party.torch-xpu-ops.test.xpu.extended.test_ops_xpu.TestCommonXPU,test_compare_cpu_std_mean_xpu_float64
op_extended,third_party.torch-xpu-ops.test.xpu.extended.test_ops_xpu.TestCommonXPU,test_compare_cpu_neg_xpu_int16
op_extended,third_party.torch-xpu-ops.test.xpu.extended.test_ops_xpu.TestCommonXPU,test_compare_cpu_index_put_xpu_float16
op_extended,third_party.torch-xpu-ops.test.xpu.extended.test_ops_xpu.TestCommonXPU,test_compare_cpu_nn_functional_threshold_xpu_bfloat16
op_extended,third_party.torch-xpu-ops.test.xpu.extended.test_ops_xpu.TestCommonXPU,test_compare_cpu_div_no_rounding_mode_xpu_int16
op_extended,third_party.torch-xpu-ops.test.xpu.extended.test_ops_xpu.TestCompositeComplianceXPU,test_backward_nn_functional_interpolate_nearest-exact_xpu_float32
op_extended,third_party.torch-xpu-ops.test.xpu.extended.test_ops_xpu.TestCommonXPU,test_compare_cpu_index_put_xpu_float32
op_extended,third_party.torch-xpu-ops.test.xpu.extended.test_ops_xpu.TestCommonXPU,test_compare_cpu_neg_xpu_int32
op_extended,third_party.torch-xpu-ops.test.xpu.extended.test_ops_xpu.TestCommonXPU,test_compare_cpu_index_put_xpu_float64
op_extended,third_party.torch-xpu-ops.test.xpu.extended.test_ops_xpu.TestCompositeComplianceXPU,test_backward_nn_functional_interpolate_nearest_xpu_float32
op_extended,third_party.torch-xpu-ops.test.xpu.extended.test_ops_xpu.TestCommonXPU,test_compare_cpu_neg_xpu_int64
op_extended,third_party.torch-xpu-ops.test.xpu.extended.test_ops_xpu.TestCommonXPU,test_compare_cpu_div_no_rounding_mode_xpu_int32
op_extended,third_party.torch-xpu-ops.test.xpu.extended.test_ops_xpu.TestCommonXPU,test_compare_cpu_std_unbiased_xpu_bfloat16
op_extended,third_party.torch-xpu-ops.test.xpu.extended.test_ops_xpu.TestCommonXPU,test_compare_cpu_index_put_xpu_int16
op_extended,third_party.torch-xpu-ops.test.xpu.extended.test_ops_xpu.TestCommonXPU,test_compare_cpu_nn_functional_threshold_xpu_float16
op_extended,third_party.torch-xpu-ops.test.xpu.extended.test_ops_xpu.TestCommonXPU,test_compare_cpu_neg_xpu_int8
op_extended,third_party.torch-xpu-ops.test.xpu.extended.test_ops_xpu.TestCompositeComplianceXPU,test_backward_nn_functional_leaky_relu_xpu_float32
op_extended,third_party.torch-xpu-ops.test.xpu.extended.test_ops_xpu.TestCommonXPU,test_compare_cpu_std_unbiased_xpu_complex128
op_extended,third_party.torch-xpu-ops.test.xpu.extended.test_ops_xpu.TestCommonXPU,test_compare_cpu_index_put_xpu_int32
op_extended,third_party.torch-xpu-ops.test.xpu.extended.test_ops_xpu.TestCommonXPU,test_compare_cpu_div_no_rounding_mode_xpu_int64
op_extended,third_party.torch-xpu-ops.test.xpu.extended.test_ops_xpu.TestCommonXPU,test_compare_cpu_nn_functional_threshold_xpu_float32
op_extended,third_party.torch-xpu-ops.test.xpu.extended.test_ops_xpu.TestCommonXPU,test_compare_cpu_neg_xpu_uint8
op_extended,third_party.torch-xpu-ops.test.xpu.extended.test_ops_xpu.TestCompositeComplianceXPU,test_forward_ad_scatter_reduce_mean_xpu_float32
op_extended,third_party.torch-xpu-ops.test.xpu.extended.test_ops_xpu.TestCommonXPU,test_compare_cpu_std_unbiased_xpu_complex64
op_extended,third_party.torch-xpu-ops.test.xpu.extended.test_ops_xpu.TestCommonXPU,test_compare_cpu_index_put_xpu_int64
op_extended,third_party.torch-xpu-ops.test.xpu.extended.test_ops_xpu.TestCommonXPU,test_compare_cpu_nn_functional_threshold_xpu_float64
op_extended,third_party.torch-xpu-ops.test.xpu.extended.test_ops_xpu.TestCommonXPU,test_compare_cpu_div_no_rounding_mode_xpu_int8
op_extended,third_party.torch-xpu-ops.test.xpu.extended.test_ops_xpu.TestCommonXPU,test_compare_cpu_std_unbiased_xpu_float16
op_extended,third_party.torch-xpu-ops.test.xpu.extended.test_ops_xpu.TestCommonXPU,test_compare_cpu_index_put_xpu_int8
op_extended,third_party.torch-xpu-ops.test.xpu.extended.test_ops_xpu.TestCompositeComplianceXPU,test_backward_nn_functional_local_response_norm_xpu_float32
op_extended,third_party.torch-xpu-ops.test.xpu.extended.test_ops_xpu.TestCommonXPU,test_compare_cpu__refs_rsub_xpu_complex128
op_extended,third_party.torch-xpu-ops.test.xpu.extended.test_ops_xpu.TestCommonXPU,test_compare_cpu_std_unbiased_xpu_float32
op_extended,third_party.torch-xpu-ops.test.xpu.extended.test_ops_xpu.TestCommonXPU,test_compare_cpu_nn_functional_threshold_xpu_int16
op_extended,third_party.torch-xpu-ops.test.xpu.extended.test_ops_xpu.TestCommonXPU,test_compare_cpu_nextafter_xpu_float32
op_extended,third_party.torch-xpu-ops.test.xpu.extended.test_ops_xpu.TestCommonXPU,test_compare_cpu_index_put_xpu_uint8
op_extended,third_party.torch-xpu-ops.test.xpu.extended.test_ops_xpu.TestCommonXPU,test_compare_cpu_div_no_rounding_mode_xpu_uint8
op_extended,third_party.torch-xpu-ops.test.xpu.extended.test_ops_xpu.TestCommonXPU,test_compare_cpu_std_unbiased_xpu_float64
op_extended,third_party.torch-xpu-ops.test.xpu.extended.test_ops_xpu.TestCommonXPU,test_compare_cpu_index_reduce_amax_xpu_bfloat16
op_extended,third_party.torch-xpu-ops.test.xpu.extended.test_ops_xpu.TestCommonXPU,test_compare_cpu_nn_functional_threshold_xpu_int32
op_extended,third_party.torch-xpu-ops.test.xpu.extended.test_ops_xpu.TestCommonXPU,test_compare_cpu_nextafter_xpu_float64
op_extended,third_party.torch-xpu-ops.test.xpu.extended.test_ops_xpu.TestCommonXPU,test_compare_cpu__refs_rsub_xpu_complex64
op_extended,third_party.torch-xpu-ops.test.xpu.extended.test_ops_xpu.TestCommonXPU,test_compare_cpu_div_trunc_rounding_xpu_bfloat16
op_extended,third_party.torch-xpu-ops.test.xpu.extended.test_ops_xpu.TestCommonXPU,test_compare_cpu_nn_functional_threshold_xpu_int64
op_extended,third_party.torch-xpu-ops.test.xpu.extended.test_ops_xpu.TestCommonXPU,test_compare_cpu_index_reduce_amax_xpu_float16
op_extended,third_party.torch-xpu-ops.test.xpu.extended.test_ops_xpu.TestCommonXPU,test_compare_cpu_std_xpu_bfloat16
op_extended,third_party.torch-xpu-ops.test.xpu.extended.test_ops_xpu.TestCommonXPU,test_compare_cpu_nn_functional_threshold_xpu_int8
op_extended,third_party.torch-xpu-ops.test.xpu.extended.test_ops_xpu.TestCommonXPU,test_compare_cpu_nn_functional_adaptive_avg_pool2d_xpu_bfloat16
op_extended,third_party.torch-xpu-ops.test.xpu.extended.test_ops_xpu.TestCommonXPU,test_compare_cpu_index_reduce_amax_xpu_float32
op_extended,third_party.torch-xpu-ops.test.xpu.extended.test_ops_xpu.TestCommonXPU,test_compare_cpu__refs_rsub_xpu_float16
op_extended,third_party.torch-xpu-ops.test.xpu.extended.test_ops_xpu.TestCommonXPU,test_compare_cpu_div_trunc_rounding_xpu_float32
op_extended,third_party.torch-xpu-ops.test.xpu.extended.test_ops_xpu.TestCompositeComplianceXPU,test_forward_ad_scatter_reduce_sum_xpu_float32
op_extended,third_party.torch-xpu-ops.test.xpu.extended.test_ops_xpu.TestCommonXPU,test_compare_cpu_nn_functional_threshold_xpu_uint8
op_extended,third_party.torch-xpu-ops.test.xpu.extended.test_ops_xpu.TestCommonXPU,test_compare_cpu_std_xpu_complex128
op_extended,third_party.torch-xpu-ops.test.xpu.extended.test_ops_xpu.TestCommonXPU,test_compare_cpu_index_reduce_amax_xpu_float64
op_extended,third_party.torch-xpu-ops.test.xpu.extended.test_ops_xpu.TestCommonXPU,test_compare_cpu__refs_rsub_xpu_float32
op_extended,third_party.torch-xpu-ops.test.xpu.extended.test_ops_xpu.TestCommonXPU,test_compare_cpu_std_xpu_complex64
op_extended,third_party.torch-xpu-ops.test.xpu.extended.test_ops_xpu.TestCommonXPU,test_compare_cpu_nn_functional_adaptive_avg_pool2d_xpu_float16
op_extended,third_party.torch-xpu-ops.test.xpu.extended.test_ops_xpu.TestCommonXPU,test_compare_cpu_div_trunc_rounding_xpu_int16
op_extended,third_party.torch-xpu-ops.test.xpu.extended.test_ops_xpu.TestCommonXPU,test_compare_cpu_index_reduce_amax_xpu_int16
op_extended,third_party.torch-xpu-ops.test.xpu.extended.test_ops_xpu.TestCommonXPU,test_compare_cpu_nn_functional_unfold_xpu_bfloat16
op_extended,third_party.torch-xpu-ops.test.xpu.extended.test_ops_xpu.TestCommonXPU,test_compare_cpu_std_xpu_float16
op_extended,third_party.torch-xpu-ops.test.xpu.extended.test_ops_xpu.TestCommonXPU,test_compare_cpu_nn_functional_adaptive_avg_pool2d_xpu_float32
op_extended,third_party.torch-xpu-ops.test.xpu.extended.test_ops_xpu.TestCommonXPU,test_compare_cpu_index_reduce_amax_xpu_int32
op_extended,third_party.torch-xpu-ops.test.xpu.extended.test_ops_xpu.TestCommonXPU,test_compare_cpu__refs_rsub_xpu_float64
op_extended,third_party.torch-xpu-ops.test.xpu.extended.test_ops_xpu.TestCompositeComplianceXPU,test_forward_ad_scatter_xpu_float32
op_extended,third_party.torch-xpu-ops.test.xpu.extended.test_ops_xpu.TestCommonXPU,test_compare_cpu_div_trunc_rounding_xpu_int32
op_extended,third_party.torch-xpu-ops.test.xpu.extended.test_ops_xpu.TestCommonXPU,test_compare_cpu_nn_functional_unfold_xpu_bool
op_extended,third_party.torch-xpu-ops.test.xpu.extended.test_ops_xpu.TestCommonXPU,test_compare_cpu_std_xpu_float32
op_extended,third_party.torch-xpu-ops.test.xpu.extended.test_ops_xpu.TestCommonXPU,test_compare_cpu_nn_functional_adaptive_avg_pool2d_xpu_float64
op_extended,third_party.torch-xpu-ops.test.xpu.extended.test_ops_xpu.TestCommonXPU,test_compare_cpu_index_reduce_amax_xpu_int64
op_extended,third_party.torch-xpu-ops.test.xpu.extended.test_ops_xpu.TestCommonXPU,test_compare_cpu__refs_rsub_xpu_int16
op_extended,third_party.torch-xpu-ops.test.xpu.extended.test_ops_xpu.TestCommonXPU,test_compare_cpu_std_xpu_float64
op_extended,third_party.torch-xpu-ops.test.xpu.extended.test_ops_xpu.TestCompositeComplianceXPU,test_forward_ad_sgn_xpu_float32
op_extended,third_party.torch-xpu-ops.test.xpu.extended.test_ops_xpu.TestCommonXPU,test_compare_cpu_index_reduce_amax_xpu_int8
op_extended,third_party.torch-xpu-ops.test.xpu.extended.test_ops_xpu.TestCommonXPU,test_compare_cpu_div_trunc_rounding_xpu_int64
op_extended,third_party.torch-xpu-ops.test.xpu.extended.test_ops_xpu.TestCommonXPU,test_compare_cpu_nn_functional_unfold_xpu_complex128
op_extended,third_party.torch-xpu-ops.test.xpu.extended.test_ops_xpu.TestCommonXPU,test_compare_cpu__refs_rsub_xpu_int32
op_extended,third_party.torch-xpu-ops.test.xpu.extended.test_ops_xpu.TestCommonXPU,test_compare_cpu_index_reduce_amax_xpu_uint8
op_extended,third_party.torch-xpu-ops.test.xpu.extended.test_ops_xpu.TestCompositeComplianceXPU,test_forward_ad_sigmoid_xpu_float32
op_extended,third_party.torch-xpu-ops.test.xpu.extended.test_ops_xpu.TestCommonXPU,test_compare_cpu_div_trunc_rounding_xpu_int8
op_extended,third_party.torch-xpu-ops.test.xpu.extended.test_ops_xpu.TestCommonXPU,test_compare_cpu_nn_functional_unfold_xpu_complex64
op_extended,third_party.torch-xpu-ops.test.xpu.extended.test_ops_xpu.TestCommonXPU,test_compare_cpu_index_reduce_amin_xpu_bfloat16
op_extended,third_party.torch-xpu-ops.test.xpu.extended.test_ops_xpu.TestCompositeComplianceXPU,test_forward_ad_sign_xpu_float32
op_extended,third_party.torch-xpu-ops.test.xpu.extended.test_ops_xpu.TestCommonXPU,test_compare_cpu__refs_rsub_xpu_int64
op_extended,third_party.torch-xpu-ops.test.xpu.extended.test_ops_xpu.TestCommonXPU,test_compare_cpu_nn_functional_adaptive_avg_pool3d_xpu_float32
op_extended,third_party.torch-xpu-ops.test.xpu.extended.test_ops_xpu.TestCommonXPU,test_compare_cpu_div_trunc_rounding_xpu_uint8
op_extended,third_party.torch-xpu-ops.test.xpu.extended.test_ops_xpu.TestCommonXPU,test_compare_cpu_nn_functional_unfold_xpu_float16
op_extended,third_party.torch-xpu-ops.test.xpu.extended.test_ops_xpu.TestCommonXPU,test_compare_cpu_sub_xpu_complex128
op_extended,third_party.torch-xpu-ops.test.xpu.extended.test_ops_xpu.TestCommonXPU,test_compare_cpu_nn_functional_adaptive_avg_pool3d_xpu_float64
op_extended,third_party.torch-xpu-ops.test.xpu.extended.test_ops_xpu.TestCompositeComplianceXPU,test_forward_ad_sin_xpu_float32
op_extended,third_party.torch-xpu-ops.test.xpu.extended.test_ops_xpu.TestCommonXPU,test_compare_cpu__refs_rsub_xpu_int8
op_extended,third_party.torch-xpu-ops.test.xpu.extended.test_ops_xpu.TestCommonXPU,test_compare_cpu_index_reduce_amin_xpu_float16
op_extended,third_party.torch-xpu-ops.test.xpu.extended.test_ops_xpu.TestCompositeComplianceXPU,test_forward_ad_sinc_xpu_float32
op_extended,third_party.torch-xpu-ops.test.xpu.extended.test_ops_xpu.TestCommonXPU,test_compare_cpu_index_reduce_amin_xpu_float32
op_extended,third_party.torch-xpu-ops.test.xpu.extended.test_ops_xpu.TestCommonXPU,test_compare_cpu_nn_functional_unfold_xpu_float32
op_extended,third_party.torch-xpu-ops.test.xpu.extended.test_ops_xpu.TestCommonXPU,test_compare_cpu__refs_rsub_xpu_uint8
op_extended,third_party.torch-xpu-ops.test.xpu.extended.test_ops_xpu.TestCommonXPU,test_compare_cpu_sub_xpu_complex64
op_extended,third_party.torch-xpu-ops.test.xpu.extended.test_ops_xpu.TestCompositeComplianceXPU,test_forward_ad_sinh_xpu_float32
op_extended,third_party.torch-xpu-ops.test.xpu.extended.test_ops_xpu.TestCommonXPU,test_compare_cpu_index_reduce_amin_xpu_float64
op_extended,third_party.torch-xpu-ops.test.xpu.extended.test_ops_xpu.TestCommonXPU,test_compare_cpu_nn_functional_adaptive_max_pool2d_xpu_bfloat16
op_extended,third_party.torch-xpu-ops.test.xpu.extended.test_ops_xpu.TestCommonXPU,test_compare_cpu_nn_functional_unfold_xpu_float64
op_extended,third_party.torch-xpu-ops.test.xpu.extended.test_ops_xpu.TestCommonXPU,test_compare_cpu_index_reduce_amin_xpu_int16
op_extended,third_party.torch-xpu-ops.test.xpu.extended.test_ops_xpu.TestCommonXPU,test_compare_cpu_sub_xpu_float32
op_extended,third_party.torch-xpu-ops.test.xpu.extended.test_ops_xpu.TestCompositeComplianceXPU,test_forward_ad_softmax_with_dtype_xpu_float32
op_extended,third_party.torch-xpu-ops.test.xpu.extended.test_ops_xpu.TestCommonXPU,test_compare_cpu_index_reduce_amin_xpu_int32
op_extended,third_party.torch-xpu-ops.test.xpu.extended.test_ops_xpu.TestCommonXPU,test_compare_cpu_nn_functional_adaptive_max_pool2d_xpu_float16
op_extended,third_party.torch-xpu-ops.test.xpu.extended.test_ops_xpu.TestCommonXPU,test_compare_cpu_eq_xpu_bfloat16
op_extended,third_party.torch-xpu-ops.test.xpu.extended.test_ops_xpu.TestCommonXPU,test_compare_cpu__segment_reduce_lengths_xpu_bfloat16
op_extended,third_party.torch-xpu-ops.test.xpu.extended.test_ops_xpu.TestCommonXPU,test_compare_cpu_sub_xpu_float64
op_extended,third_party.torch-xpu-ops.test.xpu.extended.test_ops_xpu.TestCommonXPU,test_compare_cpu_index_reduce_amin_xpu_int64
op_extended,third_party.torch-xpu-ops.test.xpu.extended.test_ops_xpu.TestCommonXPU,test_compare_cpu_nn_functional_adaptive_max_pool2d_xpu_float32
op_extended,third_party.torch-xpu-ops.test.xpu.extended.test_ops_xpu.TestCommonXPU,test_compare_cpu_eq_xpu_bool
op_extended,third_party.torch-xpu-ops.test.xpu.extended.test_ops_xpu.TestCommonXPU,test_compare_cpu_index_reduce_amin_xpu_int8
op_extended,third_party.torch-xpu-ops.test.xpu.extended.test_ops_xpu.TestCommonXPU,test_compare_cpu_sub_xpu_int16
op_extended,third_party.torch-xpu-ops.test.xpu.extended.test_ops_xpu.TestCommonXPU,test_compare_cpu_nn_functional_adaptive_max_pool2d_xpu_float64
op_extended,third_party.torch-xpu-ops.test.xpu.extended.test_ops_xpu.TestCompositeComplianceXPU,test_forward_ad_softmax_xpu_float32
op_extended,third_party.torch-xpu-ops.test.xpu.extended.test_ops_xpu.TestCommonXPU,test_compare_cpu_nn_functional_upsample_bilinear_xpu_float32
op_extended,third_party.torch-xpu-ops.test.xpu.extended.test_ops_xpu.TestCommonXPU,test_compare_cpu__segment_reduce_lengths_xpu_float16
op_extended,third_party.torch-xpu-ops.test.xpu.extended.test_ops_xpu.TestCommonXPU,test_compare_cpu_index_reduce_amin_xpu_uint8
op_extended,third_party.torch-xpu-ops.test.xpu.extended.test_ops_xpu.TestCommonXPU,test_compare_cpu_sub_xpu_int32
op_extended,third_party.torch-xpu-ops.test.xpu.extended.test_ops_xpu.TestCompositeComplianceXPU,test_forward_ad_split_with_sizes_copy_xpu_float32
op_extended,third_party.torch-xpu-ops.test.xpu.extended.test_ops_xpu.TestCommonXPU,test_compare_cpu_eq_xpu_complex128
op_extended,third_party.torch-xpu-ops.test.xpu.extended.test_ops_xpu.TestCommonXPU,test_compare_cpu_nn_functional_upsample_bilinear_xpu_float64
op_extended,third_party.torch-xpu-ops.test.xpu.extended.test_ops_xpu.TestCommonXPU,test_compare_cpu__segment_reduce_lengths_xpu_float32
op_extended,third_party.torch-xpu-ops.test.xpu.extended.test_ops_xpu.TestCompositeComplianceXPU,test_forward_ad_sqrt_xpu_float32
op_extended,third_party.torch-xpu-ops.test.xpu.extended.test_ops_xpu.TestCommonXPU,test_compare_cpu_nn_functional_adaptive_max_pool3d_xpu_bfloat16
op_extended,third_party.torch-xpu-ops.test.xpu.extended.test_ops_xpu.TestCommonXPU,test_compare_cpu_sub_xpu_int64
op_extended,third_party.torch-xpu-ops.test.xpu.extended.test_ops_xpu.TestCommonXPU,test_compare_cpu_eq_xpu_complex64
op_extended,third_party.torch-xpu-ops.test.xpu.extended.test_ops_xpu.TestCompositeComplianceXPU,test_forward_ad_square_xpu_float32
op_extended,third_party.torch-xpu-ops.test.xpu.extended.test_ops_xpu.TestCommonXPU,test_compare_cpu__segment_reduce_lengths_xpu_float64
op_extended,third_party.torch-xpu-ops.test.xpu.extended.test_ops_xpu.TestCommonXPU,test_compare_cpu_index_reduce_mean_xpu_float32
op_extended,third_party.torch-xpu-ops.test.xpu.extended.test_ops_xpu.TestCommonXPU,test_compare_cpu_nn_functional_upsample_nearest_xpu_bfloat16
op_extended,third_party.torch-xpu-ops.test.xpu.extended.test_ops_xpu.TestCommonXPU,test_compare_cpu_sub_xpu_int8
op_extended,third_party.torch-xpu-ops.test.xpu.extended.test_ops_xpu.TestCommonXPU,test_compare_cpu_eq_xpu_float16
op_extended,third_party.torch-xpu-ops.test.xpu.extended.test_ops_xpu.TestCommonXPU,test_compare_cpu_index_reduce_mean_xpu_float64
op_extended,third_party.torch-xpu-ops.test.xpu.extended.test_ops_xpu.TestCompositeComplianceXPU,test_forward_ad_std_mean_unbiased_xpu_float32
op_extended,third_party.torch-xpu-ops.test.xpu.extended.test_ops_xpu.TestCommonXPU,test_compare_cpu_nn_functional_adaptive_max_pool3d_xpu_float16
op_extended,third_party.torch-xpu-ops.test.xpu.extended.test_ops_xpu.TestCommonXPU,test_compare_cpu_nn_functional_adaptive_max_pool3d_xpu_float32
op_extended,third_party.torch-xpu-ops.test.xpu.extended.test_ops_xpu.TestCommonXPU,test_compare_cpu_sub_xpu_uint8
op_extended,third_party.torch-xpu-ops.test.xpu.extended.test_ops_xpu.TestCommonXPU,test_compare_cpu_index_reduce_mean_xpu_int16
op_extended,third_party.torch-xpu-ops.test.xpu.extended.test_ops_xpu.TestCommonXPU,test_compare_cpu_eq_xpu_float32
op_extended,third_party.torch-xpu-ops.test.xpu.extended.test_ops_xpu.TestCommonXPU,test_compare_cpu_nn_functional_upsample_nearest_xpu_float16
op_extended,third_party.torch-xpu-ops.test.xpu.extended.test_ops_xpu.TestCommonXPU,test_compare_cpu__segment_reduce_offsets_xpu_bfloat16
op_extended,third_party.torch-xpu-ops.test.xpu.extended.test_ops_xpu.TestCompositeComplianceXPU,test_forward_ad_std_mean_xpu_float32
op_extended,third_party.torch-xpu-ops.test.xpu.extended.test_ops_xpu.TestCommonXPU,test_compare_cpu_nn_functional_adaptive_max_pool3d_xpu_float64
op_extended,third_party.torch-xpu-ops.test.xpu.extended.test_ops_xpu.TestCommonXPU,test_compare_cpu_index_reduce_mean_xpu_int32
op_extended,third_party.torch-xpu-ops.test.xpu.extended.test_ops_xpu.TestCommonXPU,test_compare_cpu_nn_functional_upsample_nearest_xpu_float32
op_extended,third_party.torch-xpu-ops.test.xpu.extended.test_ops_xpu.TestCommonXPU,test_compare_cpu_sum_xpu_bfloat16
op_extended,third_party.torch-xpu-ops.test.xpu.extended.test_ops_xpu.TestCompositeComplianceXPU,test_forward_ad_std_unbiased_xpu_float32
op_extended,third_party.torch-xpu-ops.test.xpu.extended.test_ops_xpu.TestCommonXPU,test_compare_cpu_eq_xpu_float64
op_extended,third_party.torch-xpu-ops.test.xpu.extended.test_ops_xpu.TestCommonXPU,test_compare_cpu_index_reduce_mean_xpu_int64
op_extended,third_party.torch-xpu-ops.test.xpu.extended.test_ops_xpu.TestCommonXPU,test_compare_cpu_nn_functional_upsample_nearest_xpu_float64
op_extended,third_party.torch-xpu-ops.test.xpu.extended.test_ops_xpu.TestCommonXPU,test_compare_cpu_sum_xpu_bool
op_extended,third_party.torch-xpu-ops.test.xpu.extended.test_ops_xpu.TestCommonXPU,test_compare_cpu__segment_reduce_offsets_xpu_float16
op_extended,third_party.torch-xpu-ops.test.xpu.extended.test_ops_xpu.TestCompositeComplianceXPU,test_forward_ad_std_xpu_float32
op_extended,third_party.torch-xpu-ops.test.xpu.extended.test_ops_xpu.TestCommonXPU,test_compare_cpu_index_reduce_mean_xpu_int8
op_extended,third_party.torch-xpu-ops.test.xpu.extended.test_ops_xpu.TestCommonXPU,test_compare_cpu_eq_xpu_int16
op_extended,third_party.torch-xpu-ops.test.xpu.extended.test_ops_xpu.TestCommonXPU,test_compare_cpu_nn_functional_avg_pool1d_xpu_bfloat16
op_extended,third_party.torch-xpu-ops.test.xpu.extended.test_ops_xpu.TestCommonXPU,test_compare_cpu_sum_xpu_complex128
op_extended,third_party.torch-xpu-ops.test.xpu.extended.test_ops_xpu.TestCompositeComplianceXPU,test_backward_nn_functional_max_pool2d_xpu_float32
op_extended,third_party.torch-xpu-ops.test.xpu.extended.test_ops_xpu.TestCommonXPU,test_compare_cpu__segment_reduce_offsets_xpu_float32
op_extended,third_party.torch-xpu-ops.test.xpu.extended.test_ops_xpu.TestCommonXPU,test_compare_cpu_index_reduce_mean_xpu_uint8
op_extended,third_party.torch-xpu-ops.test.xpu.extended.test_ops_xpu.TestCommonXPU,test_compare_cpu_sum_xpu_complex64
op_extended,third_party.torch-xpu-ops.test.xpu.extended.test_ops_xpu.TestCommonXPU,test_compare_cpu_nn_functional_upsample_nearest_xpu_uint8
op_extended,third_party.torch-xpu-ops.test.xpu.extended.test_ops_xpu.TestCommonXPU,test_compare_cpu_eq_xpu_int32
op_extended,third_party.torch-xpu-ops.test.xpu.extended.test_ops_xpu.TestCompositeComplianceXPU,test_forward_ad_sub_xpu_float32
op_extended,third_party.torch-xpu-ops.test.xpu.extended.test_ops_xpu.TestCommonXPU,test_compare_cpu_nn_functional_avg_pool1d_xpu_float16
op_extended,third_party.torch-xpu-ops.test.xpu.extended.test_ops_xpu.TestCommonXPU,test_compare_cpu__segment_reduce_offsets_xpu_float64
op_extended,third_party.torch-xpu-ops.test.xpu.extended.test_ops_xpu.TestCommonXPU,test_compare_cpu_sum_xpu_float16
op_extended,third_party.torch-xpu-ops.test.xpu.extended.test_ops_xpu.TestCommonXPU,test_compare_cpu_index_reduce_prod_xpu_float32
op_extended,third_party.torch-xpu-ops.test.xpu.extended.test_ops_xpu.TestCommonXPU,test_compare_cpu_nn_functional_avg_pool1d_xpu_float32
op_extended,third_party.torch-xpu-ops.test.xpu.extended.test_ops_xpu.TestCommonXPU,test_compare_cpu_eq_xpu_int64
op_extended,third_party.torch-xpu-ops.test.xpu.extended.test_ops_xpu.TestCompositeComplianceXPU,test_forward_ad_sum_xpu_float32
op_extended,third_party.torch-xpu-ops.test.xpu.extended.test_ops_xpu.TestCommonXPU,test_compare_cpu_sum_xpu_float32
op_extended,third_party.torch-xpu-ops.test.xpu.extended.test_ops_xpu.TestCommonXPU,test_compare_cpu_index_reduce_prod_xpu_float64
op_extended,third_party.torch-xpu-ops.test.xpu.extended.test_ops_xpu.TestCommonXPU,test_compare_cpu_nn_functional_avg_pool1d_xpu_float64
op_extended,third_party.torch-xpu-ops.test.xpu.extended.test_ops_xpu.TestCommonXPU,test_compare_cpu_eq_xpu_int8
op_extended,third_party.torch-xpu-ops.test.xpu.extended.test_ops_xpu.TestCommonXPU,test_compare_cpu_nonzero_xpu_bfloat16
op_extended,third_party.torch-xpu-ops.test.xpu.extended.test_ops_xpu.TestCommonXPU,test_compare_cpu_sum_xpu_float64
op_extended,third_party.torch-xpu-ops.test.xpu.extended.test_ops_xpu.TestCompositeComplianceXPU,test_forward_ad_take_xpu_float32
op_extended,third_party.torch-xpu-ops.test.xpu.extended.test_ops_xpu.TestCommonXPU,test_compare_cpu_index_reduce_prod_xpu_int16
op_extended,third_party.torch-xpu-ops.test.xpu.extended.test_ops_xpu.TestCommonXPU,test_compare_cpu_nonzero_xpu_bool
op_extended,third_party.torch-xpu-ops.test.xpu.extended.test_ops_xpu.TestCommonXPU,test_compare_cpu_sum_xpu_int16
op_extended,third_party.torch-xpu-ops.test.xpu.extended.test_ops_xpu.TestCompositeComplianceXPU,test_forward_ad_tan_xpu_float32
op_extended,third_party.torch-xpu-ops.test.xpu.extended.test_ops_xpu.TestCommonXPU,test_compare_cpu__softmax_backward_data_xpu_float32
op_extended,third_party.torch-xpu-ops.test.xpu.extended.test_ops_xpu.TestCommonXPU,test_compare_cpu_index_reduce_prod_xpu_int32
op_extended,third_party.torch-xpu-ops.test.xpu.extended.test_ops_xpu.TestCommonXPU,test_compare_cpu_eq_xpu_uint8
op_extended,third_party.torch-xpu-ops.test.xpu.extended.test_ops_xpu.TestCommonXPU,test_compare_cpu_nn_functional_avg_pool2d_xpu_bfloat16
op_extended,third_party.torch-xpu-ops.test.xpu.extended.test_ops_xpu.TestCommonXPU,test_compare_cpu_nonzero_xpu_complex128
op_extended,third_party.torch-xpu-ops.test.xpu.extended.test_ops_xpu.TestCompositeComplianceXPU,test_forward_ad_tanh_xpu_float32
op_extended,third_party.torch-xpu-ops.test.xpu.extended.test_ops_xpu.TestCommonXPU,test_compare_cpu_sum_xpu_int32
op_extended,third_party.torch-xpu-ops.test.xpu.extended.test_ops_xpu.TestCommonXPU,test_compare_cpu__softmax_backward_data_xpu_float64
op_extended,third_party.torch-xpu-ops.test.xpu.extended.test_ops_xpu.TestCommonXPU,test_compare_cpu_index_reduce_prod_xpu_int64
op_extended,third_party.torch-xpu-ops.test.xpu.extended.test_ops_xpu.TestCommonXPU,test_compare_cpu_equal_xpu_bfloat16
op_extended,third_party.torch-xpu-ops.test.xpu.extended.test_ops_xpu.TestCommonXPU,test_compare_cpu_nonzero_xpu_complex64
op_extended,third_party.torch-xpu-ops.test.xpu.extended.test_ops_xpu.TestCommonXPU,test_compare_cpu_sum_xpu_int64
op_extended,third_party.torch-xpu-ops.test.xpu.extended.test_ops_xpu.TestCompositeComplianceXPU,test_forward_ad_trace_xpu_float32
op_extended,third_party.torch-xpu-ops.test.xpu.extended.test_ops_xpu.TestCommonXPU,test_compare_cpu_index_reduce_prod_xpu_int8
op_extended,third_party.torch-xpu-ops.test.xpu.extended.test_ops_xpu.TestCommonXPU,test_compare_cpu_equal_xpu_bool
op_extended,third_party.torch-xpu-ops.test.xpu.extended.test_ops_xpu.TestCommonXPU,test_compare_cpu_nn_functional_avg_pool2d_xpu_float16
op_extended,third_party.torch-xpu-ops.test.xpu.extended.test_ops_xpu.TestCommonXPU,test_compare_cpu_sum_xpu_int8
op_extended,third_party.torch-xpu-ops.test.xpu.extended.test_ops_xpu.TestCommonXPU,test_compare_cpu_nonzero_xpu_float16
op_extended,third_party.torch-xpu-ops.test.xpu.extended.test_ops_xpu.TestCommonXPU,test_compare_cpu_index_reduce_prod_xpu_uint8
op_extended,third_party.torch-xpu-ops.test.xpu.extended.test_ops_xpu.TestCommonXPU,test_compare_cpu_nn_functional_avg_pool2d_xpu_float32
op_extended,third_party.torch-xpu-ops.test.xpu.extended.test_ops_xpu.TestCommonXPU,test_compare_cpu_equal_xpu_complex128
op_extended,third_party.torch-xpu-ops.test.xpu.extended.test_ops_xpu.TestCompositeComplianceXPU,test_forward_ad_tril_xpu_float32
op_extended,third_party.torch-xpu-ops.test.xpu.extended.test_ops_xpu.TestCommonXPU,test_compare_cpu_sum_xpu_uint8
op_extended,third_party.torch-xpu-ops.test.xpu.extended.test_ops_xpu.TestCommonXPU,test_compare_cpu_index_select_xpu_bfloat16
op_extended,third_party.torch-xpu-ops.test.xpu.extended.test_ops_xpu.TestCommonXPU,test_compare_cpu_nonzero_xpu_float32
op_extended,third_party.torch-xpu-ops.test.xpu.extended.test_ops_xpu.TestCommonXPU,test_compare_cpu_nn_functional_avg_pool2d_xpu_float64
op_extended,third_party.torch-xpu-ops.test.xpu.extended.test_ops_xpu.TestCommonXPU,test_compare_cpu_equal_xpu_complex64
op_extended,third_party.torch-xpu-ops.test.xpu.extended.test_ops_xpu.TestCommonXPU,test_compare_cpu_index_select_xpu_bool
op_extended,third_party.torch-xpu-ops.test.xpu.extended.test_ops_xpu.TestCompositeComplianceXPU,test_forward_ad_triu_xpu_float32
op_extended,third_party.torch-xpu-ops.test.xpu.extended.test_ops_xpu.TestCommonXPU,test_compare_cpu__upsample_bilinear2d_aa_xpu_float32
op_extended,third_party.torch-xpu-ops.test.xpu.extended.test_ops_xpu.TestCommonXPU,test_compare_cpu_nonzero_xpu_float64
op_extended,third_party.torch-xpu-ops.test.xpu.extended.test_ops_xpu.TestCommonXPU,test_compare_cpu_equal_xpu_float16
op_extended,third_party.torch-xpu-ops.test.xpu.extended.test_ops_xpu.TestCommonXPU,test_compare_cpu_index_select_xpu_complex128
op_extended,third_party.torch-xpu-ops.test.xpu.extended.test_ops_xpu.TestCompositeComplianceXPU,test_forward_ad_trunc_xpu_float32
op_extended,third_party.torch-xpu-ops.test.xpu.extended.test_ops_xpu.TestCommonXPU,test_compare_cpu__upsample_bilinear2d_aa_xpu_float64
op_extended,third_party.torch-xpu-ops.test.xpu.extended.test_ops_xpu.TestCommonXPU,test_compare_cpu_nonzero_xpu_int16
op_extended,third_party.torch-xpu-ops.test.xpu.extended.test_ops_xpu.TestCommonXPU,test_compare_cpu_equal_xpu_float32
op_extended,third_party.torch-xpu-ops.test.xpu.extended.test_ops_xpu.TestCompositeComplianceXPU,test_backward_nn_functional_max_pool3d_xpu_float32
op_extended,third_party.torch-xpu-ops.test.xpu.extended.test_ops_xpu.TestCommonXPU,test_compare_cpu_index_select_xpu_complex64
op_extended,third_party.torch-xpu-ops.test.xpu.extended.test_ops_xpu.TestCommonXPU,test_compare_cpu_take_xpu_bfloat16
op_extended,third_party.torch-xpu-ops.test.xpu.extended.test_ops_xpu.TestCommonXPU,test_compare_cpu_equal_xpu_float64
op_extended,third_party.torch-xpu-ops.test.xpu.extended.test_ops_xpu.TestCommonXPU,test_compare_cpu_nonzero_xpu_int32
op_extended,third_party.torch-xpu-ops.test.xpu.extended.test_ops_xpu.TestCompositeComplianceXPU,test_forward_ad_unfold_xpu_float32
op_extended,third_party.torch-xpu-ops.test.xpu.extended.test_ops_xpu.TestCommonXPU,test_compare_cpu_index_select_xpu_float16
op_extended,third_party.torch-xpu-ops.test.xpu.extended.test_ops_xpu.TestCommonXPU,test_compare_cpu_take_xpu_bool
op_extended,third_party.torch-xpu-ops.test.xpu.extended.test_ops_xpu.TestCommonXPU,test_compare_cpu_equal_xpu_int16
op_extended,third_party.torch-xpu-ops.test.xpu.extended.test_ops_xpu.TestCommonXPU,test_compare_cpu_nonzero_xpu_int64
op_extended,third_party.torch-xpu-ops.test.xpu.extended.test_ops_xpu.TestCommonXPU,test_compare_cpu_nn_functional_avg_pool3d_xpu_float32
op_extended,third_party.torch-xpu-ops.test.xpu.extended.test_ops_xpu.TestCommonXPU,test_compare_cpu_abs_xpu_bfloat16
op_extended,third_party.torch-xpu-ops.test.xpu.extended.test_ops_xpu.TestCommonXPU,test_compare_cpu_index_select_xpu_float32
op_extended,third_party.torch-xpu-ops.test.xpu.extended.test_ops_xpu.TestCommonXPU,test_compare_cpu_take_xpu_complex128
op_extended,third_party.torch-xpu-ops.test.xpu.extended.test_ops_xpu.TestCommonXPU,test_compare_cpu_equal_xpu_int32
op_extended,third_party.torch-xpu-ops.test.xpu.extended.test_ops_xpu.TestCommonXPU,test_compare_cpu_nn_functional_avg_pool3d_xpu_float64
op_extended,third_party.torch-xpu-ops.test.xpu.extended.test_ops_xpu.TestCommonXPU,test_compare_cpu_nonzero_xpu_int8
op_extended,third_party.torch-xpu-ops.test.xpu.extended.test_ops_xpu.TestCompositeComplianceXPU,test_forward_ad_var_mean_unbiased_xpu_float32
op_extended,third_party.torch-xpu-ops.test.xpu.extended.test_ops_xpu.TestCompositeComplianceXPU,test_backward_nn_functional_max_unpool2d_grad_xpu_float32
op_extended,third_party.torch-xpu-ops.test.xpu.extended.test_ops_xpu.TestCommonXPU,test_compare_cpu_index_select_xpu_float64
op_extended,third_party.torch-xpu-ops.test.xpu.extended.test_ops_xpu.TestCommonXPU,test_compare_cpu_take_xpu_complex64
op_extended,third_party.torch-xpu-ops.test.xpu.extended.test_ops_xpu.TestCommonXPU,test_compare_cpu_equal_xpu_int64
op_extended,third_party.torch-xpu-ops.test.xpu.extended.test_ops_xpu.TestCommonXPU,test_compare_cpu_abs_xpu_complex128
op_extended,third_party.torch-xpu-ops.test.xpu.extended.test_ops_xpu.TestCommonXPU,test_compare_cpu_nonzero_xpu_uint8
op_extended,third_party.torch-xpu-ops.test.xpu.extended.test_ops_xpu.TestCommonXPU,test_compare_cpu_index_select_xpu_int16
op_extended,third_party.torch-xpu-ops.test.xpu.extended.test_ops_xpu.TestCommonXPU,test_compare_cpu_take_xpu_float16
op_extended,third_party.torch-xpu-ops.test.xpu.extended.test_ops_xpu.TestCompositeComplianceXPU,test_forward_ad_var_mean_xpu_float32
op_extended,third_party.torch-xpu-ops.test.xpu.extended.test_ops_xpu.TestCommonXPU,test_compare_cpu_equal_xpu_int8
op_extended,third_party.torch-xpu-ops.test.xpu.extended.test_ops_xpu.TestCommonXPU,test_compare_cpu_abs_xpu_complex64
op_extended,third_party.torch-xpu-ops.test.xpu.extended.test_ops_xpu.TestCommonXPU,test_compare_cpu_index_select_xpu_int32
op_extended,third_party.torch-xpu-ops.test.xpu.extended.test_ops_xpu.TestCommonXPU,test_compare_cpu_equal_xpu_uint8
op_extended,third_party.torch-xpu-ops.test.xpu.extended.test_ops_xpu.TestCompositeComplianceXPU,test_forward_ad_var_unbiased_xpu_float32
op_extended,third_party.torch-xpu-ops.test.xpu.extended.test_ops_xpu.TestCommonXPU,test_compare_cpu_take_xpu_float32
op_extended,third_party.torch-xpu-ops.test.xpu.extended.test_ops_xpu.TestCommonXPU,test_compare_cpu_norm_fro_xpu_bfloat16
op_extended,third_party.torch-xpu-ops.test.xpu.extended.test_ops_xpu.TestCommonXPU,test_compare_cpu_index_select_xpu_int64
op_extended,third_party.torch-xpu-ops.test.xpu.extended.test_ops_xpu.TestCommonXPU,test_compare_cpu_abs_xpu_float16
op_extended,third_party.torch-xpu-ops.test.xpu.extended.test_ops_xpu.TestCommonXPU,test_compare_cpu_take_xpu_float64
op_extended,third_party.torch-xpu-ops.test.xpu.extended.test_ops_xpu.TestCompositeComplianceXPU,test_forward_ad_var_xpu_float32
op_extended,third_party.torch-xpu-ops.test.xpu.extended.test_ops_xpu.TestCommonXPU,test_compare_cpu_erf_xpu_bfloat16
op_extended,third_party.torch-xpu-ops.test.xpu.extended.test_ops_xpu.TestCommonXPU,test_compare_cpu_index_select_xpu_int8
op_extended,third_party.torch-xpu-ops.test.xpu.extended.test_ops_xpu.TestCommonXPU,test_compare_cpu_abs_xpu_float32
op_extended,third_party.torch-xpu-ops.test.xpu.extended.test_ops_xpu.TestCommonXPU,test_compare_cpu_take_xpu_int16
op_extended,third_party.torch-xpu-ops.test.xpu.extended.test_ops_xpu.TestCompositeComplianceXPU,test_forward_ad_view_as_complex_xpu_float32
op_extended,third_party.torch-xpu-ops.test.xpu.extended.test_ops_xpu.TestCommonXPU,test_compare_cpu_index_select_xpu_uint8
op_extended,third_party.torch-xpu-ops.test.xpu.extended.test_ops_xpu.TestCommonXPU,test_compare_cpu_norm_fro_xpu_complex128
op_extended,third_party.torch-xpu-ops.test.xpu.extended.test_ops_xpu.TestCommonXPU,test_compare_cpu_take_xpu_int32
op_extended,third_party.torch-xpu-ops.test.xpu.extended.test_ops_xpu.TestCommonXPU,test_compare_cpu_abs_xpu_float64
op_extended,third_party.torch-xpu-ops.test.xpu.extended.test_ops_xpu.TestCompositeComplianceXPU,test_forward_ad_view_xpu_float32
op_extended,third_party.torch-xpu-ops.test.xpu.extended.test_ops_xpu.TestCommonXPU,test_compare_cpu_erf_xpu_bool
op_extended,third_party.torch-xpu-ops.test.xpu.extended.test_ops_xpu.TestCommonXPU,test_compare_cpu_norm_fro_xpu_complex64
op_extended,third_party.torch-xpu-ops.test.xpu.extended.test_ops_xpu.TestCommonXPU,test_compare_cpu_take_xpu_int64
op_extended,third_party.torch-xpu-ops.test.xpu.extended.test_ops_xpu.TestCommonXPU,test_compare_cpu_abs_xpu_int16
op_extended,third_party.torch-xpu-ops.test.xpu.extended.test_ops_xpu.TestCommonXPU,test_compare_cpu_isin_xpu_bfloat16
op_extended,third_party.torch-xpu-ops.test.xpu.extended.test_ops_xpu.TestCommonXPU,test_compare_cpu_take_xpu_int8
op_extended,third_party.torch-xpu-ops.test.xpu.extended.test_ops_xpu.TestCommonXPU,test_compare_cpu_abs_xpu_int32
op_extended,third_party.torch-xpu-ops.test.xpu.extended.test_ops_xpu.TestCommonXPU,test_compare_cpu_norm_fro_xpu_float16
op_extended,third_party.torch-xpu-ops.test.xpu.extended.test_ops_xpu.TestCommonXPU,test_compare_cpu_erf_xpu_float16
op_extended,third_party.torch-xpu-ops.test.xpu.extended.test_ops_xpu.TestCommonXPU,test_compare_cpu_nn_functional_batch_norm_xpu_float16
op_extended,third_party.torch-xpu-ops.test.xpu.extended.test_ops_xpu.TestCompositeComplianceXPU,test_forward_ad_where_xpu_float32
op_extended,third_party.torch-xpu-ops.test.xpu.extended.test_ops_xpu.TestCommonXPU,test_compare_cpu_take_xpu_uint8
op_extended,third_party.torch-xpu-ops.test.xpu.extended.test_ops_xpu.TestCommonXPU,test_compare_cpu_norm_fro_xpu_float32
op_extended,third_party.torch-xpu-ops.test.xpu.extended.test_ops_xpu.TestCommonXPU,test_compare_cpu_abs_xpu_int64
op_extended,third_party.torch-xpu-ops.test.xpu.extended.test_ops_xpu.TestCommonXPU,test_compare_cpu_erf_xpu_float32
op_extended,third_party.torch-xpu-ops.test.xpu.extended.test_ops_xpu.TestCommonXPU,test_compare_cpu_nn_functional_batch_norm_xpu_float32
op_extended,third_party.torch-xpu-ops.test.xpu.extended.test_ops_xpu.TestCommonXPU,test_compare_cpu_norm_fro_xpu_float64
op_extended,third_party.torch-xpu-ops.test.xpu.extended.test_ops_xpu.TestCommonXPU,test_compare_cpu_abs_xpu_int8
op_extended,third_party.torch-xpu-ops.test.xpu.extended.test_ops_xpu.TestCommonXPU,test_compare_cpu_nn_functional_batch_norm_xpu_float64
op_extended,third_party.torch-xpu-ops.test.xpu.extended.test_ops_xpu.TestCommonXPU,test_compare_cpu_isin_xpu_float16
op_extended,third_party.torch-xpu-ops.test.xpu.extended.test_ops_xpu.TestCommonXPU,test_compare_cpu_erf_xpu_float64
op_extended,third_party.torch-xpu-ops.test.xpu.extended.test_ops_xpu.TestCompositeComplianceXPU,test_forward_ad_xlogy_xpu_float32
op_extended,third_party.torch-xpu-ops.test.xpu.extended.test_ops_xpu.TestCommonXPU,test_compare_cpu_tan_xpu_bfloat16
op_extended,third_party.torch-xpu-ops.test.xpu.extended.test_ops_xpu.TestCommonXPU,test_compare_cpu_abs_xpu_uint8
op_extended,third_party.torch-xpu-ops.test.xpu.extended.test_ops_xpu.TestCommonXPU,test_compare_cpu_isin_xpu_float32
op_extended,third_party.torch-xpu-ops.test.xpu.extended.test_ops_xpu.TestCommonXPU,test_compare_cpu_erf_xpu_int16
op_extended,third_party.torch-xpu-ops.test.xpu.extended.test_ops_xpu.TestCommonXPU,test_compare_cpu_tan_xpu_bool
op_extended,third_party.torch-xpu-ops.test.xpu.extended.test_ops_xpu.TestCommonXPU,test_compare_cpu_isin_xpu_float64
op_extended,third_party.torch-xpu-ops.test.xpu.extended.test_ops_xpu.TestCommonXPU,test_compare_cpu_acos_xpu_bfloat16
op_extended,third_party.torch-xpu-ops.test.xpu.extended.test_ops_xpu.TestCommonXPU,test_compare_cpu_norm_inf_xpu_bfloat16
op_extended,third_party.torch-xpu-ops.test.xpu.extended.test_ops_xpu.TestCommonXPU,test_compare_cpu_erf_xpu_int32
op_extended,third_party.torch-xpu-ops.test.xpu.extended.test_ops_xpu.TestCommonXPU,test_compare_cpu_isin_xpu_int16
op_extended,third_party.torch-xpu-ops.test.xpu.extended.test_ops_xpu.TestCompositeComplianceXPU,test_operator___rmod___xpu_float32
op_extended,third_party.torch-xpu-ops.test.xpu.extended.test_ops_xpu.TestCompositeComplianceXPU,test_backward_nn_functional_max_unpool2d_xpu_float32
op_extended,third_party.torch-xpu-ops.test.xpu.extended.test_ops_xpu.TestCommonXPU,test_compare_cpu_acos_xpu_bool
op_extended,third_party.torch-xpu-ops.test.xpu.extended.test_ops_xpu.TestCommonXPU,test_compare_cpu_nn_functional_binary_cross_entropy_xpu_bfloat16
op_extended,third_party.torch-xpu-ops.test.xpu.extended.test_ops_xpu.TestCommonXPU,test_compare_cpu_norm_inf_xpu_complex128
op_extended,third_party.torch-xpu-ops.test.xpu.extended.test_ops_xpu.TestCommonXPU,test_compare_cpu_erf_xpu_int64
op_extended,third_party.torch-xpu-ops.test.xpu.extended.test_ops_xpu.TestCommonXPU,test_compare_cpu_isin_xpu_int32
op_extended,third_party.torch-xpu-ops.test.xpu.extended.test_ops_xpu.TestCommonXPU,test_compare_cpu_norm_inf_xpu_complex64
op_extended,third_party.torch-xpu-ops.test.xpu.extended.test_ops_xpu.TestCompositeComplianceXPU,test_backward_nn_functional_max_unpool3d_grad_xpu_float32
op_extended,third_party.torch-xpu-ops.test.xpu.extended.test_ops_xpu.TestCommonXPU,test_compare_cpu_tan_xpu_float16
op_extended,third_party.torch-xpu-ops.test.xpu.extended.test_ops_xpu.TestCommonXPU,test_compare_cpu_erf_xpu_int8
op_extended,third_party.torch-xpu-ops.test.xpu.extended.test_ops_xpu.TestCommonXPU,test_compare_cpu_isin_xpu_int64
op_extended,third_party.torch-xpu-ops.test.xpu.extended.test_ops_xpu.TestCommonXPU,test_compare_cpu_acos_xpu_float16
op_extended,third_party.torch-xpu-ops.test.xpu.extended.test_ops_xpu.TestCommonXPU,test_compare_cpu_norm_inf_xpu_float16
op_extended,third_party.torch-xpu-ops.test.xpu.extended.test_ops_xpu.TestCompositeComplianceXPU,test_operator__batch_norm_with_update_xpu_float32
op_extended,third_party.torch-xpu-ops.test.xpu.extended.test_ops_xpu.TestCommonXPU,test_compare_cpu_tan_xpu_float32
op_extended,third_party.torch-xpu-ops.test.xpu.extended.test_ops_xpu.TestCommonXPU,test_compare_cpu_isin_xpu_int8
op_extended,third_party.torch-xpu-ops.test.xpu.extended.test_ops_xpu.TestCommonXPU,test_compare_cpu_erf_xpu_uint8
op_extended,third_party.torch-xpu-ops.test.xpu.extended.test_ops_xpu.TestCommonXPU,test_compare_cpu_acos_xpu_float32
op_extended,third_party.torch-xpu-ops.test.xpu.extended.test_ops_xpu.TestCommonXPU,test_compare_cpu_norm_inf_xpu_float32
op_extended,third_party.torch-xpu-ops.test.xpu.extended.test_ops_xpu.TestCommonXPU,test_compare_cpu_nn_functional_binary_cross_entropy_xpu_float16
op_extended,third_party.torch-xpu-ops.test.xpu.extended.test_ops_xpu.TestCommonXPU,test_compare_cpu_isin_xpu_uint8
op_extended,third_party.torch-xpu-ops.test.xpu.extended.test_ops_xpu.TestCompositeComplianceXPU,test_operator__chunk_cat_xpu_float32
op_extended,third_party.torch-xpu-ops.test.xpu.extended.test_ops_xpu.TestCommonXPU,test_compare_cpu_erfc_xpu_bfloat16
op_extended,third_party.torch-xpu-ops.test.xpu.extended.test_ops_xpu.TestCommonXPU,test_compare_cpu_tan_xpu_float64
op_extended,third_party.torch-xpu-ops.test.xpu.extended.test_ops_xpu.TestCommonXPU,test_compare_cpu_acos_xpu_float64
op_extended,third_party.torch-xpu-ops.test.xpu.extended.test_ops_xpu.TestCommonXPU,test_compare_cpu_norm_inf_xpu_float64
op_extended,third_party.torch-xpu-ops.test.xpu.extended.test_ops_xpu.TestCommonXPU,test_compare_cpu_nn_functional_binary_cross_entropy_xpu_float32
op_extended,third_party.torch-xpu-ops.test.xpu.extended.test_ops_xpu.TestCommonXPU,test_compare_cpu_isnan_xpu_bfloat16
op_extended,third_party.torch-xpu-ops.test.xpu.extended.test_ops_xpu.TestCommonXPU,test_compare_cpu_tan_xpu_int16
op_extended,third_party.torch-xpu-ops.test.xpu.extended.test_ops_xpu.TestCommonXPU,test_compare_cpu_erfc_xpu_bool
op_extended,third_party.torch-xpu-ops.test.xpu.extended.test_ops_xpu.TestCommonXPU,test_compare_cpu_acos_xpu_int16
op_extended,third_party.torch-xpu-ops.test.xpu.extended.test_ops_xpu.TestCommonXPU,test_compare_cpu_nn_functional_binary_cross_entropy_xpu_float64
op_extended,third_party.torch-xpu-ops.test.xpu.extended.test_ops_xpu.TestCommonXPU,test_compare_cpu_isnan_xpu_bool
op_extended,third_party.torch-xpu-ops.test.xpu.extended.test_ops_xpu.TestCompositeComplianceXPU,test_operator__native_batch_norm_legit_xpu_float32
op_extended,third_party.torch-xpu-ops.test.xpu.extended.test_ops_xpu.TestCommonXPU,test_compare_cpu_tan_xpu_int32
op_extended,third_party.torch-xpu-ops.test.xpu.extended.test_ops_xpu.TestCommonXPU,test_compare_cpu_acos_xpu_int32
op_extended,third_party.torch-xpu-ops.test.xpu.extended.test_ops_xpu.TestCompositeComplianceXPU,test_backward_nn_functional_max_unpool3d_xpu_float32
op_extended,third_party.torch-xpu-ops.test.xpu.extended.test_ops_xpu.TestCommonXPU,test_compare_cpu_erfc_xpu_float16
op_extended,third_party.torch-xpu-ops.test.xpu.extended.test_ops_xpu.TestCompositeComplianceXPU,test_operator__refs_rsub_xpu_float32
op_extended,third_party.torch-xpu-ops.test.xpu.extended.test_ops_xpu.TestCommonXPU,test_compare_cpu_isnan_xpu_complex128
op_extended,third_party.torch-xpu-ops.test.xpu.extended.test_ops_xpu.TestCommonXPU,test_compare_cpu_tan_xpu_int64
op_extended,third_party.torch-xpu-ops.test.xpu.extended.test_ops_xpu.TestCommonXPU,test_compare_cpu_acos_xpu_int64
op_extended,third_party.torch-xpu-ops.test.xpu.extended.test_ops_xpu.TestCommonXPU,test_compare_cpu_norm_nuc_xpu_complex128
op_extended,third_party.torch-xpu-ops.test.xpu.extended.test_ops_xpu.TestCompositeComplianceXPU,test_backward_nn_functional_mish_xpu_float32
op_extended,third_party.torch-xpu-ops.test.xpu.extended.test_ops_xpu.TestCommonXPU,test_compare_cpu_erfc_xpu_float32
op_extended,third_party.torch-xpu-ops.test.xpu.extended.test_ops_xpu.TestCommonXPU,test_compare_cpu_nn_functional_channel_shuffle_xpu_bfloat16
op_extended,third_party.torch-xpu-ops.test.xpu.extended.test_ops_xpu.TestCommonXPU,test_compare_cpu_tan_xpu_int8
op_extended,third_party.torch-xpu-ops.test.xpu.extended.test_ops_xpu.TestCommonXPU,test_compare_cpu_acos_xpu_int8
op_extended,third_party.torch-xpu-ops.test.xpu.extended.test_ops_xpu.TestCommonXPU,test_compare_cpu_norm_nuc_xpu_complex64
op_extended,third_party.torch-xpu-ops.test.xpu.extended.test_ops_xpu.TestCommonXPU,test_compare_cpu_isnan_xpu_complex64
op_extended,third_party.torch-xpu-ops.test.xpu.extended.test_ops_xpu.TestCompositeComplianceXPU,test_backward_nn_functional_mse_loss_xpu_float32
op_extended,third_party.torch-xpu-ops.test.xpu.extended.test_ops_xpu.TestCommonXPU,test_compare_cpu_nn_functional_channel_shuffle_xpu_bool
op_extended,third_party.torch-xpu-ops.test.xpu.extended.test_ops_xpu.TestCommonXPU,test_compare_cpu_erfc_xpu_float64
op_extended,third_party.torch-xpu-ops.test.xpu.extended.test_ops_xpu.TestCommonXPU,test_compare_cpu_tan_xpu_uint8
op_extended,third_party.torch-xpu-ops.test.xpu.extended.test_ops_xpu.TestCommonXPU,test_compare_cpu_acos_xpu_uint8
op_extended,third_party.torch-xpu-ops.test.xpu.extended.test_ops_xpu.TestCommonXPU,test_compare_cpu_isnan_xpu_float16
op_extended,third_party.torch-xpu-ops.test.xpu.extended.test_ops_xpu.TestCommonXPU,test_compare_cpu_norm_nuc_xpu_float32
op_extended,third_party.torch-xpu-ops.test.xpu.extended.test_ops_xpu.TestCommonXPU,test_compare_cpu_nn_functional_channel_shuffle_xpu_complex128
op_extended,third_party.torch-xpu-ops.test.xpu.extended.test_ops_xpu.TestCommonXPU,test_compare_cpu_erfc_xpu_int16
op_extended,third_party.torch-xpu-ops.test.xpu.extended.test_ops_xpu.TestCompositeComplianceXPU,test_operator__segment_reduce_lengths_xpu_float32
op_extended,third_party.torch-xpu-ops.test.xpu.extended.test_ops_xpu.TestCommonXPU,test_compare_cpu_tanh_xpu_bfloat16
op_extended,third_party.torch-xpu-ops.test.xpu.extended.test_ops_xpu.TestCommonXPU,test_compare_cpu_acosh_xpu_bfloat16
op_extended,third_party.torch-xpu-ops.test.xpu.extended.test_ops_xpu.TestCommonXPU,test_compare_cpu_norm_nuc_xpu_float64
op_extended,third_party.torch-xpu-ops.test.xpu.extended.test_ops_xpu.TestCommonXPU,test_compare_cpu_isnan_xpu_float32
op_extended,third_party.torch-xpu-ops.test.xpu.extended.test_ops_xpu.TestCommonXPU,test_compare_cpu_nn_functional_channel_shuffle_xpu_complex64
op_extended,third_party.torch-xpu-ops.test.xpu.extended.test_ops_xpu.TestCommonXPU,test_compare_cpu_erfc_xpu_int32
op_extended,third_party.torch-xpu-ops.test.xpu.extended.test_ops_xpu.TestCommonXPU,test_compare_cpu_nn_functional_channel_shuffle_xpu_float16
op_extended,third_party.torch-xpu-ops.test.xpu.extended.test_ops_xpu.TestCommonXPU,test_compare_cpu_tanh_xpu_bool
op_extended,third_party.torch-xpu-ops.test.xpu.extended.test_ops_xpu.TestCommonXPU,test_compare_cpu_isnan_xpu_float64
op_extended,third_party.torch-xpu-ops.test.xpu.extended.test_ops_xpu.TestCommonXPU,test_compare_cpu_acosh_xpu_bool
op_extended,third_party.torch-xpu-ops.test.xpu.extended.test_ops_xpu.TestCommonXPU,test_compare_cpu_erfc_xpu_int64
op_extended,third_party.torch-xpu-ops.test.xpu.extended.test_ops_xpu.TestCommonXPU,test_compare_cpu_nn_functional_channel_shuffle_xpu_float32
op_extended,third_party.torch-xpu-ops.test.xpu.extended.test_ops_xpu.TestCompositeComplianceXPU,test_operator__segment_reduce_offsets_xpu_float32
op_extended,third_party.torch-xpu-ops.test.xpu.extended.test_ops_xpu.TestCommonXPU,test_compare_cpu_tanh_xpu_float16
op_extended,third_party.torch-xpu-ops.test.xpu.extended.test_ops_xpu.TestCommonXPU,test_compare_cpu_isnan_xpu_int16
op_extended,third_party.torch-xpu-ops.test.xpu.extended.test_ops_xpu.TestCommonXPU,test_compare_cpu_nn_functional_channel_shuffle_xpu_float64
op_extended,third_party.torch-xpu-ops.test.xpu.extended.test_ops_xpu.TestCommonXPU,test_compare_cpu_erfc_xpu_int8
op_extended,third_party.torch-xpu-ops.test.xpu.extended.test_ops_xpu.TestCommonXPU,test_compare_cpu_acosh_xpu_complex128
op_extended,third_party.torch-xpu-ops.test.xpu.extended.test_ops_xpu.TestCompositeComplianceXPU,test_operator__softmax_backward_data_xpu_float32
op_extended,third_party.torch-xpu-ops.test.xpu.extended.test_ops_xpu.TestCommonXPU,test_compare_cpu_tanh_xpu_float32
op_extended,third_party.torch-xpu-ops.test.xpu.extended.test_ops_xpu.TestCommonXPU,test_compare_cpu_isnan_xpu_int32
op_extended,third_party.torch-xpu-ops.test.xpu.extended.test_ops_xpu.TestCommonXPU,test_compare_cpu_norm_xpu_bfloat16
op_extended,third_party.torch-xpu-ops.test.xpu.extended.test_ops_xpu.TestCommonXPU,test_compare_cpu_nn_functional_channel_shuffle_xpu_int16
op_extended,third_party.torch-xpu-ops.test.xpu.extended.test_ops_xpu.TestCommonXPU,test_compare_cpu_erfc_xpu_uint8
op_extended,third_party.torch-xpu-ops.test.xpu.extended.test_ops_xpu.TestCommonXPU,test_compare_cpu_acosh_xpu_float16
op_extended,third_party.torch-xpu-ops.test.xpu.extended.test_ops_xpu.TestCompositeComplianceXPU,test_operator__upsample_bilinear2d_aa_xpu_float32
op_extended,third_party.torch-xpu-ops.test.xpu.extended.test_ops_xpu.TestCommonXPU,test_compare_cpu_isnan_xpu_int64
op_extended,third_party.torch-xpu-ops.test.xpu.extended.test_ops_xpu.TestCommonXPU,test_compare_cpu_tanh_xpu_float64
op_extended,third_party.torch-xpu-ops.test.xpu.extended.test_ops_xpu.TestCommonXPU,test_compare_cpu_nn_functional_channel_shuffle_xpu_int32
op_extended,third_party.torch-xpu-ops.test.xpu.extended.test_ops_xpu.TestCompositeComplianceXPU,test_operator_abs_xpu_float32
op_extended,third_party.torch-xpu-ops.test.xpu.extended.test_ops_xpu.TestCommonXPU,test_compare_cpu_norm_xpu_complex128
op_extended,third_party.torch-xpu-ops.test.xpu.extended.test_ops_xpu.TestCommonXPU,test_compare_cpu_acosh_xpu_float32
op_extended,third_party.torch-xpu-ops.test.xpu.extended.test_ops_xpu.TestCommonXPU,test_compare_cpu_erfinv_xpu_bfloat16
op_extended,third_party.torch-xpu-ops.test.xpu.extended.test_ops_xpu.TestCommonXPU,test_compare_cpu_isnan_xpu_int8
op_extended,third_party.torch-xpu-ops.test.xpu.extended.test_ops_xpu.TestCommonXPU,test_compare_cpu_tanh_xpu_int16
op_extended,third_party.torch-xpu-ops.test.xpu.extended.test_ops_xpu.TestCommonXPU,test_compare_cpu_nn_functional_channel_shuffle_xpu_int64
op_extended,third_party.torch-xpu-ops.test.xpu.extended.test_ops_xpu.TestCompositeComplianceXPU,test_operator_acos_xpu_float32
op_extended,third_party.torch-xpu-ops.test.xpu.extended.test_ops_xpu.TestCommonXPU,test_compare_cpu_norm_xpu_complex64
op_extended,third_party.torch-xpu-ops.test.xpu.extended.test_ops_xpu.TestCommonXPU,test_compare_cpu_acosh_xpu_float64
op_extended,third_party.torch-xpu-ops.test.xpu.extended.test_ops_xpu.TestCommonXPU,test_compare_cpu_nn_functional_channel_shuffle_xpu_int8
op_extended,third_party.torch-xpu-ops.test.xpu.extended.test_ops_xpu.TestCommonXPU,test_compare_cpu_erfinv_xpu_bool
op_extended,third_party.torch-xpu-ops.test.xpu.extended.test_ops_xpu.TestCommonXPU,test_compare_cpu_isnan_xpu_uint8
op_extended,third_party.torch-xpu-ops.test.xpu.extended.test_ops_xpu.TestCommonXPU,test_compare_cpu_tanh_xpu_int32
op_extended,third_party.torch-xpu-ops.test.xpu.extended.test_ops_xpu.TestCompositeComplianceXPU,test_operator_acosh_xpu_float32
op_extended,third_party.torch-xpu-ops.test.xpu.extended.test_ops_xpu.TestCommonXPU,test_compare_cpu_acosh_xpu_int16
op_extended,third_party.torch-xpu-ops.test.xpu.extended.test_ops_xpu.TestCommonXPU,test_compare_cpu_nn_functional_channel_shuffle_xpu_uint8
op_extended,third_party.torch-xpu-ops.test.xpu.extended.test_ops_xpu.TestCommonXPU,test_compare_cpu_tanh_xpu_int64
op_extended,third_party.torch-xpu-ops.test.xpu.extended.test_ops_xpu.TestCompositeComplianceXPU,test_operator_add_xpu_float32
op_extended,third_party.torch-xpu-ops.test.xpu.extended.test_ops_xpu.TestCommonXPU,test_compare_cpu_isneginf_xpu_bfloat16
op_extended,third_party.torch-xpu-ops.test.xpu.extended.test_ops_xpu.TestCommonXPU,test_compare_cpu_norm_xpu_float16
op_extended,third_party.torch-xpu-ops.test.xpu.extended.test_ops_xpu.TestCommonXPU,test_compare_cpu_acosh_xpu_int32
op_extended,third_party.torch-xpu-ops.test.xpu.extended.test_ops_xpu.TestCommonXPU,test_compare_cpu_tanh_xpu_int8
op_extended,third_party.torch-xpu-ops.test.xpu.extended.test_ops_xpu.TestCommonXPU,test_compare_cpu_erfinv_xpu_float16
op_extended,third_party.torch-xpu-ops.test.xpu.extended.test_ops_xpu.TestCommonXPU,test_compare_cpu_isneginf_xpu_bool
op_extended,third_party.torch-xpu-ops.test.xpu.extended.test_ops_xpu.TestCommonXPU,test_compare_cpu_norm_xpu_float32
op_extended,third_party.torch-xpu-ops.test.xpu.extended.test_ops_xpu.TestCompositeComplianceXPU,test_operator_addcdiv_xpu_float32
op_extended,third_party.torch-xpu-ops.test.xpu.extended.test_ops_xpu.TestCommonXPU,test_compare_cpu_acosh_xpu_int64
op_extended,third_party.torch-xpu-ops.test.xpu.extended.test_ops_xpu.TestCommonXPU,test_compare_cpu_tanh_xpu_uint8
op_extended,third_party.torch-xpu-ops.test.xpu.extended.test_ops_xpu.TestCommonXPU,test_compare_cpu_erfinv_xpu_float32
op_extended,third_party.torch-xpu-ops.test.xpu.extended.test_ops_xpu.TestCommonXPU,test_compare_cpu_norm_xpu_float64
op_extended,third_party.torch-xpu-ops.test.xpu.extended.test_ops_xpu.TestCommonXPU,test_compare_cpu_acosh_xpu_int8
op_extended,third_party.torch-xpu-ops.test.xpu.extended.test_ops_xpu.TestCommonXPU,test_compare_cpu_nn_functional_ctc_loss_xpu_float32
op_extended,third_party.torch-xpu-ops.test.xpu.extended.test_ops_xpu.TestCompositeComplianceXPU,test_operator_addcmul_xpu_float32
op_extended,third_party.torch-xpu-ops.test.xpu.extended.test_ops_xpu.TestCommonXPU,test_compare_cpu_trace_xpu_bfloat16
op_extended,third_party.torch-xpu-ops.test.xpu.extended.test_ops_xpu.TestCommonXPU,test_compare_cpu_erfinv_xpu_float64
op_extended,third_party.torch-xpu-ops.test.xpu.extended.test_ops_xpu.TestCommonXPU,test_compare_cpu_isneginf_xpu_float16
op_extended,third_party.torch-xpu-ops.test.xpu.extended.test_ops_xpu.TestCommonXPU,test_compare_cpu_acosh_xpu_uint8
op_extended,third_party.torch-xpu-ops.test.xpu.extended.test_ops_xpu.TestCommonXPU,test_compare_cpu_nn_functional_ctc_loss_xpu_float64
op_extended,third_party.torch-xpu-ops.test.xpu.extended.test_ops_xpu.TestCompositeComplianceXPU,test_operator_addr_xpu_float32
op_extended,third_party.torch-xpu-ops.test.xpu.extended.test_ops_xpu.TestCommonXPU,test_compare_cpu_trace_xpu_complex128
op_extended,third_party.torch-xpu-ops.test.xpu.extended.test_ops_xpu.TestCommonXPU,test_compare_cpu_erfinv_xpu_int16
op_extended,third_party.torch-xpu-ops.test.xpu.extended.test_ops_xpu.TestCommonXPU,test_compare_cpu_isneginf_xpu_float32
op_extended,third_party.torch-xpu-ops.test.xpu.extended.test_ops_xpu.TestCompositeComplianceXPU,test_operator_all_xpu_float32
op_extended,third_party.torch-xpu-ops.test.xpu.extended.test_ops_xpu.TestCommonXPU,test_compare_cpu_trace_xpu_complex64
op_extended,third_party.torch-xpu-ops.test.xpu.extended.test_ops_xpu.TestCommonXPU,test_compare_cpu_add_xpu_bool
op_extended,third_party.torch-xpu-ops.test.xpu.extended.test_ops_xpu.TestCommonXPU,test_compare_cpu_erfinv_xpu_int32
op_extended,third_party.torch-xpu-ops.test.xpu.extended.test_ops_xpu.TestCommonXPU,test_compare_cpu_isneginf_xpu_float64
op_extended,third_party.torch-xpu-ops.test.xpu.extended.test_ops_xpu.TestCommonXPU,test_compare_cpu_trace_xpu_float16
op_extended,third_party.torch-xpu-ops.test.xpu.extended.test_ops_xpu.TestCompositeComplianceXPU,test_operator_amax_xpu_float32
op_extended,third_party.torch-xpu-ops.test.xpu.extended.test_ops_xpu.TestCommonXPU,test_compare_cpu_erfinv_xpu_int64
op_extended,third_party.torch-xpu-ops.test.xpu.extended.test_ops_xpu.TestCommonXPU,test_compare_cpu_trace_xpu_float32
op_extended,third_party.torch-xpu-ops.test.xpu.extended.test_ops_xpu.TestCommonXPU,test_compare_cpu_add_xpu_complex128
op_extended,third_party.torch-xpu-ops.test.xpu.extended.test_ops_xpu.TestCommonXPU,test_compare_cpu_isneginf_xpu_int16
op_extended,third_party.torch-xpu-ops.test.xpu.extended.test_ops_xpu.TestCompositeComplianceXPU,test_operator_amin_xpu_float32
op_extended,third_party.torch-xpu-ops.test.xpu.extended.test_ops_xpu.TestCommonXPU,test_compare_cpu_trace_xpu_float64
op_extended,third_party.torch-xpu-ops.test.xpu.extended.test_ops_xpu.TestCommonXPU,test_compare_cpu_erfinv_xpu_int8
op_extended,third_party.torch-xpu-ops.test.xpu.extended.test_ops_xpu.TestCommonXPU,test_compare_cpu_isneginf_xpu_int32
op_extended,third_party.torch-xpu-ops.test.xpu.extended.test_ops_xpu.TestCompositeComplianceXPU,test_operator_aminmax_xpu_float32
op_extended,third_party.torch-xpu-ops.test.xpu.extended.test_ops_xpu.TestCommonXPU,test_compare_cpu_add_xpu_complex64
op_extended,third_party.torch-xpu-ops.test.xpu.extended.test_ops_xpu.TestCommonXPU,test_compare_cpu_trace_xpu_int16
op_extended,third_party.torch-xpu-ops.test.xpu.extended.test_ops_xpu.TestCommonXPU,test_compare_cpu_erfinv_xpu_uint8
op_extended,third_party.torch-xpu-ops.test.xpu.extended.test_ops_xpu.TestCommonXPU,test_compare_cpu_isneginf_xpu_int64
op_extended,third_party.torch-xpu-ops.test.xpu.extended.test_ops_xpu.TestCompositeComplianceXPU,test_operator_angle_xpu_float32
op_extended,third_party.torch-xpu-ops.test.xpu.extended.test_ops_xpu.TestCommonXPU,test_compare_cpu_trace_xpu_int32
op_extended,third_party.torch-xpu-ops.test.xpu.extended.test_ops_xpu.TestCommonXPU,test_compare_cpu_nn_functional_elu_xpu_bfloat16
op_extended,third_party.torch-xpu-ops.test.xpu.extended.test_ops_xpu.TestCommonXPU,test_compare_cpu_add_xpu_float16
op_extended,third_party.torch-xpu-ops.test.xpu.extended.test_ops_xpu.TestCommonXPU,test_compare_cpu_exp2_xpu_bfloat16
op_extended,third_party.torch-xpu-ops.test.xpu.extended.test_ops_xpu.TestCommonXPU,test_compare_cpu_isneginf_xpu_int8
op_extended,third_party.torch-xpu-ops.test.xpu.extended.test_ops_xpu.TestCompositeComplianceXPU,test_operator_any_xpu_float32
op_extended,third_party.torch-xpu-ops.test.xpu.extended.test_ops_xpu.TestCommonXPU,test_compare_cpu_trace_xpu_int64
op_extended,third_party.torch-xpu-ops.test.xpu.extended.test_ops_xpu.TestCommonXPU,test_compare_cpu_exp2_xpu_bool
op_extended,third_party.torch-xpu-ops.test.xpu.extended.test_ops_xpu.TestCompositeComplianceXPU,test_operator_arange_xpu_float32
op_extended,third_party.torch-xpu-ops.test.xpu.extended.test_ops_xpu.TestCommonXPU,test_compare_cpu_isneginf_xpu_uint8
op_extended,third_party.torch-xpu-ops.test.xpu.extended.test_ops_xpu.TestCommonXPU,test_compare_cpu_add_xpu_float32
op_extended,third_party.torch-xpu-ops.test.xpu.extended.test_ops_xpu.TestCommonXPU,test_compare_cpu_trace_xpu_int8
op_extended,third_party.torch-xpu-ops.test.xpu.extended.test_ops_xpu.TestCommonXPU,test_compare_cpu_nn_functional_elu_xpu_float16
op_extended,third_party.torch-xpu-ops.test.xpu.extended.test_ops_xpu.TestCommonXPU,test_compare_cpu_exp2_xpu_float16
op_extended,third_party.torch-xpu-ops.test.xpu.extended.test_ops_xpu.TestCommonXPU,test_compare_cpu_trace_xpu_uint8
op_extended,third_party.torch-xpu-ops.test.xpu.extended.test_ops_xpu.TestCommonXPU,test_compare_cpu_isposinf_xpu_bfloat16
op_extended,third_party.torch-xpu-ops.test.xpu.extended.test_ops_xpu.TestCompositeComplianceXPU,test_operator_argmin_xpu_float32
op_extended,third_party.torch-xpu-ops.test.xpu.extended.test_ops_xpu.TestCommonXPU,test_compare_cpu_nn_functional_elu_xpu_float32
op_extended,third_party.torch-xpu-ops.test.xpu.extended.test_ops_xpu.TestCommonXPU,test_compare_cpu_add_xpu_float64
op_extended,third_party.torch-xpu-ops.test.xpu.extended.test_ops_xpu.TestCommonXPU,test_compare_cpu_exp2_xpu_float32
op_extended,third_party.torch-xpu-ops.test.xpu.extended.test_ops_xpu.TestCommonXPU,test_compare_cpu_isposinf_xpu_bool
op_extended,third_party.torch-xpu-ops.test.xpu.extended.test_ops_xpu.TestCommonXPU,test_compare_cpu_nn_functional_elu_xpu_float64
op_extended,third_party.torch-xpu-ops.test.xpu.extended.test_ops_xpu.TestCompositeComplianceXPU,test_operator_argsort_xpu_float32
op_extended,third_party.torch-xpu-ops.test.xpu.extended.test_ops_xpu.TestCommonXPU,test_compare_cpu_add_xpu_int16
op_extended,third_party.torch-xpu-ops.test.xpu.extended.test_ops_xpu.TestCommonXPU,test_compare_cpu_exp2_xpu_float64
op_extended,third_party.torch-xpu-ops.test.xpu.extended.test_ops_xpu.TestCompositeComplianceXPU,test_operator_as_strided_partial_views_xpu_float32
op_extended,third_party.torch-xpu-ops.test.xpu.extended.test_ops_xpu.TestCommonXPU,test_compare_cpu_isposinf_xpu_float16
op_extended,third_party.torch-xpu-ops.test.xpu.extended.test_ops_xpu.TestCommonXPU,test_compare_cpu_exp2_xpu_int16
op_extended,third_party.torch-xpu-ops.test.xpu.extended.test_ops_xpu.TestCommonXPU,test_compare_cpu_add_xpu_int32
op_extended,third_party.torch-xpu-ops.test.xpu.extended.test_ops_xpu.TestCompositeComplianceXPU,test_operator_as_strided_xpu_float32
op_extended,third_party.torch-xpu-ops.test.xpu.extended.test_ops_xpu.TestCommonXPU,test_compare_cpu_isposinf_xpu_float32
op_extended,third_party.torch-xpu-ops.test.xpu.extended.test_ops_xpu.TestCommonXPU,test_compare_cpu_exp2_xpu_int32
op_extended,third_party.torch-xpu-ops.test.xpu.extended.test_ops_xpu.TestCompositeComplianceXPU,test_operator_asin_xpu_float32
op_extended,third_party.torch-xpu-ops.test.xpu.extended.test_ops_xpu.TestCommonXPU,test_compare_cpu_tril_indices_xpu_int32
op_extended,third_party.torch-xpu-ops.test.xpu.extended.test_ops_xpu.TestCommonXPU,test_compare_cpu_add_xpu_int64
op_extended,third_party.torch-xpu-ops.test.xpu.extended.test_ops_xpu.TestCommonXPU,test_compare_cpu_polar_xpu_float32
op_extended,third_party.torch-xpu-ops.test.xpu.extended.test_ops_xpu.TestCommonXPU,test_compare_cpu_isposinf_xpu_float64
op_extended,third_party.torch-xpu-ops.test.xpu.extended.test_ops_xpu.TestCommonXPU,test_compare_cpu_nn_functional_embedding_bag_xpu_float16
op_extended,third_party.torch-xpu-ops.test.xpu.extended.test_ops_xpu.TestCompositeComplianceXPU,test_operator_asinh_xpu_float32
op_extended,third_party.torch-xpu-ops.test.xpu.extended.test_ops_xpu.TestCommonXPU,test_compare_cpu_exp2_xpu_int64
op_extended,third_party.torch-xpu-ops.test.xpu.extended.test_ops_xpu.TestCommonXPU,test_compare_cpu_tril_indices_xpu_int64
op_extended,third_party.torch-xpu-ops.test.xpu.extended.test_ops_xpu.TestCommonXPU,test_compare_cpu_add_xpu_int8
op_extended,third_party.torch-xpu-ops.test.xpu.extended.test_ops_xpu.TestCommonXPU,test_compare_cpu_isposinf_xpu_int16
op_extended,third_party.torch-xpu-ops.test.xpu.extended.test_ops_xpu.TestCompositeComplianceXPU,test_operator_atan2_xpu_float32
op_extended,third_party.torch-xpu-ops.test.xpu.extended.test_ops_xpu.TestCommonXPU,test_compare_cpu_polar_xpu_float64
op_extended,third_party.torch-xpu-ops.test.xpu.extended.test_ops_xpu.TestCommonXPU,test_compare_cpu_exp2_xpu_int8
op_extended,third_party.torch-xpu-ops.test.xpu.extended.test_ops_xpu.TestCommonXPU,test_compare_cpu_nn_functional_embedding_bag_xpu_float32
op_extended,third_party.torch-xpu-ops.test.xpu.extended.test_ops_xpu.TestCompositeComplianceXPU,test_operator_atan_xpu_float32
op_extended,third_party.torch-xpu-ops.test.xpu.extended.test_ops_xpu.TestCommonXPU,test_compare_cpu_isposinf_xpu_int32
op_extended,third_party.torch-xpu-ops.test.xpu.extended.test_ops_xpu.TestCommonXPU,test_compare_cpu_add_xpu_uint8
op_extended,third_party.torch-xpu-ops.test.xpu.extended.test_ops_xpu.TestCommonXPU,test_compare_cpu_exp2_xpu_uint8
op_extended,third_party.torch-xpu-ops.test.xpu.extended.test_ops_xpu.TestCommonXPU,test_compare_cpu_tril_xpu_bfloat16
op_extended,third_party.torch-xpu-ops.test.xpu.extended.test_ops_xpu.TestCommonXPU,test_compare_cpu_nn_functional_embedding_bag_xpu_float64
op_extended,third_party.torch-xpu-ops.test.xpu.extended.test_ops_xpu.TestCompositeComplianceXPU,test_operator_atanh_xpu_float32
op_extended,third_party.torch-xpu-ops.test.xpu.extended.test_ops_xpu.TestCommonXPU,test_compare_cpu_isposinf_xpu_int64
op_extended,third_party.torch-xpu-ops.test.xpu.extended.test_ops_xpu.TestCommonXPU,test_compare_cpu_tril_xpu_bool
op_extended,third_party.torch-xpu-ops.test.xpu.extended.test_ops_xpu.TestCommonXPU,test_compare_cpu_exp_xpu_bool
op_extended,third_party.torch-xpu-ops.test.xpu.extended.test_ops_xpu.TestCompositeComplianceXPU,test_operator_bernoulli_xpu_float32
op_extended,third_party.torch-xpu-ops.test.xpu.extended.test_ops_xpu.TestCommonXPU,test_compare_cpu_addcdiv_xpu_bfloat16
op_extended,third_party.torch-xpu-ops.test.xpu.extended.test_ops_xpu.TestCommonXPU,test_compare_cpu_isposinf_xpu_int8
op_extended,third_party.torch-xpu-ops.test.xpu.extended.test_ops_xpu.TestCommonXPU,test_compare_cpu_tril_xpu_complex128
op_extended,third_party.torch-xpu-ops.test.xpu.extended.test_ops_xpu.TestCommonXPU,test_compare_cpu_polygamma_polygamma_n_0_xpu_bool
op_extended,third_party.torch-xpu-ops.test.xpu.extended.test_ops_xpu.TestCommonXPU,test_compare_cpu_exp_xpu_float16
op_extended,third_party.torch-xpu-ops.test.xpu.extended.test_ops_xpu.TestCompositeComplianceXPU,test_operator_bucketize_xpu_float32
op_extended,third_party.torch-xpu-ops.test.xpu.extended.test_ops_xpu.TestCommonXPU,test_compare_cpu_tril_xpu_complex64
op_extended,third_party.torch-xpu-ops.test.xpu.extended.test_ops_xpu.TestCommonXPU,test_compare_cpu_isposinf_xpu_uint8
op_extended,third_party.torch-xpu-ops.test.xpu.extended.test_ops_xpu.TestCommonXPU,test_compare_cpu_addcdiv_xpu_complex128
op_extended,third_party.torch-xpu-ops.test.xpu.extended.test_ops_xpu.TestCompositeComplianceXPU,test_operator_cat_xpu_float32
op_extended,third_party.torch-xpu-ops.test.xpu.extended.test_ops_xpu.TestCommonXPU,test_compare_cpu_exp_xpu_float32
op_extended,third_party.torch-xpu-ops.test.xpu.extended.test_ops_xpu.TestCommonXPU,test_compare_cpu_tril_xpu_float16
op_extended,third_party.torch-xpu-ops.test.xpu.extended.test_ops_xpu.TestCommonXPU,test_compare_cpu_addcdiv_xpu_complex64
op_extended,third_party.torch-xpu-ops.test.xpu.extended.test_ops_xpu.TestCompositeComplianceXPU,test_operator_cauchy_xpu_float32
op_extended,third_party.torch-xpu-ops.test.xpu.extended.test_ops_xpu.TestCommonXPU,test_compare_cpu_tril_xpu_float32
op_extended,third_party.torch-xpu-ops.test.xpu.extended.test_ops_xpu.TestCommonXPU,test_compare_cpu_kthvalue_xpu_float16
op_extended,third_party.torch-xpu-ops.test.xpu.extended.test_ops_xpu.TestCommonXPU,test_compare_cpu_exp_xpu_float64
op_extended,third_party.torch-xpu-ops.test.xpu.extended.test_ops_xpu.TestCommonXPU,test_compare_cpu_polygamma_polygamma_n_0_xpu_float32
op_extended,third_party.torch-xpu-ops.test.xpu.extended.test_ops_xpu.TestCommonXPU,test_compare_cpu_addcdiv_xpu_float16
op_extended,third_party.torch-xpu-ops.test.xpu.extended.test_ops_xpu.TestCommonXPU,test_compare_cpu_tril_xpu_float64
op_extended,third_party.torch-xpu-ops.test.xpu.extended.test_ops_xpu.TestCommonXPU,test_compare_cpu_exp_xpu_int16
op_extended,third_party.torch-xpu-ops.test.xpu.extended.test_ops_xpu.TestCommonXPU,test_compare_cpu_kthvalue_xpu_float32
op_extended,third_party.torch-xpu-ops.test.xpu.extended.test_ops_xpu.TestCommonXPU,test_compare_cpu_polygamma_polygamma_n_0_xpu_float64
op_extended,third_party.torch-xpu-ops.test.xpu.extended.test_ops_xpu.TestCommonXPU,test_compare_cpu_addcdiv_xpu_float32
op_extended,third_party.torch-xpu-ops.test.xpu.extended.test_ops_xpu.TestCommonXPU,test_compare_cpu_tril_xpu_int16
op_extended,third_party.torch-xpu-ops.test.xpu.extended.test_ops_xpu.TestCommonXPU,test_compare_cpu_kthvalue_xpu_float64
op_extended,third_party.torch-xpu-ops.test.xpu.extended.test_ops_xpu.TestCommonXPU,test_compare_cpu_exp_xpu_int32
op_extended,third_party.torch-xpu-ops.test.xpu.extended.test_ops_xpu.TestCommonXPU,test_compare_cpu_tril_xpu_int32
op_extended,third_party.torch-xpu-ops.test.xpu.extended.test_ops_xpu.TestCommonXPU,test_compare_cpu_addcdiv_xpu_float64
op_extended,third_party.torch-xpu-ops.test.xpu.extended.test_ops_xpu.TestCommonXPU,test_compare_cpu_polygamma_polygamma_n_0_xpu_int16
op_extended,third_party.torch-xpu-ops.test.xpu.extended.test_ops_xpu.TestCommonXPU,test_compare_cpu_exp_xpu_int64
op_extended,third_party.torch-xpu-ops.test.xpu.extended.test_ops_xpu.TestCommonXPU,test_compare_cpu_tril_xpu_int64
op_extended,third_party.torch-xpu-ops.test.xpu.extended.test_ops_xpu.TestCommonXPU,test_compare_cpu_polygamma_polygamma_n_0_xpu_int32
op_extended,third_party.torch-xpu-ops.test.xpu.extended.test_ops_xpu.TestCommonXPU,test_compare_cpu_exp_xpu_int8
op_extended,third_party.torch-xpu-ops.test.xpu.extended.test_ops_xpu.TestCommonXPU,test_compare_cpu_tril_xpu_int8
op_extended,third_party.torch-xpu-ops.test.xpu.extended.test_ops_xpu.TestCompositeComplianceXPU,test_operator_cdist_xpu_float32
op_extended,third_party.torch-xpu-ops.test.xpu.extended.test_ops_xpu.TestCommonXPU,test_compare_cpu_polygamma_polygamma_n_0_xpu_int64
op_extended,third_party.torch-xpu-ops.test.xpu.extended.test_ops_xpu.TestCommonXPU,test_compare_cpu_exp_xpu_uint8
op_extended,third_party.torch-xpu-ops.test.xpu.extended.test_ops_xpu.TestCommonXPU,test_compare_cpu_addcmul_xpu_bfloat16
op_extended,third_party.torch-xpu-ops.test.xpu.extended.test_ops_xpu.TestCommonXPU,test_compare_cpu_tril_xpu_uint8
op_extended,third_party.torch-xpu-ops.test.xpu.extended.test_ops_xpu.TestCommonXPU,test_compare_cpu_lcm_xpu_int16
op_extended,third_party.torch-xpu-ops.test.xpu.extended.test_ops_xpu.TestCompositeComplianceXPU,test_operator_clamp_max_xpu_float32
op_extended,third_party.torch-xpu-ops.test.xpu.extended.test_ops_xpu.TestCommonXPU,test_compare_cpu_polygamma_polygamma_n_0_xpu_int8
op_extended,third_party.torch-xpu-ops.test.xpu.extended.test_ops_xpu.TestCommonXPU,test_compare_cpu_expm1_xpu_bfloat16
op_extended,third_party.torch-xpu-ops.test.xpu.extended.test_ops_xpu.TestCommonXPU,test_compare_cpu_addcmul_xpu_complex128
op_extended,third_party.torch-xpu-ops.test.xpu.extended.test_ops_xpu.TestCompositeComplianceXPU,test_operator_clamp_min_xpu_float32
op_extended,third_party.torch-xpu-ops.test.xpu.extended.test_ops_xpu.TestCommonXPU,test_compare_cpu_lcm_xpu_int32
op_extended,third_party.torch-xpu-ops.test.xpu.extended.test_ops_xpu.TestCommonXPU,test_compare_cpu_polygamma_polygamma_n_0_xpu_uint8
op_extended,third_party.torch-xpu-ops.test.xpu.extended.test_ops_xpu.TestCommonXPU,test_compare_cpu_expm1_xpu_bool
op_extended,third_party.torch-xpu-ops.test.xpu.extended.test_ops_xpu.TestCommonXPU,test_compare_cpu_nn_functional_glu_xpu_bfloat16
op_extended,third_party.torch-xpu-ops.test.xpu.extended.test_ops_xpu.TestCommonXPU,test_compare_cpu_addcmul_xpu_complex64
op_extended,third_party.torch-xpu-ops.test.xpu.extended.test_ops_xpu.TestCommonXPU,test_compare_cpu_lcm_xpu_int64
op_extended,third_party.torch-xpu-ops.test.xpu.extended.test_ops_xpu.TestCommonXPU,test_compare_cpu_triu_indices_xpu_int32
op_extended,third_party.torch-xpu-ops.test.xpu.extended.test_ops_xpu.TestCommonXPU,test_compare_cpu_expm1_xpu_complex128
op_extended,third_party.torch-xpu-ops.test.xpu.extended.test_ops_xpu.TestCommonXPU,test_compare_cpu_addcmul_xpu_float16
op_extended,third_party.torch-xpu-ops.test.xpu.extended.test_ops_xpu.TestCompositeComplianceXPU,test_operator_clamp_xpu_float32
op_extended,third_party.torch-xpu-ops.test.xpu.extended.test_ops_xpu.TestCommonXPU,test_compare_cpu_triu_indices_xpu_int64
op_extended,third_party.torch-xpu-ops.test.xpu.extended.test_ops_xpu.TestCommonXPU,test_compare_cpu_nn_functional_glu_xpu_float16
op_extended,third_party.torch-xpu-ops.test.xpu.extended.test_ops_xpu.TestCommonXPU,test_compare_cpu_lcm_xpu_int8
op_extended,third_party.torch-xpu-ops.test.xpu.extended.test_ops_xpu.TestCompositeComplianceXPU,test_operator_clone_xpu_float32
op_extended,third_party.torch-xpu-ops.test.xpu.extended.test_ops_xpu.TestCommonXPU,test_compare_cpu_addcmul_xpu_float32
op_extended,third_party.torch-xpu-ops.test.xpu.extended.test_ops_xpu.TestCommonXPU,test_compare_cpu_expm1_xpu_complex64
op_extended,third_party.torch-xpu-ops.test.xpu.extended.test_ops_xpu.TestCommonXPU,test_compare_cpu_nn_functional_glu_xpu_float32
op_extended,third_party.torch-xpu-ops.test.xpu.extended.test_ops_xpu.TestCompositeComplianceXPU,test_operator_conj_physical_xpu_float32
op_extended,third_party.torch-xpu-ops.test.xpu.extended.test_ops_xpu.TestCommonXPU,test_compare_cpu_triu_xpu_bfloat16
op_extended,third_party.torch-xpu-ops.test.xpu.extended.test_ops_xpu.TestCommonXPU,test_compare_cpu_addcmul_xpu_float64
op_extended,third_party.torch-xpu-ops.test.xpu.extended.test_ops_xpu.TestCommonXPU,test_compare_cpu_expm1_xpu_float16
op_extended,third_party.torch-xpu-ops.test.xpu.extended.test_ops_xpu.TestCommonXPU,test_compare_cpu_lcm_xpu_uint8
op_extended,third_party.torch-xpu-ops.test.xpu.extended.test_ops_xpu.TestCommonXPU,test_compare_cpu_nn_functional_glu_xpu_float64
op_extended,third_party.torch-xpu-ops.test.xpu.extended.test_ops_xpu.TestCommonXPU,test_compare_cpu_triu_xpu_bool
op_extended,third_party.torch-xpu-ops.test.xpu.extended.test_ops_xpu.TestCompositeComplianceXPU,test_operator_copysign_xpu_float32
op_extended,third_party.torch-xpu-ops.test.xpu.extended.test_ops_xpu.TestCommonXPU,test_compare_cpu_expm1_xpu_float32
op_extended,third_party.torch-xpu-ops.test.xpu.extended.test_ops_xpu.TestCommonXPU,test_compare_cpu_addcmul_xpu_int16
op_extended,third_party.torch-xpu-ops.test.xpu.extended.test_ops_xpu.TestCommonXPU,test_compare_cpu_le_xpu_bfloat16
op_extended,third_party.torch-xpu-ops.test.xpu.extended.test_ops_xpu.TestCommonXPU,test_compare_cpu_triu_xpu_complex128
op_extended,third_party.torch-xpu-ops.test.xpu.extended.test_ops_xpu.TestCompositeComplianceXPU,test_operator_cos_xpu_float32
op_extended,third_party.torch-xpu-ops.test.xpu.extended.test_ops_xpu.TestCommonXPU,test_compare_cpu_expm1_xpu_float64
op_extended,third_party.torch-xpu-ops.test.xpu.extended.test_ops_xpu.TestCommonXPU,test_compare_cpu_addcmul_xpu_int32
op_extended,third_party.torch-xpu-ops.test.xpu.extended.test_ops_xpu.TestCompositeComplianceXPU,test_operator_cosh_xpu_float32
op_extended,third_party.torch-xpu-ops.test.xpu.extended.test_ops_xpu.TestCommonXPU,test_compare_cpu_triu_xpu_complex64
op_extended,third_party.torch-xpu-ops.test.xpu.extended.test_ops_xpu.TestCommonXPU,test_compare_cpu_le_xpu_bool
op_extended,third_party.torch-xpu-ops.test.xpu.extended.test_ops_xpu.TestCommonXPU,test_compare_cpu_expm1_xpu_int16
op_extended,third_party.torch-xpu-ops.test.xpu.extended.test_ops_xpu.TestCommonXPU,test_compare_cpu_addcmul_xpu_int64
op_extended,third_party.torch-xpu-ops.test.xpu.extended.test_ops_xpu.TestCommonXPU,test_compare_cpu_triu_xpu_float16
op_extended,third_party.torch-xpu-ops.test.xpu.extended.test_ops_xpu.TestCompositeComplianceXPU,test_operator_count_nonzero_xpu_float32
op_extended,third_party.torch-xpu-ops.test.xpu.extended.test_ops_xpu.TestCommonXPU,test_compare_cpu_expm1_xpu_int32
op_extended,third_party.torch-xpu-ops.test.xpu.extended.test_ops_xpu.TestCommonXPU,test_compare_cpu_triu_xpu_float32
op_extended,third_party.torch-xpu-ops.test.xpu.extended.test_ops_xpu.TestCompositeComplianceXPU,test_operator_cross_xpu_float32
op_extended,third_party.torch-xpu-ops.test.xpu.extended.test_ops_xpu.TestCommonXPU,test_compare_cpu_addcmul_xpu_int8
op_extended,third_party.torch-xpu-ops.test.xpu.extended.test_ops_xpu.TestCommonXPU,test_compare_cpu_nn_functional_grid_sample_xpu_float32
op_extended,third_party.torch-xpu-ops.test.xpu.extended.test_ops_xpu.TestCommonXPU,test_compare_cpu_le_xpu_float16
op_extended,third_party.torch-xpu-ops.test.xpu.extended.test_ops_xpu.TestCommonXPU,test_compare_cpu_triu_xpu_float64
op_extended,third_party.torch-xpu-ops.test.xpu.extended.test_ops_xpu.TestCommonXPU,test_compare_cpu_expm1_xpu_int64
op_extended,third_party.torch-xpu-ops.test.xpu.extended.test_ops_xpu.TestCompositeComplianceXPU,test_operator_cummax_xpu_float32
op_extended,third_party.torch-xpu-ops.test.xpu.extended.test_ops_xpu.TestCommonXPU,test_compare_cpu_addcmul_xpu_uint8
op_extended,third_party.torch-xpu-ops.test.xpu.extended.test_ops_xpu.TestCommonXPU,test_compare_cpu_triu_xpu_int16
op_extended,third_party.torch-xpu-ops.test.xpu.extended.test_ops_xpu.TestCommonXPU,test_compare_cpu_expm1_xpu_int8
op_extended,third_party.torch-xpu-ops.test.xpu.extended.test_ops_xpu.TestCompositeComplianceXPU,test_operator_cummin_xpu_float32
op_extended,third_party.torch-xpu-ops.test.xpu.extended.test_ops_xpu.TestCommonXPU,test_compare_cpu_le_xpu_float32
op_extended,third_party.torch-xpu-ops.test.xpu.extended.test_ops_xpu.TestCommonXPU,test_compare_cpu_addr_xpu_bfloat16
op_extended,third_party.torch-xpu-ops.test.xpu.extended.test_ops_xpu.TestCommonXPU,test_compare_cpu_triu_xpu_int32
op_extended,third_party.torch-xpu-ops.test.xpu.extended.test_ops_xpu.TestCommonXPU,test_compare_cpu_expm1_xpu_uint8
op_extended,third_party.torch-xpu-ops.test.xpu.extended.test_ops_xpu.TestCompositeComplianceXPU,test_operator_cumprod_xpu_float32
op_extended,third_party.torch-xpu-ops.test.xpu.extended.test_ops_xpu.TestCommonXPU,test_compare_cpu_addr_xpu_bool
op_extended,third_party.torch-xpu-ops.test.xpu.extended.test_ops_xpu.TestCommonXPU,test_compare_cpu_le_xpu_float64
op_extended,third_party.torch-xpu-ops.test.xpu.extended.test_ops_xpu.TestCommonXPU,test_compare_cpu_triu_xpu_int64
op_extended,third_party.torch-xpu-ops.test.xpu.extended.test_ops_xpu.TestCommonXPU,test_compare_cpu_nn_functional_group_norm_xpu_float32
op_extended,third_party.torch-xpu-ops.test.xpu.extended.test_ops_xpu.TestCompositeComplianceXPU,test_operator_cumsum_xpu_float32
op_extended,third_party.torch-xpu-ops.test.xpu.extended.test_ops_xpu.TestCommonXPU,test_compare_cpu_addr_xpu_complex128
op_extended,third_party.torch-xpu-ops.test.xpu.extended.test_ops_xpu.TestCommonXPU,test_compare_cpu_triu_xpu_int8
op_extended,third_party.torch-xpu-ops.test.xpu.extended.test_ops_xpu.TestCommonXPU,test_compare_cpu_le_xpu_int16
op_extended,third_party.torch-xpu-ops.test.xpu.extended.test_ops_xpu.TestCommonXPU,test_compare_cpu_nn_functional_group_norm_xpu_float64
op_extended,third_party.torch-xpu-ops.test.xpu.extended.test_ops_xpu.TestCommonXPU,test_compare_cpu_addr_xpu_complex64
op_extended,third_party.torch-xpu-ops.test.xpu.extended.test_ops_xpu.TestCompositeComplianceXPU,test_operator_digamma_xpu_float32
op_extended,third_party.torch-xpu-ops.test.xpu.extended.test_ops_xpu.TestCommonXPU,test_compare_cpu_triu_xpu_uint8
op_extended,third_party.torch-xpu-ops.test.xpu.extended.test_ops_xpu.TestCommonXPU,test_compare_cpu_addr_xpu_float16
op_extended,third_party.torch-xpu-ops.test.xpu.extended.test_ops_xpu.TestCommonXPU,test_compare_cpu_le_xpu_int32
op_extended,third_party.torch-xpu-ops.test.xpu.extended.test_ops_xpu.TestCommonXPU,test_compare_cpu_trunc_xpu_bfloat16
op_extended,third_party.torch-xpu-ops.test.xpu.extended.test_ops_xpu.TestCompositeComplianceXPU,test_operator_div_floor_rounding_xpu_float32
op_extended,third_party.torch-xpu-ops.test.xpu.extended.test_ops_xpu.TestCommonXPU,test_compare_cpu_addr_xpu_float32
op_extended,third_party.torch-xpu-ops.test.xpu.extended.test_ops_xpu.TestCompositeComplianceXPU,test_operator_div_no_rounding_mode_xpu_float32
op_extended,third_party.torch-xpu-ops.test.xpu.extended.test_ops_xpu.TestCommonXPU,test_compare_cpu_nn_functional_hardshrink_xpu_bfloat16
op_extended,third_party.torch-xpu-ops.test.xpu.extended.test_ops_xpu.TestCommonXPU,test_compare_cpu_le_xpu_int64
op_extended,third_party.torch-xpu-ops.test.xpu.extended.test_ops_xpu.TestCommonXPU,test_compare_cpu_pow_xpu_float16
op_extended,third_party.torch-xpu-ops.test.xpu.extended.test_ops_xpu.TestCommonXPU,test_compare_cpu_addr_xpu_float64
op_extended,third_party.torch-xpu-ops.test.xpu.extended.test_ops_xpu.TestCommonXPU,test_compare_cpu_eye_xpu_bfloat16
op_extended,third_party.torch-xpu-ops.test.xpu.extended.test_ops_xpu.TestCommonXPU,test_compare_cpu_trunc_xpu_float16
op_extended,third_party.torch-xpu-ops.test.xpu.extended.test_ops_xpu.TestCompositeComplianceXPU,test_operator_div_trunc_rounding_xpu_float32
op_extended,third_party.torch-xpu-ops.test.xpu.extended.test_ops_xpu.TestCommonXPU,test_compare_cpu_addr_xpu_int16
op_extended,third_party.torch-xpu-ops.test.xpu.extended.test_ops_xpu.TestCommonXPU,test_compare_cpu_le_xpu_int8
op_extended,third_party.torch-xpu-ops.test.xpu.extended.test_ops_xpu.TestCommonXPU,test_compare_cpu_trunc_xpu_float32
op_extended,third_party.torch-xpu-ops.test.xpu.extended.test_ops_xpu.TestCommonXPU,test_compare_cpu_nn_functional_hardshrink_xpu_float16
op_extended,third_party.torch-xpu-ops.test.xpu.extended.test_ops_xpu.TestCommonXPU,test_compare_cpu_eye_xpu_bool
op_extended,third_party.torch-xpu-ops.test.xpu.extended.test_ops_xpu.TestCommonXPU,test_compare_cpu_addr_xpu_int32
op_extended,third_party.torch-xpu-ops.test.xpu.extended.test_ops_xpu.TestCommonXPU,test_compare_cpu_pow_xpu_float32
op_extended,third_party.torch-xpu-ops.test.xpu.extended.test_ops_xpu.TestCompositeComplianceXPU,test_operator_eq_xpu_float32
op_extended,third_party.torch-xpu-ops.test.xpu.extended.test_ops_xpu.TestCommonXPU,test_compare_cpu_trunc_xpu_float64
op_extended,third_party.torch-xpu-ops.test.xpu.extended.test_ops_xpu.TestCommonXPU,test_compare_cpu_le_xpu_uint8
op_extended,third_party.torch-xpu-ops.test.xpu.extended.test_ops_xpu.TestCommonXPU,test_compare_cpu_nn_functional_hardshrink_xpu_float32
op_extended,third_party.torch-xpu-ops.test.xpu.extended.test_ops_xpu.TestCommonXPU,test_compare_cpu_addr_xpu_int64
op_extended,third_party.torch-xpu-ops.test.xpu.extended.test_ops_xpu.TestCommonXPU,test_compare_cpu_eye_xpu_complex128
op_extended,third_party.torch-xpu-ops.test.xpu.extended.test_ops_xpu.TestCompositeComplianceXPU,test_operator_equal_xpu_float32
op_extended,third_party.torch-xpu-ops.test.xpu.extended.test_ops_xpu.TestCommonXPU,test_compare_cpu_trunc_xpu_int16
op_extended,third_party.torch-xpu-ops.test.xpu.extended.test_ops_xpu.TestCommonXPU,test_compare_cpu_pow_xpu_float64
op_extended,third_party.torch-xpu-ops.test.xpu.extended.test_ops_xpu.TestCommonXPU,test_compare_cpu_lerp_xpu_bfloat16
op_extended,third_party.torch-xpu-ops.test.xpu.extended.test_ops_xpu.TestCommonXPU,test_compare_cpu_addr_xpu_int8
op_extended,third_party.torch-xpu-ops.test.xpu.extended.test_ops_xpu.TestCommonXPU,test_compare_cpu_nn_functional_hardshrink_xpu_float64
op_extended,third_party.torch-xpu-ops.test.xpu.extended.test_ops_xpu.TestCompositeComplianceXPU,test_operator_erf_xpu_float32
op_extended,third_party.torch-xpu-ops.test.xpu.extended.test_ops_xpu.TestCommonXPU,test_compare_cpu_eye_xpu_complex64
op_extended,third_party.torch-xpu-ops.test.xpu.extended.test_ops_xpu.TestCommonXPU,test_compare_cpu_trunc_xpu_int32
op_extended,third_party.torch-xpu-ops.test.xpu.extended.test_ops_xpu.TestCommonXPU,test_compare_cpu_addr_xpu_uint8
op_extended,third_party.torch-xpu-ops.test.xpu.extended.test_ops_xpu.TestCompositeComplianceXPU,test_operator_erfc_xpu_float32
op_extended,third_party.torch-xpu-ops.test.xpu.extended.test_ops_xpu.TestCommonXPU,test_compare_cpu_pow_xpu_int16
op_extended,third_party.torch-xpu-ops.test.xpu.extended.test_ops_xpu.TestCommonXPU,test_compare_cpu_lerp_xpu_complex128
op_extended,third_party.torch-xpu-ops.test.xpu.extended.test_ops_xpu.TestCompositeComplianceXPU,test_operator_erfinv_xpu_float32
op_extended,third_party.torch-xpu-ops.test.xpu.extended.test_ops_xpu.TestCommonXPU,test_compare_cpu_trunc_xpu_int64
op_extended,third_party.torch-xpu-ops.test.xpu.extended.test_ops_xpu.TestCommonXPU,test_compare_cpu_all_xpu_bfloat16
op_extended,third_party.torch-xpu-ops.test.xpu.extended.test_ops_xpu.TestCommonXPU,test_compare_cpu_lerp_xpu_complex64
op_extended,third_party.torch-xpu-ops.test.xpu.extended.test_ops_xpu.TestCommonXPU,test_compare_cpu_pow_xpu_int32
op_extended,third_party.torch-xpu-ops.test.xpu.extended.test_ops_xpu.TestCommonXPU,test_compare_cpu_nn_functional_hardsigmoid_xpu_bfloat16
op_extended,third_party.torch-xpu-ops.test.xpu.extended.test_ops_xpu.TestCommonXPU,test_compare_cpu_eye_xpu_float16
op_extended,third_party.torch-xpu-ops.test.xpu.extended.test_ops_xpu.TestCompositeComplianceXPU,test_operator_exp2_xpu_float32
op_extended,third_party.torch-xpu-ops.test.xpu.extended.test_ops_xpu.TestCommonXPU,test_compare_cpu_trunc_xpu_int8
op_extended,third_party.torch-xpu-ops.test.xpu.extended.test_ops_xpu.TestCommonXPU,test_compare_cpu_all_xpu_bool
op_extended,third_party.torch-xpu-ops.test.xpu.extended.test_ops_xpu.TestCommonXPU,test_compare_cpu_lerp_xpu_float16
op_extended,third_party.torch-xpu-ops.test.xpu.extended.test_ops_xpu.TestCompositeComplianceXPU,test_operator_exp_xpu_float32
op_extended,third_party.torch-xpu-ops.test.xpu.extended.test_ops_xpu.TestCommonXPU,test_compare_cpu_eye_xpu_float32
op_extended,third_party.torch-xpu-ops.test.xpu.extended.test_ops_xpu.TestCommonXPU,test_compare_cpu_trunc_xpu_uint8
op_extended,third_party.torch-xpu-ops.test.xpu.extended.test_ops_xpu.TestCommonXPU,test_compare_cpu_pow_xpu_int64
op_extended,third_party.torch-xpu-ops.test.xpu.extended.test_ops_xpu.TestCommonXPU,test_compare_cpu_all_xpu_complex128
op_extended,third_party.torch-xpu-ops.test.xpu.extended.test_ops_xpu.TestCommonXPU,test_compare_cpu_lerp_xpu_float32
op_extended,third_party.torch-xpu-ops.test.xpu.extended.test_ops_xpu.TestCompositeComplianceXPU,test_operator_expm1_xpu_float32
op_extended,third_party.torch-xpu-ops.test.xpu.extended.test_ops_xpu.TestCommonXPU,test_compare_cpu_nn_functional_hardsigmoid_xpu_float16
op_extended,third_party.torch-xpu-ops.test.xpu.extended.test_ops_xpu.TestCommonXPU,test_compare_cpu_unfold_xpu_bfloat16
op_extended,third_party.torch-xpu-ops.test.xpu.extended.test_ops_xpu.TestCommonXPU,test_compare_cpu_all_xpu_complex64
op_extended,third_party.torch-xpu-ops.test.xpu.extended.test_ops_xpu.TestCommonXPU,test_compare_cpu_eye_xpu_float64
op_extended,third_party.torch-xpu-ops.test.xpu.extended.test_ops_xpu.TestCommonXPU,test_compare_cpu_lerp_xpu_float64
op_extended,third_party.torch-xpu-ops.test.xpu.extended.test_ops_xpu.TestCommonXPU,test_compare_cpu_pow_xpu_int8
op_extended,third_party.torch-xpu-ops.test.xpu.extended.test_ops_xpu.TestCompositeComplianceXPU,test_operator_exponential_xpu_float32
op_extended,third_party.torch-xpu-ops.test.xpu.extended.test_ops_xpu.TestCommonXPU,test_compare_cpu_nn_functional_hardsigmoid_xpu_float32
op_extended,third_party.torch-xpu-ops.test.xpu.extended.test_ops_xpu.TestCommonXPU,test_compare_cpu_unfold_xpu_bool
op_extended,third_party.torch-xpu-ops.test.xpu.extended.test_ops_xpu.TestCommonXPU,test_compare_cpu_all_xpu_float16
op_extended,third_party.torch-xpu-ops.test.xpu.extended.test_ops_xpu.TestCommonXPU,test_compare_cpu_eye_xpu_int16
op_extended,third_party.torch-xpu-ops.test.xpu.extended.test_ops_xpu.TestCommonXPU,test_compare_cpu_pow_xpu_uint8
op_extended,third_party.torch-xpu-ops.test.xpu.extended.test_ops_xpu.TestCommonXPU,test_compare_cpu_nn_functional_hardsigmoid_xpu_float64
op_extended,third_party.torch-xpu-ops.test.xpu.extended.test_ops_xpu.TestCommonXPU,test_compare_cpu_unfold_xpu_complex128
op_extended,third_party.torch-xpu-ops.test.xpu.extended.test_ops_xpu.TestCommonXPU,test_compare_cpu_all_xpu_float32
op_extended,third_party.torch-xpu-ops.test.xpu.extended.test_ops_xpu.TestCompositeComplianceXPU,test_operator_eye_xpu_float32
op_extended,third_party.torch-xpu-ops.test.xpu.extended.test_ops_xpu.TestCommonXPU,test_compare_cpu_eye_xpu_int32
op_extended,third_party.torch-xpu-ops.test.xpu.extended.test_ops_xpu.TestCommonXPU,test_compare_cpu_prod_xpu_bfloat16
op_extended,third_party.torch-xpu-ops.test.xpu.extended.test_ops_xpu.TestCommonXPU,test_compare_cpu_unfold_xpu_complex64
op_extended,third_party.torch-xpu-ops.test.xpu.extended.test_ops_xpu.TestCommonXPU,test_compare_cpu_all_xpu_float64
op_extended,third_party.torch-xpu-ops.test.xpu.extended.test_ops_xpu.TestCommonXPU,test_compare_cpu_lgamma_xpu_bfloat16
op_extended,third_party.torch-xpu-ops.test.xpu.extended.test_ops_xpu.TestCommonXPU,test_compare_cpu_eye_xpu_int64
op_extended,third_party.torch-xpu-ops.test.xpu.extended.test_ops_xpu.TestCommonXPU,test_compare_cpu_unfold_xpu_float16
op_extended,third_party.torch-xpu-ops.test.xpu.extended.test_ops_xpu.TestCommonXPU,test_compare_cpu_all_xpu_int16
op_extended,third_party.torch-xpu-ops.test.xpu.extended.test_ops_xpu.TestCommonXPU,test_compare_cpu_prod_xpu_bool
op_extended,third_party.torch-xpu-ops.test.xpu.extended.test_ops_xpu.TestCommonXPU,test_compare_cpu_lgamma_xpu_bool
op_extended,third_party.torch-xpu-ops.test.xpu.extended.test_ops_xpu.TestCommonXPU,test_compare_cpu_unfold_xpu_float32
op_extended,third_party.torch-xpu-ops.test.xpu.extended.test_ops_xpu.TestCommonXPU,test_compare_cpu_all_xpu_int32
op_extended,third_party.torch-xpu-ops.test.xpu.extended.test_ops_xpu.TestCommonXPU,test_compare_cpu_eye_xpu_int8
op_extended,third_party.torch-xpu-ops.test.xpu.extended.test_ops_xpu.TestCommonXPU,test_compare_cpu_prod_xpu_complex128
op_extended,third_party.torch-xpu-ops.test.xpu.extended.test_ops_xpu.TestCommonXPU,test_compare_cpu_nn_functional_huber_loss_xpu_float16
op_extended,third_party.torch-xpu-ops.test.xpu.extended.test_ops_xpu.TestCommonXPU,test_compare_cpu_unfold_xpu_float64
op_extended,third_party.torch-xpu-ops.test.xpu.extended.test_ops_xpu.TestCommonXPU,test_compare_cpu_all_xpu_int64
op_extended,third_party.torch-xpu-ops.test.xpu.extended.test_ops_xpu.TestCommonXPU,test_compare_cpu_prod_xpu_complex64
op_extended,third_party.torch-xpu-ops.test.xpu.extended.test_ops_xpu.TestCommonXPU,test_compare_cpu_eye_xpu_uint8
op_extended,third_party.torch-xpu-ops.test.xpu.extended.test_ops_xpu.TestCommonXPU,test_compare_cpu_lgamma_xpu_float16
op_extended,third_party.torch-xpu-ops.test.xpu.extended.test_ops_xpu.TestCommonXPU,test_compare_cpu_nn_functional_huber_loss_xpu_float32
op_extended,third_party.torch-xpu-ops.test.xpu.extended.test_ops_xpu.TestCommonXPU,test_compare_cpu_unfold_xpu_int16
op_extended,third_party.torch-xpu-ops.test.xpu.extended.test_ops_xpu.TestCommonXPU,test_compare_cpu_all_xpu_int8
op_extended,third_party.torch-xpu-ops.test.xpu.extended.test_ops_xpu.TestCommonXPU,test_compare_cpu_prod_xpu_float16
op_extended,third_party.torch-xpu-ops.test.xpu.extended.test_ops_xpu.TestCommonXPU,test_compare_cpu_lgamma_xpu_float32
op_extended,third_party.torch-xpu-ops.test.xpu.extended.test_ops_xpu.TestCommonXPU,test_compare_cpu_nn_functional_huber_loss_xpu_float64
op_extended,third_party.torch-xpu-ops.test.xpu.extended.test_ops_xpu.TestCommonXPU,test_compare_cpu_unfold_xpu_int32
op_extended,third_party.torch-xpu-ops.test.xpu.extended.test_ops_xpu.TestCommonXPU,test_compare_cpu_all_xpu_uint8
op_extended,third_party.torch-xpu-ops.test.xpu.extended.test_ops_xpu.TestCommonXPU,test_compare_cpu_prod_xpu_float32
op_extended,third_party.torch-xpu-ops.test.xpu.extended.test_ops_xpu.TestCommonXPU,test_compare_cpu_unfold_xpu_int64
op_extended,third_party.torch-xpu-ops.test.xpu.extended.test_ops_xpu.TestCommonXPU,test_compare_cpu_lgamma_xpu_float64
op_extended,third_party.torch-xpu-ops.test.xpu.extended.test_ops_xpu.TestCommonXPU,test_compare_cpu_prod_xpu_float64
op_extended,third_party.torch-xpu-ops.test.xpu.extended.test_ops_xpu.TestCommonXPU,test_compare_cpu_amax_xpu_bfloat16
op_extended,third_party.torch-xpu-ops.test.xpu.extended.test_ops_xpu.TestCommonXPU,test_compare_cpu_unfold_xpu_int8
op_extended,third_party.torch-xpu-ops.test.xpu.extended.test_ops_xpu.TestCommonXPU,test_compare_cpu_lgamma_xpu_int16
op_extended,third_party.torch-xpu-ops.test.xpu.extended.test_ops_xpu.TestCommonXPU,test_compare_cpu_prod_xpu_int16
op_extended,third_party.torch-xpu-ops.test.xpu.extended.test_ops_xpu.TestCommonXPU,test_compare_cpu_amax_xpu_bool
op_extended,third_party.torch-xpu-ops.test.xpu.extended.test_ops_xpu.TestCommonXPU,test_compare_cpu_unfold_xpu_uint8
op_extended,third_party.torch-xpu-ops.test.xpu.extended.test_ops_xpu.TestCommonXPU,test_compare_cpu_nn_functional_interpolate_area_xpu_float32
op_extended,third_party.torch-xpu-ops.test.xpu.extended.test_ops_xpu.TestCommonXPU,test_compare_cpu_lgamma_xpu_int32
op_extended,third_party.torch-xpu-ops.test.xpu.extended.test_ops_xpu.TestCommonXPU,test_compare_cpu_prod_xpu_int32
op_extended,third_party.torch-xpu-ops.test.xpu.extended.test_ops_xpu.TestCommonXPU,test_compare_cpu_nn_functional_interpolate_area_xpu_float64
op_extended,third_party.torch-xpu-ops.test.xpu.extended.test_ops_xpu.TestCommonXPU,test_compare_cpu_amax_xpu_float16
op_extended,third_party.torch-xpu-ops.test.xpu.extended.test_ops_xpu.TestCommonXPU,test_compare_cpu_prod_xpu_int64
op_extended,third_party.torch-xpu-ops.test.xpu.extended.test_ops_xpu.TestCommonXPU,test_compare_cpu_lgamma_xpu_int64
op_extended,third_party.torch-xpu-ops.test.xpu.extended.test_ops_xpu.TestCommonXPU,test_compare_cpu_amax_xpu_float32
op_extended,third_party.torch-xpu-ops.test.xpu.extended.test_ops_xpu.TestCommonXPU,test_compare_cpu_prod_xpu_int8
op_extended,third_party.torch-xpu-ops.test.xpu.extended.test_ops_xpu.TestCommonXPU,test_compare_cpu_lgamma_xpu_int8
op_extended,third_party.torch-xpu-ops.test.xpu.extended.test_ops_xpu.TestCommonXPU,test_compare_cpu_amax_xpu_float64
op_extended,third_party.torch-xpu-ops.test.xpu.extended.test_ops_xpu.TestCommonXPU,test_compare_cpu_prod_xpu_uint8
op_extended,third_party.torch-xpu-ops.test.xpu.extended.test_ops_xpu.TestCommonXPU,test_compare_cpu_lgamma_xpu_uint8
op_extended,third_party.torch-xpu-ops.test.xpu.extended.test_ops_xpu.TestCommonXPU,test_compare_cpu_amax_xpu_int16
op_extended,third_party.torch-xpu-ops.test.xpu.extended.test_ops_xpu.TestCommonXPU,test_compare_cpu_nn_functional_interpolate_bicubic_xpu_float32
op_extended,third_party.torch-xpu-ops.test.xpu.extended.test_ops_xpu.TestCommonXPU,test_compare_cpu_put_xpu_bfloat16
op_extended,third_party.torch-xpu-ops.test.xpu.extended.test_ops_xpu.TestCommonXPU,test_compare_cpu_amax_xpu_int32
op_extended,third_party.torch-xpu-ops.test.xpu.extended.test_ops_xpu.TestCommonXPU,test_compare_cpu_nn_functional_interpolate_bicubic_xpu_float64
op_extended,third_party.torch-xpu-ops.test.xpu.extended.test_ops_xpu.TestCommonXPU,test_compare_cpu_linspace_tensor_overload_xpu_bfloat16
op_extended,third_party.torch-xpu-ops.test.xpu.extended.test_ops_xpu.TestCommonXPU,test_compare_cpu_unique_consecutive_xpu_bfloat16
op_extended,third_party.torch-xpu-ops.test.xpu.extended.test_ops_xpu.TestCommonXPU,test_compare_cpu_put_xpu_bool
op_extended,third_party.torch-xpu-ops.test.xpu.extended.test_ops_xpu.TestCommonXPU,test_compare_cpu_amax_xpu_int64
op_extended,third_party.torch-xpu-ops.test.xpu.extended.test_ops_xpu.TestCommonXPU,test_compare_cpu_put_xpu_complex128
op_extended,third_party.torch-xpu-ops.test.xpu.extended.test_ops_xpu.TestCommonXPU,test_compare_cpu_amax_xpu_int8
op_extended,third_party.torch-xpu-ops.test.xpu.extended.test_ops_xpu.TestCommonXPU,test_compare_cpu_linspace_tensor_overload_xpu_complex128
op_extended,third_party.torch-xpu-ops.test.xpu.extended.test_ops_xpu.TestCommonXPU,test_compare_cpu_amax_xpu_uint8
op_extended,third_party.torch-xpu-ops.test.xpu.extended.test_ops_xpu.TestCommonXPU,test_compare_cpu_put_xpu_complex64
op_extended,third_party.torch-xpu-ops.test.xpu.extended.test_ops_xpu.TestCommonXPU,test_compare_cpu_unique_consecutive_xpu_bool
op_extended,third_party.torch-xpu-ops.test.xpu.extended.test_ops_xpu.TestCommonXPU,test_compare_cpu_nn_functional_interpolate_bilinear_xpu_float32
op_extended,third_party.torch-xpu-ops.test.xpu.extended.test_ops_xpu.TestCommonXPU,test_compare_cpu_amin_xpu_bfloat16
op_extended,third_party.torch-xpu-ops.test.xpu.extended.test_ops_xpu.TestCommonXPU,test_compare_cpu_linspace_tensor_overload_xpu_complex64
op_extended,third_party.torch-xpu-ops.test.xpu.extended.test_ops_xpu.TestCommonXPU,test_compare_cpu_put_xpu_float16
op_extended,third_party.torch-xpu-ops.test.xpu.extended.test_ops_xpu.TestCommonXPU,test_compare_cpu_amin_xpu_bool
op_extended,third_party.torch-xpu-ops.test.xpu.extended.test_ops_xpu.TestCommonXPU,test_compare_cpu_nn_functional_interpolate_bilinear_xpu_float64
op_extended,third_party.torch-xpu-ops.test.xpu.extended.test_ops_xpu.TestCommonXPU,test_compare_cpu_put_xpu_float32
op_extended,third_party.torch-xpu-ops.test.xpu.extended.test_ops_xpu.TestCommonXPU,test_compare_cpu_unique_consecutive_xpu_float16
op_extended,third_party.torch-xpu-ops.test.xpu.extended.test_ops_xpu.TestCommonXPU,test_compare_cpu_put_xpu_float64
op_extended,third_party.torch-xpu-ops.test.xpu.extended.test_ops_xpu.TestCommonXPU,test_compare_cpu_amin_xpu_float16
op_extended,third_party.torch-xpu-ops.test.xpu.extended.test_ops_xpu.TestCommonXPU,test_compare_cpu_linspace_tensor_overload_xpu_float16
op_extended,third_party.torch-xpu-ops.test.xpu.extended.test_ops_xpu.TestCommonXPU,test_compare_cpu_put_xpu_int16
op_extended,third_party.torch-xpu-ops.test.xpu.extended.test_ops_xpu.TestCommonXPU,test_compare_cpu_amin_xpu_float32
op_extended,third_party.torch-xpu-ops.test.xpu.extended.test_ops_xpu.TestCommonXPU,test_compare_cpu_unique_consecutive_xpu_float32
op_extended,third_party.torch-xpu-ops.test.xpu.extended.test_ops_xpu.TestCommonXPU,test_compare_cpu_nn_functional_interpolate_linear_xpu_float32
op_extended,third_party.torch-xpu-ops.test.xpu.extended.test_ops_xpu.TestCommonXPU,test_compare_cpu_linspace_tensor_overload_xpu_float32
op_extended,third_party.torch-xpu-ops.test.xpu.extended.test_ops_xpu.TestCommonXPU,test_compare_cpu_put_xpu_int32
op_extended,third_party.torch-xpu-ops.test.xpu.extended.test_ops_xpu.TestCommonXPU,test_compare_cpu_amin_xpu_float64
op_extended,third_party.torch-xpu-ops.test.xpu.extended.test_ops_xpu.TestCommonXPU,test_compare_cpu_fft_fft2_xpu_bool
op_extended,third_party.torch-xpu-ops.test.xpu.extended.test_ops_xpu.TestCompositeComplianceXPU,test_operator_fft_fft2_xpu_float32
op_extended,third_party.torch-xpu-ops.test.xpu.extended.test_ops_xpu.TestCommonXPU,test_compare_cpu_nn_functional_interpolate_linear_xpu_float64
op_extended,third_party.torch-xpu-ops.test.xpu.extended.test_ops_xpu.TestCommonXPU,test_compare_cpu_amin_xpu_int16
op_extended,third_party.torch-xpu-ops.test.xpu.extended.test_ops_xpu.TestCommonXPU,test_compare_cpu_put_xpu_int64
op_extended,third_party.torch-xpu-ops.test.xpu.extended.test_ops_xpu.TestCommonXPU,test_compare_cpu_linspace_tensor_overload_xpu_float64
op_extended,third_party.torch-xpu-ops.test.xpu.extended.test_ops_xpu.TestCommonXPU,test_compare_cpu_unique_consecutive_xpu_float64
op_extended,third_party.torch-xpu-ops.test.xpu.extended.test_ops_xpu.TestCommonXPU,test_compare_cpu_amin_xpu_int32
op_extended,third_party.torch-xpu-ops.test.xpu.extended.test_ops_xpu.TestCommonXPU,test_compare_cpu_put_xpu_int8
op_extended,third_party.torch-xpu-ops.test.xpu.extended.test_ops_xpu.TestCommonXPU,test_compare_cpu_amin_xpu_int64
op_extended,third_party.torch-xpu-ops.test.xpu.extended.test_ops_xpu.TestCommonXPU,test_compare_cpu_put_xpu_uint8
op_extended,third_party.torch-xpu-ops.test.xpu.extended.test_ops_xpu.TestCommonXPU,test_compare_cpu_nn_functional_interpolate_nearest-exact_xpu_bfloat16
op_extended,third_party.torch-xpu-ops.test.xpu.extended.test_ops_xpu.TestCommonXPU,test_compare_cpu_linspace_tensor_overload_xpu_int16
op_extended,third_party.torch-xpu-ops.test.xpu.extended.test_ops_xpu.TestCommonXPU,test_compare_cpu_amin_xpu_int8
op_extended,third_party.torch-xpu-ops.test.xpu.extended.test_ops_xpu.TestCommonXPU,test_compare_cpu_reciprocal_xpu_bfloat16
op_extended,third_party.torch-xpu-ops.test.xpu.extended.test_ops_xpu.TestCommonXPU,test_compare_cpu_unique_consecutive_xpu_int16
op_extended,third_party.torch-xpu-ops.test.xpu.extended.test_ops_xpu.TestCommonXPU,test_compare_cpu_amin_xpu_uint8
op_extended,third_party.torch-xpu-ops.test.xpu.extended.test_ops_xpu.TestCommonXPU,test_compare_cpu_linspace_tensor_overload_xpu_int32
op_extended,third_party.torch-xpu-ops.test.xpu.extended.test_ops_xpu.TestCommonXPU,test_compare_cpu_nn_functional_interpolate_nearest-exact_xpu_float16
op_extended,third_party.torch-xpu-ops.test.xpu.extended.test_ops_xpu.TestCommonXPU,test_compare_cpu_reciprocal_xpu_bool
op_extended,third_party.torch-xpu-ops.test.xpu.extended.test_ops_xpu.TestCommonXPU,test_compare_cpu_nn_functional_interpolate_nearest-exact_xpu_float32
op_extended,third_party.torch-xpu-ops.test.xpu.extended.test_ops_xpu.TestCommonXPU,test_compare_cpu_aminmax_xpu_bfloat16
op_extended,third_party.torch-xpu-ops.test.xpu.extended.test_ops_xpu.TestCommonXPU,test_compare_cpu_unique_consecutive_xpu_int32
op_extended,third_party.torch-xpu-ops.test.xpu.extended.test_ops_xpu.TestCommonXPU,test_compare_cpu_linspace_tensor_overload_xpu_int64
op_extended,third_party.torch-xpu-ops.test.xpu.extended.test_ops_xpu.TestCommonXPU,test_compare_cpu_nn_functional_interpolate_nearest-exact_xpu_float64
op_extended,third_party.torch-xpu-ops.test.xpu.extended.test_ops_xpu.TestCommonXPU,test_compare_cpu_reciprocal_xpu_complex128
op_extended,third_party.torch-xpu-ops.test.xpu.extended.test_ops_xpu.TestCommonXPU,test_compare_cpu_aminmax_xpu_bool
op_extended,third_party.torch-xpu-ops.test.xpu.extended.test_ops_xpu.TestCommonXPU,test_compare_cpu_linspace_tensor_overload_xpu_int8
op_extended,third_party.torch-xpu-ops.test.xpu.extended.test_ops_xpu.TestCommonXPU,test_compare_cpu_reciprocal_xpu_complex64
op_extended,third_party.torch-xpu-ops.test.xpu.extended.test_ops_xpu.TestCommonXPU,test_compare_cpu_aminmax_xpu_float16
op_extended,third_party.torch-xpu-ops.test.xpu.extended.test_ops_xpu.TestCommonXPU,test_compare_cpu_unique_consecutive_xpu_int64
op_extended,third_party.torch-xpu-ops.test.xpu.extended.test_ops_xpu.TestCommonXPU,test_compare_cpu_nn_functional_interpolate_nearest-exact_xpu_uint8
op_extended,third_party.torch-xpu-ops.test.xpu.extended.test_ops_xpu.TestCommonXPU,test_compare_cpu_reciprocal_xpu_float16
op_extended,third_party.torch-xpu-ops.test.xpu.extended.test_ops_xpu.TestCommonXPU,test_compare_cpu_aminmax_xpu_float32
op_extended,third_party.torch-xpu-ops.test.xpu.extended.test_ops_xpu.TestCommonXPU,test_compare_cpu_linspace_tensor_overload_xpu_uint8
op_extended,third_party.torch-xpu-ops.test.xpu.extended.test_ops_xpu.TestCommonXPU,test_compare_cpu_nn_functional_interpolate_nearest_xpu_bfloat16
op_extended,third_party.torch-xpu-ops.test.xpu.extended.test_ops_xpu.TestCommonXPU,test_compare_cpu_reciprocal_xpu_float32
op_extended,third_party.torch-xpu-ops.test.xpu.extended.test_ops_xpu.TestCommonXPU,test_compare_cpu_aminmax_xpu_float64
op_extended,third_party.torch-xpu-ops.test.xpu.extended.test_ops_xpu.TestCommonXPU,test_compare_cpu_linspace_xpu_bfloat16
op_extended,third_party.torch-xpu-ops.test.xpu.extended.test_ops_xpu.TestCommonXPU,test_compare_cpu_unique_consecutive_xpu_int8
op_extended,third_party.torch-xpu-ops.test.xpu.extended.test_ops_xpu.TestCommonXPU,test_compare_cpu_aminmax_xpu_int16
op_extended,third_party.torch-xpu-ops.test.xpu.extended.test_ops_xpu.TestCommonXPU,test_compare_cpu_reciprocal_xpu_float64
op_extended,third_party.torch-xpu-ops.test.xpu.extended.test_ops_xpu.TestCommonXPU,test_compare_cpu_nn_functional_interpolate_nearest_xpu_float16
op_extended,third_party.torch-xpu-ops.test.xpu.extended.test_ops_xpu.TestCommonXPU,test_compare_cpu_linspace_xpu_complex128
op_extended,third_party.torch-xpu-ops.test.xpu.extended.test_ops_xpu.TestCommonXPU,test_compare_cpu_aminmax_xpu_int32
op_extended,third_party.torch-xpu-ops.test.xpu.extended.test_ops_xpu.TestCommonXPU,test_compare_cpu_reciprocal_xpu_int16
op_extended,third_party.torch-xpu-ops.test.xpu.extended.test_ops_xpu.TestCommonXPU,test_compare_cpu_nn_functional_interpolate_nearest_xpu_float32
op_extended,third_party.torch-xpu-ops.test.xpu.extended.test_ops_xpu.TestCommonXPU,test_compare_cpu_aminmax_xpu_int64
op_extended,third_party.torch-xpu-ops.test.xpu.extended.test_ops_xpu.TestCommonXPU,test_compare_cpu_unique_consecutive_xpu_uint8
op_extended,third_party.torch-xpu-ops.test.xpu.extended.test_ops_xpu.TestCommonXPU,test_compare_cpu_linspace_xpu_complex64
op_extended,third_party.torch-xpu-ops.test.xpu.extended.test_ops_xpu.TestCommonXPU,test_compare_cpu_reciprocal_xpu_int32
op_extended,third_party.torch-xpu-ops.test.xpu.extended.test_ops_xpu.TestCommonXPU,test_compare_cpu_nn_functional_interpolate_nearest_xpu_float64
op_extended,third_party.torch-xpu-ops.test.xpu.extended.test_ops_xpu.TestCommonXPU,test_compare_cpu_aminmax_xpu_int8
op_extended,third_party.torch-xpu-ops.test.xpu.extended.test_ops_xpu.TestCommonXPU,test_compare_cpu_linspace_xpu_float16
op_extended,third_party.torch-xpu-ops.test.xpu.extended.test_ops_xpu.TestCommonXPU,test_compare_cpu_reciprocal_xpu_int64
op_extended,third_party.torch-xpu-ops.test.xpu.extended.test_ops_xpu.TestCommonXPU,test_compare_cpu_aminmax_xpu_uint8
op_extended,third_party.torch-xpu-ops.test.xpu.extended.test_ops_xpu.TestCommonXPU,test_compare_cpu_linspace_xpu_float32
op_extended,third_party.torch-xpu-ops.test.xpu.extended.test_ops_xpu.TestCommonXPU,test_compare_cpu_reciprocal_xpu_int8
op_extended,third_party.torch-xpu-ops.test.xpu.extended.test_ops_xpu.TestCommonXPU,test_compare_cpu_nn_functional_interpolate_nearest_xpu_uint8
op_extended,third_party.torch-xpu-ops.test.xpu.extended.test_ops_xpu.TestCommonXPU,test_compare_cpu_linspace_xpu_float64
op_extended,third_party.torch-xpu-ops.test.xpu.extended.test_ops_xpu.TestCommonXPU,test_compare_cpu_angle_xpu_bool
op_extended,third_party.torch-xpu-ops.test.xpu.extended.test_ops_xpu.TestCommonXPU,test_compare_cpu_reciprocal_xpu_uint8
op_extended,third_party.torch-xpu-ops.test.xpu.extended.test_ops_xpu.TestCommonXPU,test_compare_cpu_var_mean_unbiased_xpu_bfloat16
op_extended,third_party.torch-xpu-ops.test.xpu.extended.test_ops_xpu.TestCommonXPU,test_compare_cpu_nn_functional_interpolate_trilinear_xpu_float32
op_extended,third_party.torch-xpu-ops.test.xpu.extended.test_ops_xpu.TestCommonXPU,test_compare_cpu_linspace_xpu_int16
op_extended,third_party.torch-xpu-ops.test.xpu.extended.test_ops_xpu.TestCommonXPU,test_compare_cpu_angle_xpu_complex128
op_extended,third_party.torch-xpu-ops.test.xpu.extended.test_ops_xpu.TestCommonXPU,test_compare_cpu_var_mean_unbiased_xpu_complex128
op_extended,third_party.torch-xpu-ops.test.xpu.extended.test_ops_xpu.TestCommonXPU,test_compare_cpu_nn_functional_interpolate_trilinear_xpu_float64
op_extended,third_party.torch-xpu-ops.test.xpu.extended.test_ops_xpu.TestCommonXPU,test_compare_cpu_remainder_xpu_bfloat16
op_extended,third_party.torch-xpu-ops.test.xpu.extended.test_ops_xpu.TestCommonXPU,test_compare_cpu_linspace_xpu_int32
op_extended,third_party.torch-xpu-ops.test.xpu.extended.test_ops_xpu.TestCommonXPU,test_compare_cpu_angle_xpu_complex64
op_extended,third_party.torch-xpu-ops.test.xpu.extended.test_ops_xpu.TestCommonXPU,test_compare_cpu_var_mean_unbiased_xpu_complex64
op_extended,third_party.torch-xpu-ops.test.xpu.extended.test_ops_xpu.TestCommonXPU,test_compare_cpu_linspace_xpu_int64
op_extended,third_party.torch-xpu-ops.test.xpu.extended.test_ops_xpu.TestCommonXPU,test_compare_cpu_var_mean_unbiased_xpu_float16
op_extended,third_party.torch-xpu-ops.test.xpu.extended.test_ops_xpu.TestCommonXPU,test_compare_cpu_angle_xpu_float32
op_extended,third_party.torch-xpu-ops.test.xpu.extended.test_ops_xpu.TestCommonXPU,test_compare_cpu_nn_functional_leaky_relu_xpu_bfloat16
op_extended,third_party.torch-xpu-ops.test.xpu.extended.test_ops_xpu.TestCommonXPU,test_compare_cpu_linspace_xpu_int8
op_extended,third_party.torch-xpu-ops.test.xpu.extended.test_ops_xpu.TestCommonXPU,test_compare_cpu_var_mean_unbiased_xpu_float32
op_extended,third_party.torch-xpu-ops.test.xpu.extended.test_ops_xpu.TestCommonXPU,test_compare_cpu_angle_xpu_float64
op_extended,third_party.torch-xpu-ops.test.xpu.extended.test_ops_xpu.TestCommonXPU,test_compare_cpu_fft_fft2_xpu_complex128
op_extended,third_party.torch-xpu-ops.test.xpu.extended.test_ops_xpu.TestCommonXPU,test_compare_cpu_remainder_xpu_float16
op_extended,third_party.torch-xpu-ops.test.xpu.extended.test_ops_xpu.TestCommonXPU,test_compare_cpu_linspace_xpu_uint8
op_extended,third_party.torch-xpu-ops.test.xpu.extended.test_ops_xpu.TestCommonXPU,test_compare_cpu_var_mean_unbiased_xpu_float64
op_extended,third_party.torch-xpu-ops.test.xpu.extended.test_ops_xpu.TestCompositeComplianceXPU,test_operator_fft_fft_xpu_float32
op_extended,third_party.torch-xpu-ops.test.xpu.extended.test_ops_xpu.TestCommonXPU,test_compare_cpu_angle_xpu_int16
op_extended,third_party.torch-xpu-ops.test.xpu.extended.test_ops_xpu.TestCommonXPU,test_compare_cpu_fft_fft2_xpu_complex64
op_extended,third_party.torch-xpu-ops.test.xpu.extended.test_ops_xpu.TestCommonXPU,test_compare_cpu_nn_functional_leaky_relu_xpu_float16
op_extended,third_party.torch-xpu-ops.test.xpu.extended.test_ops_xpu.TestCommonXPU,test_compare_cpu_log10_xpu_bfloat16
op_extended,third_party.torch-xpu-ops.test.xpu.extended.test_ops_xpu.TestCommonXPU,test_compare_cpu_remainder_xpu_float32
op_extended,third_party.torch-xpu-ops.test.xpu.extended.test_ops_xpu.TestCommonXPU,test_compare_cpu_nn_functional_leaky_relu_xpu_float32
op_extended,third_party.torch-xpu-ops.test.xpu.extended.test_ops_xpu.TestCommonXPU,test_compare_cpu_angle_xpu_int32
op_extended,third_party.torch-xpu-ops.test.xpu.extended.test_ops_xpu.TestCommonXPU,test_compare_cpu_fft_fft2_xpu_float32
op_extended,third_party.torch-xpu-ops.test.xpu.extended.test_ops_xpu.TestCommonXPU,test_compare_cpu_var_mean_xpu_bfloat16
op_extended,third_party.torch-xpu-ops.test.xpu.extended.test_ops_xpu.TestCommonXPU,test_compare_cpu_nn_functional_leaky_relu_xpu_float64
op_extended,third_party.torch-xpu-ops.test.xpu.extended.test_ops_xpu.TestCommonXPU,test_compare_cpu_log10_xpu_bool
op_extended,third_party.torch-xpu-ops.test.xpu.extended.test_ops_xpu.TestCommonXPU,test_compare_cpu_angle_xpu_int64
op_extended,third_party.torch-xpu-ops.test.xpu.extended.test_ops_xpu.TestCommonXPU,test_compare_cpu_fft_fft2_xpu_float64
op_extended,third_party.torch-xpu-ops.test.xpu.extended.test_ops_xpu.TestCommonXPU,test_compare_cpu_remainder_xpu_float64
op_extended,third_party.torch-xpu-ops.test.xpu.extended.test_ops_xpu.TestCommonXPU,test_compare_cpu_var_mean_xpu_complex128
op_extended,third_party.torch-xpu-ops.test.xpu.extended.test_ops_xpu.TestCommonXPU,test_compare_cpu_angle_xpu_int8
op_extended,third_party.torch-xpu-ops.test.xpu.extended.test_ops_xpu.TestCommonXPU,test_compare_cpu_fft_fft2_xpu_int16
op_extended,third_party.torch-xpu-ops.test.xpu.extended.test_ops_xpu.TestCommonXPU,test_compare_cpu_log10_xpu_complex128
op_extended,third_party.torch-xpu-ops.test.xpu.extended.test_ops_xpu.TestCommonXPU,test_compare_cpu_remainder_xpu_int16
op_extended,third_party.torch-xpu-ops.test.xpu.extended.test_ops_xpu.TestCommonXPU,test_compare_cpu_var_mean_xpu_complex64
op_extended,third_party.torch-xpu-ops.test.xpu.extended.test_ops_xpu.TestCommonXPU,test_compare_cpu_fft_fft2_xpu_int32
op_extended,third_party.torch-xpu-ops.test.xpu.extended.test_ops_xpu.TestCommonXPU,test_compare_cpu_angle_xpu_uint8
op_extended,third_party.torch-xpu-ops.test.xpu.extended.test_ops_xpu.TestCommonXPU,test_compare_cpu_log10_xpu_float16
op_extended,third_party.torch-xpu-ops.test.xpu.extended.test_ops_xpu.TestCommonXPU,test_compare_cpu_var_mean_xpu_float16
op_extended,third_party.torch-xpu-ops.test.xpu.extended.test_ops_xpu.TestCommonXPU,test_compare_cpu_fft_fft2_xpu_int64
op_extended,third_party.torch-xpu-ops.test.xpu.extended.test_ops_xpu.TestCommonXPU,test_compare_cpu_any_xpu_bfloat16
op_extended,third_party.torch-xpu-ops.test.xpu.extended.test_ops_xpu.TestCommonXPU,test_compare_cpu_nn_functional_local_response_norm_xpu_bfloat16
op_extended,third_party.torch-xpu-ops.test.xpu.extended.test_ops_xpu.TestCommonXPU,test_compare_cpu_remainder_xpu_int32
op_extended,third_party.torch-xpu-ops.test.xpu.extended.test_ops_xpu.TestCommonXPU,test_compare_cpu_log10_xpu_float32
op_extended,third_party.torch-xpu-ops.test.xpu.extended.test_ops_xpu.TestCommonXPU,test_compare_cpu_var_mean_xpu_float32
op_extended,third_party.torch-xpu-ops.test.xpu.extended.test_ops_xpu.TestCommonXPU,test_compare_cpu_fft_fft2_xpu_int8
op_extended,third_party.torch-xpu-ops.test.xpu.extended.test_ops_xpu.TestCommonXPU,test_compare_cpu_any_xpu_bool
op_extended,third_party.torch-xpu-ops.test.xpu.extended.test_ops_xpu.TestCommonXPU,test_compare_cpu_var_mean_xpu_float64
op_extended,third_party.torch-xpu-ops.test.xpu.extended.test_ops_xpu.TestCommonXPU,test_compare_cpu_remainder_xpu_int64
op_extended,third_party.torch-xpu-ops.test.xpu.extended.test_ops_xpu.TestCommonXPU,test_compare_cpu_log10_xpu_float64
op_extended,third_party.torch-xpu-ops.test.xpu.extended.test_ops_xpu.TestCommonXPU,test_compare_cpu_fft_fft2_xpu_uint8
op_extended,third_party.torch-xpu-ops.test.xpu.extended.test_ops_xpu.TestCommonXPU,test_compare_cpu_any_xpu_complex128
op_extended,third_party.torch-xpu-ops.test.xpu.extended.test_ops_xpu.TestCommonXPU,test_compare_cpu_log10_xpu_int16
op_extended,third_party.torch-xpu-ops.test.xpu.extended.test_ops_xpu.TestCommonXPU,test_compare_cpu_any_xpu_complex64
op_extended,third_party.torch-xpu-ops.test.xpu.extended.test_ops_xpu.TestCompositeComplianceXPU,test_operator_fft_fftn_xpu_float32
op_extended,third_party.torch-xpu-ops.test.xpu.extended.test_ops_xpu.TestCommonXPU,test_compare_cpu_remainder_xpu_int8
op_extended,third_party.torch-xpu-ops.test.xpu.extended.test_ops_xpu.TestCommonXPU,test_compare_cpu_fft_fft_xpu_bool
op_extended,third_party.torch-xpu-ops.test.xpu.extended.test_ops_xpu.TestCommonXPU,test_compare_cpu_nn_functional_local_response_norm_xpu_float16
op_extended,third_party.torch-xpu-ops.test.xpu.extended.test_ops_xpu.TestCommonXPU,test_compare_cpu_log10_xpu_int32
op_extended,third_party.torch-xpu-ops.test.xpu.extended.test_ops_xpu.TestCommonXPU,test_compare_cpu_any_xpu_float16
op_extended,third_party.torch-xpu-ops.test.xpu.extended.test_ops_xpu.TestCompositeComplianceXPU,test_operator_fft_fftshift_xpu_float32
op_extended,third_party.torch-xpu-ops.test.xpu.extended.test_ops_xpu.TestCommonXPU,test_compare_cpu_var_unbiased_xpu_bfloat16
op_extended,third_party.torch-xpu-ops.test.xpu.extended.test_ops_xpu.TestCommonXPU,test_compare_cpu_nn_functional_local_response_norm_xpu_float32
op_extended,third_party.torch-xpu-ops.test.xpu.extended.test_ops_xpu.TestCommonXPU,test_compare_cpu_remainder_xpu_uint8
op_extended,third_party.torch-xpu-ops.test.xpu.extended.test_ops_xpu.TestCommonXPU,test_compare_cpu_any_xpu_float32
op_extended,third_party.torch-xpu-ops.test.xpu.extended.test_ops_xpu.TestCommonXPU,test_compare_cpu_log10_xpu_int64
op_extended,third_party.torch-xpu-ops.test.xpu.extended.test_ops_xpu.TestCommonXPU,test_compare_cpu_var_unbiased_xpu_complex128
op_extended,third_party.torch-xpu-ops.test.xpu.extended.test_ops_xpu.TestCommonXPU,test_compare_cpu_renorm_xpu_bfloat16
op_extended,third_party.torch-xpu-ops.test.xpu.extended.test_ops_xpu.TestCommonXPU,test_compare_cpu_nn_functional_local_response_norm_xpu_float64
op_extended,third_party.torch-xpu-ops.test.xpu.extended.test_ops_xpu.TestCommonXPU,test_compare_cpu_any_xpu_float64
op_extended,third_party.torch-xpu-ops.test.xpu.extended.test_ops_xpu.TestCommonXPU,test_compare_cpu_log10_xpu_int8
op_extended,third_party.torch-xpu-ops.test.xpu.extended.test_ops_xpu.TestCommonXPU,test_compare_cpu_var_unbiased_xpu_complex64
op_extended,third_party.torch-xpu-ops.test.xpu.extended.test_ops_xpu.TestCommonXPU,test_compare_cpu_any_xpu_int16
op_extended,third_party.torch-xpu-ops.test.xpu.extended.test_ops_xpu.TestCommonXPU,test_compare_cpu_renorm_xpu_complex128
op_extended,third_party.torch-xpu-ops.test.xpu.extended.test_ops_xpu.TestCommonXPU,test_compare_cpu_var_unbiased_xpu_float16
op_extended,third_party.torch-xpu-ops.test.xpu.extended.test_ops_xpu.TestCommonXPU,test_compare_cpu_log10_xpu_uint8
op_extended,third_party.torch-xpu-ops.test.xpu.extended.test_ops_xpu.TestCommonXPU,test_compare_cpu_renorm_xpu_complex64
op_extended,third_party.torch-xpu-ops.test.xpu.extended.test_ops_xpu.TestCommonXPU,test_compare_cpu_any_xpu_int32
op_extended,third_party.torch-xpu-ops.test.xpu.extended.test_ops_xpu.TestCommonXPU,test_compare_cpu_var_unbiased_xpu_float32
op_extended,third_party.torch-xpu-ops.test.xpu.extended.test_ops_xpu.TestCommonXPU,test_compare_cpu_log1p_xpu_bfloat16
op_extended,third_party.torch-xpu-ops.test.xpu.extended.test_ops_xpu.TestCommonXPU,test_compare_cpu_renorm_xpu_float16
op_extended,third_party.torch-xpu-ops.test.xpu.extended.test_ops_xpu.TestCommonXPU,test_compare_cpu_any_xpu_int64
op_extended,third_party.torch-xpu-ops.test.xpu.extended.test_ops_xpu.TestCommonXPU,test_compare_cpu_var_unbiased_xpu_float64
op_extended,third_party.torch-xpu-ops.test.xpu.extended.test_ops_xpu.TestCommonXPU,test_compare_cpu_log1p_xpu_bool
op_extended,third_party.torch-xpu-ops.test.xpu.extended.test_ops_xpu.TestCommonXPU,test_compare_cpu_renorm_xpu_float32
op_extended,third_party.torch-xpu-ops.test.xpu.extended.test_ops_xpu.TestCommonXPU,test_compare_cpu_any_xpu_int8
op_extended,third_party.torch-xpu-ops.test.xpu.extended.test_ops_xpu.TestCommonXPU,test_compare_cpu_renorm_xpu_float64
op_extended,third_party.torch-xpu-ops.test.xpu.extended.test_ops_xpu.TestCommonXPU,test_compare_cpu_any_xpu_uint8
op_extended,third_party.torch-xpu-ops.test.xpu.extended.test_ops_xpu.TestCommonXPU,test_compare_cpu_log1p_xpu_complex128
op_extended,third_party.torch-xpu-ops.test.xpu.extended.test_ops_xpu.TestCommonXPU,test_compare_cpu_var_xpu_bfloat16
op_extended,third_party.torch-xpu-ops.test.xpu.extended.test_ops_xpu.TestCommonXPU,test_compare_cpu_fft_fft_xpu_complex128
op_extended,third_party.torch-xpu-ops.test.xpu.extended.test_ops_xpu.TestCommonXPU,test_compare_cpu_log1p_xpu_float16
op_extended,third_party.torch-xpu-ops.test.xpu.extended.test_ops_xpu.TestCommonXPU,test_compare_cpu_arange_xpu_bfloat16
op_extended,third_party.torch-xpu-ops.test.xpu.extended.test_ops_xpu.TestCommonXPU,test_compare_cpu_var_xpu_complex128
op_extended,third_party.torch-xpu-ops.test.xpu.extended.test_ops_xpu.TestCommonXPU,test_compare_cpu_log1p_xpu_float32
op_extended,third_party.torch-xpu-ops.test.xpu.extended.test_ops_xpu.TestCommonXPU,test_compare_cpu_var_xpu_complex64
op_extended,third_party.torch-xpu-ops.test.xpu.extended.test_ops_xpu.TestCommonXPU,test_compare_cpu_repeat_interleave_xpu_bfloat16
op_extended,third_party.torch-xpu-ops.test.xpu.extended.test_ops_xpu.TestCommonXPU,test_compare_cpu_nn_functional_max_pool2d_xpu_bfloat16
op_extended,third_party.torch-xpu-ops.test.xpu.extended.test_ops_xpu.TestCommonXPU,test_compare_cpu_arange_xpu_float16
op_extended,third_party.torch-xpu-ops.test.xpu.extended.test_ops_xpu.TestCommonXPU,test_compare_cpu_log1p_xpu_float64
op_extended,third_party.torch-xpu-ops.test.xpu.extended.test_ops_xpu.TestCommonXPU,test_compare_cpu_repeat_interleave_xpu_bool
op_extended,third_party.torch-xpu-ops.test.xpu.extended.test_ops_xpu.TestCommonXPU,test_compare_cpu_var_xpu_float16
op_extended,third_party.torch-xpu-ops.test.xpu.extended.test_ops_xpu.TestCommonXPU,test_compare_cpu_arange_xpu_float32
op_extended,third_party.torch-xpu-ops.test.xpu.extended.test_ops_xpu.TestCommonXPU,test_compare_cpu_log1p_xpu_int16
op_extended,third_party.torch-xpu-ops.test.xpu.extended.test_ops_xpu.TestCommonXPU,test_compare_cpu_fft_fft_xpu_complex64
op_extended,third_party.torch-xpu-ops.test.xpu.extended.test_ops_xpu.TestCommonXPU,test_compare_cpu_repeat_interleave_xpu_complex128
op_extended,third_party.torch-xpu-ops.test.xpu.extended.test_ops_xpu.TestCommonXPU,test_compare_cpu_var_xpu_float32
op_extended,third_party.torch-xpu-ops.test.xpu.extended.test_ops_xpu.TestCommonXPU,test_compare_cpu_arange_xpu_float64
op_extended,third_party.torch-xpu-ops.test.xpu.extended.test_ops_xpu.TestCommonXPU,test_compare_cpu_log1p_xpu_int32
op_extended,third_party.torch-xpu-ops.test.xpu.extended.test_ops_xpu.TestCommonXPU,test_compare_cpu_repeat_interleave_xpu_complex64
op_extended,third_party.torch-xpu-ops.test.xpu.extended.test_ops_xpu.TestCommonXPU,test_compare_cpu_var_xpu_float64
op_extended,third_party.torch-xpu-ops.test.xpu.extended.test_ops_xpu.TestCommonXPU,test_compare_cpu_fft_fft_xpu_float32
op_extended,third_party.torch-xpu-ops.test.xpu.extended.test_ops_xpu.TestCommonXPU,test_compare_cpu_arange_xpu_int16
op_extended,third_party.torch-xpu-ops.test.xpu.extended.test_ops_xpu.TestCommonXPU,test_compare_cpu_repeat_interleave_xpu_float16
op_extended,third_party.torch-xpu-ops.test.xpu.extended.test_ops_xpu.TestCommonXPU,test_compare_cpu_log1p_xpu_int64
op_extended,third_party.torch-xpu-ops.test.xpu.extended.test_ops_xpu.TestCommonXPU,test_compare_cpu_arange_xpu_int32
op_extended,third_party.torch-xpu-ops.test.xpu.extended.test_ops_xpu.TestCommonXPU,test_compare_cpu_repeat_interleave_xpu_float32
op_extended,third_party.torch-xpu-ops.test.xpu.extended.test_ops_xpu.TestCommonXPU,test_compare_cpu_log1p_xpu_int8
op_extended,third_party.torch-xpu-ops.test.xpu.extended.test_ops_xpu.TestCommonXPU,test_compare_cpu_repeat_interleave_xpu_float64
op_extended,third_party.torch-xpu-ops.test.xpu.extended.test_ops_xpu.TestCommonXPU,test_compare_cpu_arange_xpu_int64
op_extended,third_party.torch-xpu-ops.test.xpu.extended.test_ops_xpu.TestCommonXPU,test_compare_cpu_log1p_xpu_uint8
op_extended,third_party.torch-xpu-ops.test.xpu.extended.test_ops_xpu.TestCommonXPU,test_compare_cpu_repeat_interleave_xpu_int16
op_extended,third_party.torch-xpu-ops.test.xpu.extended.test_ops_xpu.TestCommonXPU,test_compare_cpu_view_as_complex_xpu_float16
op_extended,third_party.torch-xpu-ops.test.xpu.extended.test_ops_xpu.TestCommonXPU,test_compare_cpu_arange_xpu_int8
op_extended,third_party.torch-xpu-ops.test.xpu.extended.test_ops_xpu.TestCommonXPU,test_compare_cpu_log2_xpu_bfloat16
op_extended,third_party.torch-xpu-ops.test.xpu.extended.test_ops_xpu.TestCommonXPU,test_compare_cpu_repeat_interleave_xpu_int32
op_extended,third_party.torch-xpu-ops.test.xpu.extended.test_ops_xpu.TestCommonXPU,test_compare_cpu_view_as_complex_xpu_float32
op_extended,third_party.torch-xpu-ops.test.xpu.extended.test_ops_xpu.TestCommonXPU,test_compare_cpu_arange_xpu_uint8
op_extended,third_party.torch-xpu-ops.test.xpu.extended.test_ops_xpu.TestCommonXPU,test_compare_cpu_nn_functional_max_pool2d_xpu_float16
op_extended,third_party.torch-xpu-ops.test.xpu.extended.test_ops_xpu.TestCommonXPU,test_compare_cpu_log2_xpu_bool
op_extended,third_party.torch-xpu-ops.test.xpu.extended.test_ops_xpu.TestCommonXPU,test_compare_cpu_view_as_complex_xpu_float64
op_extended,third_party.torch-xpu-ops.test.xpu.extended.test_ops_xpu.TestCommonXPU,test_compare_cpu_repeat_interleave_xpu_int64
op_extended,third_party.torch-xpu-ops.test.xpu.extended.test_ops_xpu.TestCommonXPU,test_compare_cpu_argmin_xpu_bfloat16
op_extended,third_party.torch-xpu-ops.test.xpu.extended.test_ops_xpu.TestCommonXPU,test_compare_cpu_repeat_interleave_xpu_int8
op_extended,third_party.torch-xpu-ops.test.xpu.extended.test_ops_xpu.TestCommonXPU,test_compare_cpu_log2_xpu_float16
op_extended,third_party.torch-xpu-ops.test.xpu.extended.test_ops_xpu.TestCommonXPU,test_compare_cpu_repeat_interleave_xpu_uint8
op_extended,third_party.torch-xpu-ops.test.xpu.extended.test_ops_xpu.TestCommonXPU,test_compare_cpu_log2_xpu_float32
op_extended,third_party.torch-xpu-ops.test.xpu.extended.test_ops_xpu.TestCommonXPU,test_compare_cpu_argmin_xpu_float16
op_extended,third_party.torch-xpu-ops.test.xpu.extended.test_ops_xpu.TestCommonXPU,test_compare_cpu_reshape_xpu_bfloat16
op_extended,third_party.torch-xpu-ops.test.xpu.extended.test_ops_xpu.TestCommonXPU,test_compare_cpu_view_as_real_xpu_complex128
op_extended,third_party.torch-xpu-ops.test.xpu.extended.test_ops_xpu.TestCommonXPU,test_compare_cpu_log2_xpu_float64
op_extended,third_party.torch-xpu-ops.test.xpu.extended.test_ops_xpu.TestCompositeComplianceXPU,test_operator_fft_hfft2_xpu_float32
op_extended,third_party.torch-xpu-ops.test.xpu.extended.test_ops_xpu.TestCommonXPU,test_compare_cpu_argmin_xpu_float32
op_extended,third_party.torch-xpu-ops.test.xpu.extended.test_ops_xpu.TestCommonXPU,test_compare_cpu_reshape_xpu_bool
op_extended,third_party.torch-xpu-ops.test.xpu.extended.test_ops_xpu.TestCommonXPU,test_compare_cpu_view_as_real_xpu_complex64
op_extended,third_party.torch-xpu-ops.test.xpu.extended.test_ops_xpu.TestCommonXPU,test_compare_cpu_log2_xpu_int16
op_extended,third_party.torch-xpu-ops.test.xpu.extended.test_ops_xpu.TestCommonXPU,test_compare_cpu_argmin_xpu_float64
op_extended,third_party.torch-xpu-ops.test.xpu.extended.test_ops_xpu.TestCommonXPU,test_compare_cpu_reshape_xpu_complex128
op_extended,third_party.torch-xpu-ops.test.xpu.extended.test_ops_xpu.TestCommonXPU,test_compare_cpu_log2_xpu_int32
op_extended,third_party.torch-xpu-ops.test.xpu.extended.test_ops_xpu.TestCommonXPU,test_compare_cpu_argmin_xpu_int16
op_extended,third_party.torch-xpu-ops.test.xpu.extended.test_ops_xpu.TestCommonXPU,test_compare_cpu_reshape_xpu_complex64
op_extended,third_party.torch-xpu-ops.test.xpu.extended.test_ops_xpu.TestCommonXPU,test_compare_cpu_nn_functional_max_pool2d_xpu_float32
op_extended,third_party.torch-xpu-ops.test.xpu.extended.test_ops_xpu.TestCommonXPU,test_compare_cpu_argmin_xpu_int32
op_extended,third_party.torch-xpu-ops.test.xpu.extended.test_ops_xpu.TestCommonXPU,test_compare_cpu_log2_xpu_int64
op_extended,third_party.torch-xpu-ops.test.xpu.extended.test_ops_xpu.TestCommonXPU,test_compare_cpu_reshape_xpu_float16
op_extended,third_party.torch-xpu-ops.test.xpu.extended.test_ops_xpu.TestCommonXPU,test_compare_cpu_view_xpu_bfloat16
op_extended,third_party.torch-xpu-ops.test.xpu.extended.test_ops_xpu.TestCommonXPU,test_compare_cpu_argmin_xpu_int64
op_extended,third_party.torch-xpu-ops.test.xpu.extended.test_ops_xpu.TestCommonXPU,test_compare_cpu_log2_xpu_int8
op_extended,third_party.torch-xpu-ops.test.xpu.extended.test_ops_xpu.TestCommonXPU,test_compare_cpu_reshape_xpu_float32
op_extended,third_party.torch-xpu-ops.test.xpu.extended.test_ops_xpu.TestCommonXPU,test_compare_cpu_argmin_xpu_int8
op_extended,third_party.torch-xpu-ops.test.xpu.extended.test_ops_xpu.TestCommonXPU,test_compare_cpu_view_xpu_bool
op_extended,third_party.torch-xpu-ops.test.xpu.extended.test_ops_xpu.TestCommonXPU,test_compare_cpu_log2_xpu_uint8
op_extended,third_party.torch-xpu-ops.test.xpu.extended.test_ops_xpu.TestCommonXPU,test_compare_cpu_reshape_xpu_float64
op_extended,third_party.torch-xpu-ops.test.xpu.extended.test_ops_xpu.TestCommonXPU,test_compare_cpu_argmin_xpu_uint8
op_extended,third_party.torch-xpu-ops.test.xpu.extended.test_ops_xpu.TestCommonXPU,test_compare_cpu_view_xpu_complex128
op_extended,third_party.torch-xpu-ops.test.xpu.extended.test_ops_xpu.TestCommonXPU,test_compare_cpu_reshape_xpu_int16
op_extended,third_party.torch-xpu-ops.test.xpu.extended.test_ops_xpu.TestCommonXPU,test_compare_cpu_view_xpu_complex64
op_extended,third_party.torch-xpu-ops.test.xpu.extended.test_ops_xpu.TestCommonXPU,test_compare_cpu_reshape_xpu_int32
op_extended,third_party.torch-xpu-ops.test.xpu.extended.test_ops_xpu.TestCommonXPU,test_compare_cpu_view_xpu_float16
op_extended,third_party.torch-xpu-ops.test.xpu.extended.test_ops_xpu.TestCommonXPU,test_compare_cpu_reshape_xpu_int64
op_extended,third_party.torch-xpu-ops.test.xpu.extended.test_ops_xpu.TestCommonXPU,test_compare_cpu_view_xpu_float32
op_extended,third_party.torch-xpu-ops.test.xpu.extended.test_ops_xpu.TestCommonXPU,test_compare_cpu_log_softmax_with_dtype_xpu_bfloat16
op_extended,third_party.torch-xpu-ops.test.xpu.extended.test_ops_xpu.TestCommonXPU,test_compare_cpu_nn_functional_max_pool2d_xpu_float64
op_extended,third_party.torch-xpu-ops.test.xpu.extended.test_ops_xpu.TestCommonXPU,test_compare_cpu_reshape_xpu_int8
op_extended,third_party.torch-xpu-ops.test.xpu.extended.test_ops_xpu.TestCommonXPU,test_compare_cpu_view_xpu_float64
op_extended,third_party.torch-xpu-ops.test.xpu.extended.test_ops_xpu.TestCommonXPU,test_compare_cpu_log_softmax_with_dtype_xpu_bool
op_extended,third_party.torch-xpu-ops.test.xpu.extended.test_ops_xpu.TestCompositeComplianceXPU,test_operator_fft_hfft_xpu_float32
op_extended,third_party.torch-xpu-ops.test.xpu.extended.test_ops_xpu.TestCommonXPU,test_compare_cpu_reshape_xpu_uint8
op_extended,third_party.torch-xpu-ops.test.xpu.extended.test_ops_xpu.TestCommonXPU,test_compare_cpu_view_xpu_int16
op_extended,third_party.torch-xpu-ops.test.xpu.extended.test_ops_xpu.TestCommonXPU,test_compare_cpu_log_softmax_with_dtype_xpu_complex128
op_extended,third_party.torch-xpu-ops.test.xpu.extended.test_ops_xpu.TestCompositeComplianceXPU,test_operator_fft_hfftn_xpu_float32
op_extended,third_party.torch-xpu-ops.test.xpu.extended.test_ops_xpu.TestCommonXPU,test_compare_cpu_resize__xpu_bfloat16
op_extended,third_party.torch-xpu-ops.test.xpu.extended.test_ops_xpu.TestCommonXPU,test_compare_cpu_view_xpu_int32
op_extended,third_party.torch-xpu-ops.test.xpu.extended.test_ops_xpu.TestCommonXPU,test_compare_cpu_log_softmax_with_dtype_xpu_complex64
op_extended,third_party.torch-xpu-ops.test.xpu.extended.test_ops_xpu.TestCommonXPU,test_compare_cpu_resize__xpu_bool
op_extended,third_party.torch-xpu-ops.test.xpu.extended.test_ops_xpu.TestCompositeComplianceXPU,test_operator_fft_ifft2_xpu_float32
op_extended,third_party.torch-xpu-ops.test.xpu.extended.test_ops_xpu.TestCommonXPU,test_compare_cpu_view_xpu_int64
op_extended,third_party.torch-xpu-ops.test.xpu.extended.test_ops_xpu.TestCommonXPU,test_compare_cpu_log_softmax_with_dtype_xpu_float16
op_extended,third_party.torch-xpu-ops.test.xpu.extended.test_ops_xpu.TestCommonXPU,test_compare_cpu_resize__xpu_complex128
op_extended,third_party.torch-xpu-ops.test.xpu.extended.test_ops_xpu.TestCompositeComplianceXPU,test_operator_fft_ifft_xpu_float32
op_extended,third_party.torch-xpu-ops.test.xpu.extended.test_ops_xpu.TestCommonXPU,test_compare_cpu_fft_fft_xpu_float64
op_extended,third_party.torch-xpu-ops.test.xpu.extended.test_ops_xpu.TestCommonXPU,test_compare_cpu_log_softmax_with_dtype_xpu_float32
op_extended,third_party.torch-xpu-ops.test.xpu.extended.test_ops_xpu.TestCommonXPU,test_compare_cpu_nn_functional_max_pool3d_xpu_bfloat16
op_extended,third_party.torch-xpu-ops.test.xpu.extended.test_ops_xpu.TestCommonXPU,test_compare_cpu_view_xpu_int8
op_extended,third_party.torch-xpu-ops.test.xpu.extended.test_ops_xpu.TestCommonXPU,test_compare_cpu_resize__xpu_complex64
op_extended,third_party.torch-xpu-ops.test.xpu.extended.test_ops_xpu.TestCommonXPU,test_compare_cpu_fft_fft_xpu_int16
op_extended,third_party.torch-xpu-ops.test.xpu.extended.test_ops_xpu.TestCompositeComplianceXPU,test_operator_fft_ifftn_xpu_float32
op_extended,third_party.torch-xpu-ops.test.xpu.extended.test_ops_xpu.TestCommonXPU,test_compare_cpu_log_softmax_with_dtype_xpu_float64
op_extended,third_party.torch-xpu-ops.test.xpu.extended.test_ops_xpu.TestCommonXPU,test_compare_cpu_view_xpu_uint8
op_extended,third_party.torch-xpu-ops.test.xpu.extended.test_ops_xpu.TestCommonXPU,test_compare_cpu_resize__xpu_float16
op_extended,third_party.torch-xpu-ops.test.xpu.extended.test_ops_xpu.TestCommonXPU,test_compare_cpu_fft_fft_xpu_int32
op_extended,third_party.torch-xpu-ops.test.xpu.extended.test_ops_xpu.TestCompositeComplianceXPU,test_operator_fft_ifftshift_xpu_float32
op_extended,third_party.torch-xpu-ops.test.xpu.extended.test_ops_xpu.TestCommonXPU,test_compare_cpu_log_softmax_with_dtype_xpu_int16
op_extended,third_party.torch-xpu-ops.test.xpu.extended.test_ops_xpu.TestCommonXPU,test_compare_cpu_resize__xpu_float32
op_extended,third_party.torch-xpu-ops.test.xpu.extended.test_ops_xpu.TestCommonXPU,test_compare_cpu_where_xpu_bfloat16
op_extended,third_party.torch-xpu-ops.test.xpu.extended.test_ops_xpu.TestCommonXPU,test_compare_cpu_fft_fft_xpu_int64
op_extended,third_party.torch-xpu-ops.test.xpu.extended.test_ops_xpu.TestCommonXPU,test_compare_cpu_log_softmax_with_dtype_xpu_int32
op_extended,third_party.torch-xpu-ops.test.xpu.extended.test_ops_xpu.TestCommonXPU,test_compare_cpu_resize__xpu_float64
op_extended,third_party.torch-xpu-ops.test.xpu.extended.test_ops_xpu.TestCommonXPU,test_compare_cpu_where_xpu_bool
op_extended,third_party.torch-xpu-ops.test.xpu.extended.test_ops_xpu.TestCommonXPU,test_compare_cpu_fft_fft_xpu_int8
op_extended,third_party.torch-xpu-ops.test.xpu.extended.test_ops_xpu.TestCommonXPU,test_compare_cpu_log_softmax_with_dtype_xpu_int64
op_extended,third_party.torch-xpu-ops.test.xpu.extended.test_ops_xpu.TestCommonXPU,test_compare_cpu_resize__xpu_int16
op_extended,third_party.torch-xpu-ops.test.xpu.extended.test_ops_xpu.TestCommonXPU,test_compare_cpu_where_xpu_complex128
op_extended,third_party.torch-xpu-ops.test.xpu.extended.test_ops_xpu.TestCommonXPU,test_compare_cpu_nn_functional_max_pool3d_xpu_float16
op_extended,third_party.torch-xpu-ops.test.xpu.extended.test_ops_xpu.TestCommonXPU,test_compare_cpu_fft_fft_xpu_uint8
op_extended,third_party.torch-xpu-ops.test.xpu.extended.test_ops_xpu.TestCommonXPU,test_compare_cpu_log_softmax_with_dtype_xpu_int8
op_extended,third_party.torch-xpu-ops.test.xpu.extended.test_ops_xpu.TestCommonXPU,test_compare_cpu_resize__xpu_int32
op_extended,third_party.torch-xpu-ops.test.xpu.extended.test_ops_xpu.TestCommonXPU,test_compare_cpu_where_xpu_complex64
op_extended,third_party.torch-xpu-ops.test.xpu.extended.test_ops_xpu.TestCommonXPU,test_compare_cpu_resize__xpu_int64
op_extended,third_party.torch-xpu-ops.test.xpu.extended.test_ops_xpu.TestCommonXPU,test_compare_cpu_fft_fftn_xpu_bool
op_extended,third_party.torch-xpu-ops.test.xpu.extended.test_ops_xpu.TestCommonXPU,test_compare_cpu_log_softmax_with_dtype_xpu_uint8
op_extended,third_party.torch-xpu-ops.test.xpu.extended.test_ops_xpu.TestCommonXPU,test_compare_cpu_where_xpu_float16
op_extended,third_party.torch-xpu-ops.test.xpu.extended.test_ops_xpu.TestCommonXPU,test_compare_cpu_resize__xpu_int8
op_extended,third_party.torch-xpu-ops.test.xpu.extended.test_ops_xpu.TestCommonXPU,test_compare_cpu_where_xpu_float32
op_extended,third_party.torch-xpu-ops.test.xpu.extended.test_ops_xpu.TestCommonXPU,test_compare_cpu_as_strided_xpu_bfloat16
op_extended,third_party.torch-xpu-ops.test.xpu.extended.test_ops_xpu.TestCommonXPU,test_compare_cpu_nn_functional_max_pool3d_xpu_float32
op_extended,third_party.torch-xpu-ops.test.xpu.extended.test_ops_xpu.TestCommonXPU,test_compare_cpu_resize__xpu_uint8
op_extended,third_party.torch-xpu-ops.test.xpu.extended.test_ops_xpu.TestCommonXPU,test_compare_cpu_log_softmax_xpu_float16
op_extended,third_party.torch-xpu-ops.test.xpu.extended.test_ops_xpu.TestCommonXPU,test_compare_cpu_where_xpu_float64
op_extended,third_party.torch-xpu-ops.test.xpu.extended.test_ops_xpu.TestCommonXPU,test_compare_cpu_as_strided_xpu_bool
op_extended,third_party.torch-xpu-ops.test.xpu.extended.test_ops_xpu.TestCommonXPU,test_compare_cpu_resize_as__xpu_bfloat16
op_extended,third_party.torch-xpu-ops.test.xpu.extended.test_ops_xpu.TestCommonXPU,test_compare_cpu_where_xpu_int16
op_extended,third_party.torch-xpu-ops.test.xpu.extended.test_ops_xpu.TestCommonXPU,test_compare_cpu_log_softmax_xpu_float32
op_extended,third_party.torch-xpu-ops.test.xpu.extended.test_ops_xpu.TestCommonXPU,test_compare_cpu_fft_fftn_xpu_complex128
op_extended,third_party.torch-xpu-ops.test.xpu.extended.test_ops_xpu.TestCommonXPU,test_compare_cpu_as_strided_xpu_complex128
op_extended,third_party.torch-xpu-ops.test.xpu.extended.test_ops_xpu.TestCompositeComplianceXPU,test_operator_fft_ihfft2_xpu_float32
op_extended,third_party.torch-xpu-ops.test.xpu.extended.test_ops_xpu.TestCommonXPU,test_compare_cpu_resize_as__xpu_bool
op_extended,third_party.torch-xpu-ops.test.xpu.extended.test_ops_xpu.TestCommonXPU,test_compare_cpu_where_xpu_int32
op_extended,third_party.torch-xpu-ops.test.xpu.extended.test_ops_xpu.TestCommonXPU,test_compare_cpu_log_softmax_xpu_float64
op_extended,third_party.torch-xpu-ops.test.xpu.extended.test_ops_xpu.TestCommonXPU,test_compare_cpu_fft_fftn_xpu_complex64
op_extended,third_party.torch-xpu-ops.test.xpu.extended.test_ops_xpu.TestCommonXPU,test_compare_cpu_as_strided_xpu_complex64
op_extended,third_party.torch-xpu-ops.test.xpu.extended.test_ops_xpu.TestCommonXPU,test_compare_cpu_resize_as__xpu_complex128
op_extended,third_party.torch-xpu-ops.test.xpu.extended.test_ops_xpu.TestCommonXPU,test_compare_cpu_where_xpu_int64
op_extended,third_party.torch-xpu-ops.test.xpu.extended.test_ops_xpu.TestCommonXPU,test_compare_cpu_nn_functional_max_pool3d_xpu_float64
op_extended,third_party.torch-xpu-ops.test.xpu.extended.test_ops_xpu.TestCommonXPU,test_compare_cpu_as_strided_xpu_float16
op_extended,third_party.torch-xpu-ops.test.xpu.extended.test_ops_xpu.TestCommonXPU,test_compare_cpu_resize_as__xpu_complex64
op_extended,third_party.torch-xpu-ops.test.xpu.extended.test_ops_xpu.TestCommonXPU,test_compare_cpu_fft_fftn_xpu_float32
op_extended,third_party.torch-xpu-ops.test.xpu.extended.test_ops_xpu.TestCommonXPU,test_compare_cpu_where_xpu_int8
op_extended,third_party.torch-xpu-ops.test.xpu.extended.test_ops_xpu.TestCommonXPU,test_compare_cpu_as_strided_xpu_float32
op_extended,third_party.torch-xpu-ops.test.xpu.extended.test_ops_xpu.TestCommonXPU,test_compare_cpu_resize_as__xpu_float16
op_extended,third_party.torch-xpu-ops.test.xpu.extended.test_ops_xpu.TestCommonXPU,test_compare_cpu_fft_fftn_xpu_float64
op_extended,third_party.torch-xpu-ops.test.xpu.extended.test_ops_xpu.TestCommonXPU,test_compare_cpu_log_xpu_bfloat16
op_extended,third_party.torch-xpu-ops.test.xpu.extended.test_ops_xpu.TestCommonXPU,test_compare_cpu_where_xpu_uint8
op_extended,third_party.torch-xpu-ops.test.xpu.extended.test_ops_xpu.TestCommonXPU,test_compare_cpu_as_strided_xpu_float64
op_extended,third_party.torch-xpu-ops.test.xpu.extended.test_ops_xpu.TestCommonXPU,test_compare_cpu_resize_as__xpu_float32
op_extended,third_party.torch-xpu-ops.test.xpu.extended.test_ops_xpu.TestCommonXPU,test_compare_cpu_fft_fftn_xpu_int16
op_extended,third_party.torch-xpu-ops.test.xpu.extended.test_ops_xpu.TestCommonXPU,test_compare_cpu_log_xpu_bool
op_extended,third_party.torch-xpu-ops.test.xpu.extended.test_ops_xpu.TestCommonXPU,test_compare_cpu_as_strided_xpu_int16
op_extended,third_party.torch-xpu-ops.test.xpu.extended.test_ops_xpu.TestCommonXPU,test_compare_cpu_resize_as__xpu_float64
op_extended,third_party.torch-xpu-ops.test.xpu.extended.test_ops_xpu.TestCommonXPU,test_compare_cpu_nn_functional_max_unpool2d_grad_xpu_bfloat16
op_extended,third_party.torch-xpu-ops.test.xpu.extended.test_ops_xpu.TestCommonXPU,test_compare_cpu_fft_fftn_xpu_int32
op_extended,third_party.torch-xpu-ops.test.xpu.extended.test_ops_xpu.TestCompositeComplianceXPU,test_operator_fft_ihfft_xpu_float32
op_extended,third_party.torch-xpu-ops.test.xpu.extended.test_ops_xpu.TestCommonXPU,test_compare_cpu_xlogy_xpu_bool
op_extended,third_party.torch-xpu-ops.test.xpu.extended.test_ops_xpu.TestCommonXPU,test_compare_cpu_as_strided_xpu_int32
op_extended,third_party.torch-xpu-ops.test.xpu.extended.test_ops_xpu.TestCommonXPU,test_compare_cpu_resize_as__xpu_int16
op_extended,third_party.torch-xpu-ops.test.xpu.extended.test_ops_xpu.TestCommonXPU,test_compare_cpu_fft_fftn_xpu_int64
op_extended,third_party.torch-xpu-ops.test.xpu.extended.test_ops_xpu.TestCommonXPU,test_compare_cpu_log_xpu_complex128
op_extended,third_party.torch-xpu-ops.test.xpu.extended.test_ops_xpu.TestCompositeComplianceXPU,test_operator_fft_ihfftn_xpu_float32
op_extended,third_party.torch-xpu-ops.test.xpu.extended.test_ops_xpu.TestCommonXPU,test_compare_cpu_as_strided_xpu_int64
op_extended,third_party.torch-xpu-ops.test.xpu.extended.test_ops_xpu.TestCommonXPU,test_compare_cpu_resize_as__xpu_int32
op_extended,third_party.torch-xpu-ops.test.xpu.extended.test_ops_xpu.TestCommonXPU,test_compare_cpu_fft_fftn_xpu_int8
op_extended,third_party.torch-xpu-ops.test.xpu.extended.test_ops_xpu.TestCommonXPU,test_compare_cpu_nn_functional_max_unpool2d_grad_xpu_float16
op_extended,third_party.torch-xpu-ops.test.xpu.extended.test_ops_xpu.TestCommonXPU,test_compare_cpu_log_xpu_float16
op_extended,third_party.torch-xpu-ops.test.xpu.extended.test_ops_xpu.TestCommonXPU,test_compare_cpu_as_strided_xpu_int8
op_extended,third_party.torch-xpu-ops.test.xpu.extended.test_ops_xpu.TestCommonXPU,test_compare_cpu_resize_as__xpu_int64
op_extended,third_party.torch-xpu-ops.test.xpu.extended.test_ops_xpu.TestCommonXPU,test_compare_cpu_xlogy_xpu_float16
op_extended,third_party.torch-xpu-ops.test.xpu.extended.test_ops_xpu.TestCommonXPU,test_compare_cpu_fft_fftn_xpu_uint8
op_extended,third_party.torch-xpu-ops.test.xpu.extended.test_ops_xpu.TestCommonXPU,test_compare_cpu_resize_as__xpu_int8
op_extended,third_party.torch-xpu-ops.test.xpu.extended.test_ops_xpu.TestCommonXPU,test_compare_cpu_log_xpu_float32
op_extended,third_party.torch-xpu-ops.test.xpu.extended.test_ops_xpu.TestCommonXPU,test_compare_cpu_as_strided_xpu_uint8
op_extended,third_party.torch-xpu-ops.test.xpu.extended.test_ops_xpu.TestCommonXPU,test_compare_cpu_nn_functional_max_unpool2d_grad_xpu_float32
op_extended,third_party.torch-xpu-ops.test.xpu.extended.test_ops_xpu.TestCommonXPU,test_compare_cpu_fft_fftshift_xpu_bfloat16
op_extended,third_party.torch-xpu-ops.test.xpu.extended.test_ops_xpu.TestCommonXPU,test_compare_cpu_xlogy_xpu_float32
op_extended,third_party.torch-xpu-ops.test.xpu.extended.test_ops_xpu.TestCommonXPU,test_compare_cpu_resize_as__xpu_uint8
op_extended,third_party.torch-xpu-ops.test.xpu.extended.test_ops_xpu.TestCompositeComplianceXPU,test_operator_fft_irfft2_xpu_float32
op_extended,third_party.torch-xpu-ops.test.xpu.extended.test_ops_xpu.TestCommonXPU,test_compare_cpu_asin_xpu_bfloat16
op_extended,third_party.torch-xpu-ops.test.xpu.extended.test_ops_xpu.TestCommonXPU,test_compare_cpu_log_xpu_float64
op_extended,third_party.torch-xpu-ops.test.xpu.extended.test_ops_xpu.TestCommonXPU,test_compare_cpu_fft_fftshift_xpu_bool
op_extended,third_party.torch-xpu-ops.test.xpu.extended.test_ops_xpu.TestCommonXPU,test_compare_cpu_nn_functional_max_unpool2d_grad_xpu_float64
op_extended,third_party.torch-xpu-ops.test.xpu.extended.test_ops_xpu.TestCommonXPU,test_compare_cpu_roll_xpu_bfloat16
op_extended,third_party.torch-xpu-ops.test.xpu.extended.test_ops_xpu.TestCompositeComplianceXPU,test_operator_fft_irfft_xpu_float32
op_extended,third_party.torch-xpu-ops.test.xpu.extended.test_ops_xpu.TestCommonXPU,test_compare_cpu_log_xpu_int16
op_extended,third_party.torch-xpu-ops.test.xpu.extended.test_ops_xpu.TestCommonXPU,test_compare_cpu_fft_fftshift_xpu_complex128
op_extended,third_party.torch-xpu-ops.test.xpu.extended.test_ops_xpu.TestCommonXPU,test_compare_cpu_xlogy_xpu_float64
op_extended,third_party.torch-xpu-ops.test.xpu.extended.test_ops_xpu.TestCommonXPU,test_compare_cpu_asin_xpu_bool
op_extended,third_party.torch-xpu-ops.test.xpu.extended.test_ops_xpu.TestCommonXPU,test_compare_cpu_roll_xpu_bool
op_extended,third_party.torch-xpu-ops.test.xpu.extended.test_ops_xpu.TestCommonXPU,test_compare_cpu_fft_fftshift_xpu_complex64
op_extended,third_party.torch-xpu-ops.test.xpu.extended.test_ops_xpu.TestCompositeComplianceXPU,test_operator_fft_irfftn_xpu_float32
op_extended,third_party.torch-xpu-ops.test.xpu.extended.test_ops_xpu.TestCommonXPU,test_compare_cpu_log_xpu_int32
op_extended,third_party.torch-xpu-ops.test.xpu.extended.test_ops_xpu.TestCommonXPU,test_compare_cpu_asin_xpu_float16
op_extended,third_party.torch-xpu-ops.test.xpu.extended.test_ops_xpu.TestCommonXPU,test_compare_cpu_xlogy_xpu_int16
op_extended,third_party.torch-xpu-ops.test.xpu.extended.test_ops_xpu.TestCommonXPU,test_compare_cpu_roll_xpu_complex128
op_extended,third_party.torch-xpu-ops.test.xpu.extended.test_ops_xpu.TestCommonXPU,test_compare_cpu_fft_fftshift_xpu_float16
op_extended,third_party.torch-xpu-ops.test.xpu.extended.test_ops_xpu.TestCompositeComplianceXPU,test_operator_fft_rfft2_xpu_float32
op_extended,third_party.torch-xpu-ops.test.xpu.extended.test_ops_xpu.TestCommonXPU,test_compare_cpu_log_xpu_int64
op_extended,third_party.torch-xpu-ops.test.xpu.extended.test_ops_xpu.TestCommonXPU,test_compare_cpu_asin_xpu_float32
op_extended,third_party.torch-xpu-ops.test.xpu.extended.test_ops_xpu.TestCommonXPU,test_compare_cpu_roll_xpu_complex64
op_extended,third_party.torch-xpu-ops.test.xpu.extended.test_ops_xpu.TestCommonXPU,test_compare_cpu_fft_fftshift_xpu_float32
op_extended,third_party.torch-xpu-ops.test.xpu.extended.test_ops_xpu.TestCommonXPU,test_compare_cpu_xlogy_xpu_int32
op_extended,third_party.torch-xpu-ops.test.xpu.extended.test_ops_xpu.TestCompositeComplianceXPU,test_operator_fft_rfft_xpu_float32
op_extended,third_party.torch-xpu-ops.test.xpu.extended.test_ops_xpu.TestCommonXPU,test_compare_cpu_nn_functional_max_unpool2d_xpu_bfloat16
op_extended,third_party.torch-xpu-ops.test.xpu.extended.test_ops_xpu.TestCommonXPU,test_compare_cpu_log_xpu_int8
op_extended,third_party.torch-xpu-ops.test.xpu.extended.test_ops_xpu.TestCommonXPU,test_compare_cpu_asin_xpu_float64
op_extended,third_party.torch-xpu-ops.test.xpu.extended.test_ops_xpu.TestCommonXPU,test_compare_cpu_roll_xpu_float16
op_extended,third_party.torch-xpu-ops.test.xpu.extended.test_ops_xpu.TestCommonXPU,test_compare_cpu_fft_fftshift_xpu_float64
op_extended,third_party.torch-xpu-ops.test.xpu.extended.test_ops_xpu.TestCompositeComplianceXPU,test_operator_fft_rfftn_xpu_float32
op_extended,third_party.torch-xpu-ops.test.xpu.extended.test_ops_xpu.TestCommonXPU,test_compare_cpu_xlogy_xpu_int64
op_extended,third_party.torch-xpu-ops.test.xpu.extended.test_ops_xpu.TestCommonXPU,test_compare_cpu_log_xpu_uint8
op_extended,third_party.torch-xpu-ops.test.xpu.extended.test_ops_xpu.TestCommonXPU,test_compare_cpu_roll_xpu_float32
op_extended,third_party.torch-xpu-ops.test.xpu.extended.test_ops_xpu.TestCommonXPU,test_compare_cpu_asin_xpu_int16
op_extended,third_party.torch-xpu-ops.test.xpu.extended.test_ops_xpu.TestCommonXPU,test_compare_cpu_fft_fftshift_xpu_int16
op_extended,third_party.torch-xpu-ops.test.xpu.extended.test_ops_xpu.TestCompositeComplianceXPU,test_operator_fill_xpu_float32
op_extended,third_party.torch-xpu-ops.test.xpu.extended.test_ops_xpu.TestCommonXPU,test_compare_cpu_logaddexp2_xpu_bfloat16
op_extended,third_party.torch-xpu-ops.test.xpu.extended.test_ops_xpu.TestCommonXPU,test_compare_cpu_roll_xpu_float64
op_extended,third_party.torch-xpu-ops.test.xpu.extended.test_ops_xpu.TestCommonXPU,test_compare_cpu_asin_xpu_int32
op_extended,third_party.torch-xpu-ops.test.xpu.extended.test_ops_xpu.TestCommonXPU,test_compare_cpu_fft_fftshift_xpu_int32
op_extended,third_party.torch-xpu-ops.test.xpu.extended.test_ops_xpu.TestCommonXPU,test_compare_cpu_xlogy_xpu_int8
op_extended,third_party.torch-xpu-ops.test.xpu.extended.test_ops_xpu.TestCompositeComplianceXPU,test_operator_flip_xpu_float32
op_extended,third_party.torch-xpu-ops.test.xpu.extended.test_ops_xpu.TestCommonXPU,test_compare_cpu_nn_functional_max_unpool2d_xpu_float16
op_extended,third_party.torch-xpu-ops.test.xpu.extended.test_ops_xpu.TestCommonXPU,test_compare_cpu_roll_xpu_int16
op_extended,third_party.torch-xpu-ops.test.xpu.extended.test_ops_xpu.TestCommonXPU,test_compare_cpu_fft_fftshift_xpu_int64
op_extended,third_party.torch-xpu-ops.test.xpu.extended.test_ops_xpu.TestCommonXPU,test_compare_cpu_asin_xpu_int64
op_extended,third_party.torch-xpu-ops.test.xpu.extended.test_ops_xpu.TestCommonXPU,test_compare_cpu_xlogy_xpu_uint8
op_extended,third_party.torch-xpu-ops.test.xpu.extended.test_ops_xpu.TestCompositeComplianceXPU,test_operator_floor_divide_xpu_float32
op_extended,third_party.torch-xpu-ops.test.xpu.extended.test_ops_xpu.TestCommonXPU,test_compare_cpu_roll_xpu_int32
op_extended,third_party.torch-xpu-ops.test.xpu.extended.test_ops_xpu.TestCommonXPU,test_compare_cpu_fft_fftshift_xpu_int8
op_extended,third_party.torch-xpu-ops.test.xpu.extended.test_ops_xpu.TestCommonXPU,test_compare_cpu_logaddexp2_xpu_float16
op_extended,third_party.torch-xpu-ops.test.xpu.extended.test_ops_xpu.TestCommonXPU,test_compare_cpu_asin_xpu_int8
op_extended,third_party.torch-xpu-ops.test.xpu.extended.test_ops_xpu.TestCommonXPU,test_compare_cpu_zeros_like_xpu_bfloat16
op_extended,third_party.torch-xpu-ops.test.xpu.extended.test_ops_xpu.TestCompositeComplianceXPU,test_operator_floor_xpu_float32
op_extended,third_party.torch-xpu-ops.test.xpu.extended.test_ops_xpu.TestCommonXPU,test_compare_cpu_roll_xpu_int64
op_extended,third_party.torch-xpu-ops.test.xpu.extended.test_ops_xpu.TestCommonXPU,test_compare_cpu_fft_fftshift_xpu_uint8
op_extended,third_party.torch-xpu-ops.test.xpu.extended.test_ops_xpu.TestCommonXPU,test_compare_cpu_logaddexp2_xpu_float32
op_extended,third_party.torch-xpu-ops.test.xpu.extended.test_ops_xpu.TestCommonXPU,test_compare_cpu_nn_functional_max_unpool2d_xpu_float32
op_extended,third_party.torch-xpu-ops.test.xpu.extended.test_ops_xpu.TestCommonXPU,test_compare_cpu_asin_xpu_uint8
op_extended,third_party.torch-xpu-ops.test.xpu.extended.test_ops_xpu.TestCommonXPU,test_compare_cpu_zeros_like_xpu_bool
op_extended,third_party.torch-xpu-ops.test.xpu.extended.test_ops_xpu.TestCompositeComplianceXPU,test_operator_fmax_xpu_float32
op_extended,third_party.torch-xpu-ops.test.xpu.extended.test_ops_xpu.TestCommonXPU,test_compare_cpu_roll_xpu_int8
op_extended,third_party.torch-xpu-ops.test.xpu.extended.test_ops_xpu.TestCommonXPU,test_compare_cpu_logaddexp2_xpu_float64
op_extended,third_party.torch-xpu-ops.test.xpu.extended.test_ops_xpu.TestCommonXPU,test_compare_cpu_zeros_like_xpu_complex128
op_extended,third_party.torch-xpu-ops.test.xpu.extended.test_ops_xpu.TestCommonXPU,test_compare_cpu_asinh_xpu_bfloat16
op_extended,third_party.torch-xpu-ops.test.xpu.extended.test_ops_xpu.TestCommonXPU,test_compare_cpu_fft_hfft2_xpu_bool
op_extended,third_party.torch-xpu-ops.test.xpu.extended.test_ops_xpu.TestCompositeComplianceXPU,test_operator_fmin_xpu_float32
op_extended,third_party.torch-xpu-ops.test.xpu.extended.test_ops_xpu.TestCommonXPU,test_compare_cpu_roll_xpu_uint8
op_extended,third_party.torch-xpu-ops.test.xpu.extended.test_ops_xpu.TestCommonXPU,test_compare_cpu_zeros_like_xpu_complex64
op_extended,third_party.torch-xpu-ops.test.xpu.extended.test_ops_xpu.TestCommonXPU,test_compare_cpu_nn_functional_max_unpool2d_xpu_float64
op_extended,third_party.torch-xpu-ops.test.xpu.extended.test_ops_xpu.TestCommonXPU,test_compare_cpu_asinh_xpu_bool
op_extended,third_party.torch-xpu-ops.test.xpu.extended.test_ops_xpu.TestCompositeComplianceXPU,test_operator_fmod_xpu_float32
op_extended,third_party.torch-xpu-ops.test.xpu.extended.test_ops_xpu.TestCommonXPU,test_compare_cpu_round_decimals_0_xpu_bfloat16
op_extended,third_party.torch-xpu-ops.test.xpu.extended.test_ops_xpu.TestCommonXPU,test_compare_cpu_zeros_like_xpu_float16
op_extended,third_party.torch-xpu-ops.test.xpu.extended.test_ops_xpu.TestCompositeComplianceXPU,test_operator_frac_xpu_float32
op_extended,third_party.torch-xpu-ops.test.xpu.extended.test_ops_xpu.TestCommonXPU,test_compare_cpu_asinh_xpu_float16
op_extended,third_party.torch-xpu-ops.test.xpu.extended.test_ops_xpu.TestCommonXPU,test_compare_cpu_logaddexp_xpu_bfloat16
op_extended,third_party.torch-xpu-ops.test.xpu.extended.test_ops_xpu.TestCommonXPU,test_compare_cpu_zeros_like_xpu_float32
op_extended,third_party.torch-xpu-ops.test.xpu.extended.test_ops_xpu.TestCompositeComplianceXPU,test_operator_frexp_xpu_float32
op_extended,third_party.torch-xpu-ops.test.xpu.extended.test_ops_xpu.TestCommonXPU,test_compare_cpu_round_decimals_0_xpu_float16
op_extended,third_party.torch-xpu-ops.test.xpu.extended.test_ops_xpu.TestCommonXPU,test_compare_cpu_asinh_xpu_float32
op_extended,third_party.torch-xpu-ops.test.xpu.extended.test_ops_xpu.TestCommonXPU,test_compare_cpu_zeros_like_xpu_float64
op_extended,third_party.torch-xpu-ops.test.xpu.extended.test_ops_xpu.TestCommonXPU,test_compare_cpu_nn_functional_max_unpool3d_grad_xpu_bfloat16
op_extended,third_party.torch-xpu-ops.test.xpu.extended.test_ops_xpu.TestCompositeComplianceXPU,test_operator_gather_xpu_float32
op_extended,third_party.torch-xpu-ops.test.xpu.extended.test_ops_xpu.TestCommonXPU,test_compare_cpu_round_decimals_0_xpu_float32
op_extended,third_party.torch-xpu-ops.test.xpu.extended.test_ops_xpu.TestCommonXPU,test_compare_cpu_zeros_like_xpu_int16
op_extended,third_party.torch-xpu-ops.test.xpu.extended.test_ops_xpu.TestCommonXPU,test_compare_cpu_asinh_xpu_float64
op_extended,third_party.torch-xpu-ops.test.xpu.extended.test_ops_xpu.TestCommonXPU,test_compare_cpu_logaddexp_xpu_float16
op_extended,third_party.torch-xpu-ops.test.xpu.extended.test_ops_xpu.TestCompositeComplianceXPU,test_operator_ge_xpu_float32
op_extended,third_party.torch-xpu-ops.test.xpu.extended.test_ops_xpu.TestCommonXPU,test_compare_cpu_zeros_like_xpu_int32
op_extended,third_party.torch-xpu-ops.test.xpu.extended.test_ops_xpu.TestCommonXPU,test_compare_cpu_nn_functional_max_unpool3d_grad_xpu_float16
op_extended,third_party.torch-xpu-ops.test.xpu.extended.test_ops_xpu.TestCommonXPU,test_compare_cpu_round_decimals_0_xpu_float64
op_extended,third_party.torch-xpu-ops.test.xpu.extended.test_ops_xpu.TestCommonXPU,test_compare_cpu_asinh_xpu_int16
op_extended,third_party.torch-xpu-ops.test.xpu.extended.test_ops_xpu.TestCommonXPU,test_compare_cpu_logaddexp_xpu_float32
op_extended,third_party.torch-xpu-ops.test.xpu.extended.test_ops_xpu.TestCompositeComplianceXPU,test_operator_geometric_xpu_float32
op_extended,third_party.torch-xpu-ops.test.xpu.extended.test_ops_xpu.TestCommonXPU,test_compare_cpu_zeros_like_xpu_int64
op_extended,third_party.torch-xpu-ops.test.xpu.extended.test_ops_xpu.TestCommonXPU,test_compare_cpu_nn_functional_max_unpool3d_grad_xpu_float32
op_extended,third_party.torch-xpu-ops.test.xpu.extended.test_ops_xpu.TestCommonXPU,test_compare_cpu_asinh_xpu_int32
op_extended,third_party.torch-xpu-ops.test.xpu.extended.test_ops_xpu.TestCommonXPU,test_compare_cpu_zeros_like_xpu_int8
op_extended,third_party.torch-xpu-ops.test.xpu.extended.test_ops_xpu.TestCommonXPU,test_compare_cpu_logaddexp_xpu_float64
op_extended,third_party.torch-xpu-ops.test.xpu.extended.test_ops_xpu.TestCommonXPU,test_compare_cpu_nn_functional_max_unpool3d_grad_xpu_float64
op_extended,third_party.torch-xpu-ops.test.xpu.extended.test_ops_xpu.TestCompositeComplianceXPU,test_operator_grid_sampler_2d_xpu_float32
op_extended,third_party.torch-xpu-ops.test.xpu.extended.test_ops_xpu.TestCommonXPU,test_compare_cpu_asinh_xpu_int64
op_extended,third_party.torch-xpu-ops.test.xpu.extended.test_ops_xpu.TestCommonXPU,test_compare_cpu_zeros_like_xpu_uint8
op_extended,third_party.torch-xpu-ops.test.xpu.extended.test_ops_xpu.TestCompositeComplianceXPU,test_operator_gt_xpu_float32
op_extended,third_party.torch-xpu-ops.test.xpu.extended.test_ops_xpu.TestCommonXPU,test_compare_cpu_asinh_xpu_int8
op_extended,third_party.torch-xpu-ops.test.xpu.extended.test_ops_xpu.TestCommonXPU,test_compare_cpu_zeros_xpu_bfloat16
op_extended,third_party.torch-xpu-ops.test.xpu.extended.test_ops_xpu.TestCommonXPU,test_compare_cpu_asinh_xpu_uint8
op_extended,third_party.torch-xpu-ops.test.xpu.extended.test_ops_xpu.TestCommonXPU,test_compare_cpu_zeros_xpu_bool
op_extended,third_party.torch-xpu-ops.test.xpu.extended.test_ops_xpu.TestCompositeComplianceXPU,test_operator_heaviside_xpu_float32
op_extended,third_party.torch-xpu-ops.test.xpu.extended.test_ops_xpu.TestCommonXPU,test_compare_cpu_logcumsumexp_xpu_complex64
op_extended,third_party.torch-xpu-ops.test.xpu.extended.test_ops_xpu.TestCommonXPU,test_compare_cpu_nn_functional_max_unpool3d_xpu_bfloat16
op_extended,third_party.torch-xpu-ops.test.xpu.extended.test_ops_xpu.TestCommonXPU,test_compare_cpu_zeros_xpu_complex128
op_extended,third_party.torch-xpu-ops.test.xpu.extended.test_ops_xpu.TestCommonXPU,test_compare_cpu_atan2_xpu_bfloat16
op_extended,third_party.torch-xpu-ops.test.xpu.extended.test_ops_xpu.TestCommonXPU,test_compare_cpu_logcumsumexp_xpu_float16
op_extended,third_party.torch-xpu-ops.test.xpu.extended.test_ops_xpu.TestCommonXPU,test_compare_cpu_zeros_xpu_complex64
op_extended,third_party.torch-xpu-ops.test.xpu.extended.test_ops_xpu.TestCompositeComplianceXPU,test_operator_histc_xpu_float32
op_extended,third_party.torch-xpu-ops.test.xpu.extended.test_ops_xpu.TestCommonXPU,test_compare_cpu_logcumsumexp_xpu_float32
op_extended,third_party.torch-xpu-ops.test.xpu.extended.test_ops_xpu.TestCommonXPU,test_compare_cpu_zeros_xpu_float16
op_extended,third_party.torch-xpu-ops.test.xpu.extended.test_ops_xpu.TestCommonXPU,test_compare_cpu_nn_functional_max_unpool3d_xpu_float16
op_extended,third_party.torch-xpu-ops.test.xpu.extended.test_ops_xpu.TestCommonXPU,test_compare_cpu_atan2_xpu_bool
op_extended,third_party.torch-xpu-ops.test.xpu.extended.test_ops_xpu.TestCommonXPU,test_compare_cpu_logcumsumexp_xpu_float64
op_extended,third_party.torch-xpu-ops.test.xpu.extended.test_ops_xpu.TestCommonXPU,test_compare_cpu_zeros_xpu_float32
op_extended,third_party.torch-xpu-ops.test.xpu.extended.test_ops_xpu.TestCommonXPU,test_compare_cpu_nn_functional_max_unpool3d_xpu_float32
op_extended,third_party.torch-xpu-ops.test.xpu.extended.test_ops_xpu.TestCommonXPU,test_compare_cpu_zeros_xpu_float64
op_extended,third_party.torch-xpu-ops.test.xpu.extended.test_ops_xpu.TestCommonXPU,test_compare_cpu_atan2_xpu_float16
op_extended,third_party.torch-xpu-ops.test.xpu.extended.test_ops_xpu.TestCommonXPU,test_compare_cpu_round_xpu_bfloat16
op_extended,third_party.torch-xpu-ops.test.xpu.extended.test_ops_xpu.TestCommonXPU,test_compare_cpu_zeros_xpu_int16
op_extended,third_party.torch-xpu-ops.test.xpu.extended.test_ops_xpu.TestCommonXPU,test_compare_cpu_nn_functional_max_unpool3d_xpu_float64
op_extended,third_party.torch-xpu-ops.test.xpu.extended.test_ops_xpu.TestCommonXPU,test_compare_cpu_atan2_xpu_float32
op_extended,third_party.torch-xpu-ops.test.xpu.extended.test_ops_xpu.TestCommonXPU,test_compare_cpu_zeros_xpu_int32
op_extended,third_party.torch-xpu-ops.test.xpu.extended.test_ops_xpu.TestCommonXPU,test_compare_cpu_logical_and_xpu_bfloat16
op_extended,third_party.torch-xpu-ops.test.xpu.extended.test_ops_xpu.TestCommonXPU,test_compare_cpu_round_xpu_float16
op_extended,third_party.torch-xpu-ops.test.xpu.extended.test_ops_xpu.TestCommonXPU,test_compare_cpu_zeros_xpu_int64
op_extended,third_party.torch-xpu-ops.test.xpu.extended.test_ops_xpu.TestCommonXPU,test_compare_cpu_atan2_xpu_float64
op_extended,third_party.torch-xpu-ops.test.xpu.extended.test_ops_xpu.TestCommonXPU,test_compare_cpu_round_xpu_float32
op_extended,third_party.torch-xpu-ops.test.xpu.extended.test_ops_xpu.TestCommonXPU,test_compare_cpu_zeros_xpu_int8
op_extended,third_party.torch-xpu-ops.test.xpu.extended.test_ops_xpu.TestCommonXPU,test_compare_cpu_nn_functional_mish_xpu_bfloat16
op_extended,third_party.torch-xpu-ops.test.xpu.extended.test_ops_xpu.TestCommonXPU,test_compare_cpu_logical_and_xpu_bool
op_extended,third_party.torch-xpu-ops.test.xpu.extended.test_ops_xpu.TestCompositeComplianceXPU,test_operator_histogram_xpu_float32
op_extended,third_party.torch-xpu-ops.test.xpu.extended.test_ops_xpu.TestCommonXPU,test_compare_cpu_atan2_xpu_int16
op_extended,third_party.torch-xpu-ops.test.xpu.extended.test_ops_xpu.TestCommonXPU,test_compare_cpu_zeros_xpu_uint8
op_extended,third_party.torch-xpu-ops.test.xpu.extended.test_ops_xpu.TestCommonXPU,test_compare_cpu_round_xpu_float64
op_extended,third_party.torch-xpu-ops.test.xpu.extended.test_ops_xpu.TestCompositeComplianceXPU,test_operator_hypot_xpu_float32
op_extended,third_party.torch-xpu-ops.test.xpu.extended.test_ops_xpu.TestCommonXPU,test_compare_cpu_logical_and_xpu_complex128
op_extended,third_party.torch-xpu-ops.test.xpu.extended.test_ops_xpu.TestCommonXPU,test_compare_cpu_round_xpu_int16
op_extended,third_party.torch-xpu-ops.test.xpu.extended.test_ops_xpu.TestCommonXPU,test_non_standard_bool_values__chunk_cat_xpu_bool
op_extended,third_party.torch-xpu-ops.test.xpu.extended.test_ops_xpu.TestCompositeComplianceXPU,test_operator_i0_xpu_float32
op_extended,third_party.torch-xpu-ops.test.xpu.extended.test_ops_xpu.TestCommonXPU,test_compare_cpu_atan2_xpu_int32
op_extended,third_party.torch-xpu-ops.test.xpu.extended.test_ops_xpu.TestCommonXPU,test_compare_cpu_nn_functional_mish_xpu_float16
op_extended,third_party.torch-xpu-ops.test.xpu.extended.test_ops_xpu.TestCommonXPU,test_non_standard_bool_values_abs_xpu_bool
op_extended,third_party.torch-xpu-ops.test.xpu.extended.test_ops_xpu.TestCommonXPU,test_compare_cpu_round_xpu_int32
op_extended,third_party.torch-xpu-ops.test.xpu.extended.test_ops_xpu.TestCommonXPU,test_compare_cpu_nn_functional_mish_xpu_float32
op_extended,third_party.torch-xpu-ops.test.xpu.extended.test_ops_xpu.TestCommonXPU,test_compare_cpu_logical_and_xpu_complex64
op_extended,third_party.torch-xpu-ops.test.xpu.extended.test_ops_xpu.TestCommonXPU,test_compare_cpu_atan2_xpu_int64
op_extended,third_party.torch-xpu-ops.test.xpu.extended.test_ops_xpu.TestCommonXPU,test_compare_cpu_fft_hfft2_xpu_complex128
op_extended,third_party.torch-xpu-ops.test.xpu.extended.test_ops_xpu.TestCompositeComplianceXPU,test_operator_igamma_xpu_float32
op_extended,third_party.torch-xpu-ops.test.xpu.extended.test_ops_xpu.TestCommonXPU,test_non_standard_bool_values_acos_xpu_bool
op_extended,third_party.torch-xpu-ops.test.xpu.extended.test_ops_xpu.TestCommonXPU,test_compare_cpu_round_xpu_int64
op_extended,third_party.torch-xpu-ops.test.xpu.extended.test_ops_xpu.TestCommonXPU,test_compare_cpu_nn_functional_mish_xpu_float64
op_extended,third_party.torch-xpu-ops.test.xpu.extended.test_ops_xpu.TestCommonXPU,test_compare_cpu_fft_hfft2_xpu_complex64
op_extended,third_party.torch-xpu-ops.test.xpu.extended.test_ops_xpu.TestCompositeComplianceXPU,test_operator_igammac_xpu_float32
op_extended,third_party.torch-xpu-ops.test.xpu.extended.test_ops_xpu.TestCommonXPU,test_compare_cpu_atan2_xpu_int8
op_extended,third_party.torch-xpu-ops.test.xpu.extended.test_ops_xpu.TestCommonXPU,test_non_standard_bool_values_acosh_xpu_bool
op_extended,third_party.torch-xpu-ops.test.xpu.extended.test_ops_xpu.TestCommonXPU,test_compare_cpu_round_xpu_int8
op_extended,third_party.torch-xpu-ops.test.xpu.extended.test_ops_xpu.TestCompositeComplianceXPU,test_operator_index_add_xpu_float32
op_extended,third_party.torch-xpu-ops.test.xpu.extended.test_ops_xpu.TestCommonXPU,test_compare_cpu_logical_and_xpu_float16
op_extended,third_party.torch-xpu-ops.test.xpu.extended.test_ops_xpu.TestCommonXPU,test_compare_cpu_fft_hfft2_xpu_float32
op_extended,third_party.torch-xpu-ops.test.xpu.extended.test_ops_xpu.TestCommonXPU,test_non_standard_bool_values_add_xpu_bool
op_extended,third_party.torch-xpu-ops.test.xpu.extended.test_ops_xpu.TestCommonXPU,test_compare_cpu_round_xpu_uint8
op_extended,third_party.torch-xpu-ops.test.xpu.extended.test_ops_xpu.TestCommonXPU,test_compare_cpu_atan2_xpu_uint8
op_extended,third_party.torch-xpu-ops.test.xpu.extended.test_ops_xpu.TestCompositeComplianceXPU,test_operator_index_copy_xpu_float32
op_extended,third_party.torch-xpu-ops.test.xpu.extended.test_ops_xpu.TestCommonXPU,test_compare_cpu_nn_functional_mse_loss_xpu_bfloat16
op_extended,third_party.torch-xpu-ops.test.xpu.extended.test_ops_xpu.TestCommonXPU,test_compare_cpu_fft_hfft2_xpu_float64
op_extended,third_party.torch-xpu-ops.test.xpu.extended.test_ops_xpu.TestCommonXPU,test_non_standard_bool_values_addr_xpu_bool
op_extended,third_party.torch-xpu-ops.test.xpu.extended.test_ops_xpu.TestCommonXPU,test_compare_cpu_logical_and_xpu_float32
op_extended,third_party.torch-xpu-ops.test.xpu.extended.test_ops_xpu.TestCommonXPU,test_compare_cpu_atan_xpu_bfloat16
op_extended,third_party.torch-xpu-ops.test.xpu.extended.test_ops_xpu.TestCommonXPU,test_compare_cpu_rsqrt_xpu_bool
op_extended,third_party.torch-xpu-ops.test.xpu.extended.test_ops_xpu.TestCommonXPU,test_compare_cpu_fft_hfft2_xpu_int16
op_extended,third_party.torch-xpu-ops.test.xpu.extended.test_ops_xpu.TestCompositeComplianceXPU,test_operator_index_fill_xpu_float32
op_extended,third_party.torch-xpu-ops.test.xpu.extended.test_ops_xpu.TestCommonXPU,test_non_standard_bool_values_all_xpu_bool
op_extended,third_party.torch-xpu-ops.test.xpu.extended.test_ops_xpu.TestCommonXPU,test_compare_cpu_atan_xpu_bool
op_extended,third_party.torch-xpu-ops.test.xpu.extended.test_ops_xpu.TestCommonXPU,test_compare_cpu_nn_functional_mse_loss_xpu_float16
op_extended,third_party.torch-xpu-ops.test.xpu.extended.test_ops_xpu.TestCommonXPU,test_compare_cpu_logical_and_xpu_float64
op_extended,third_party.torch-xpu-ops.test.xpu.extended.test_ops_xpu.TestCommonXPU,test_compare_cpu_fft_hfft2_xpu_int32
op_extended,third_party.torch-xpu-ops.test.xpu.extended.test_ops_xpu.TestCompositeComplianceXPU,test_operator_index_put_xpu_float32
op_extended,third_party.torch-xpu-ops.test.xpu.extended.test_ops_xpu.TestCommonXPU,test_compare_cpu_rsqrt_xpu_complex128
op_extended,third_party.torch-xpu-ops.test.xpu.extended.test_ops_xpu.TestCommonXPU,test_non_standard_bool_values_amax_xpu_bool
op_extended,third_party.torch-xpu-ops.test.xpu.extended.test_ops_xpu.TestCommonXPU,test_compare_cpu_nn_functional_mse_loss_xpu_float32
op_extended,third_party.torch-xpu-ops.test.xpu.extended.test_ops_xpu.TestCommonXPU,test_compare_cpu_atan_xpu_float16
op_extended,third_party.torch-xpu-ops.test.xpu.extended.test_ops_xpu.TestCommonXPU,test_compare_cpu_fft_hfft2_xpu_int64
op_extended,third_party.torch-xpu-ops.test.xpu.extended.test_ops_xpu.TestCompositeComplianceXPU,test_operator_index_reduce_amax_xpu_float32
op_extended,third_party.torch-xpu-ops.test.xpu.extended.test_ops_xpu.TestCommonXPU,test_compare_cpu_logical_and_xpu_int16
op_extended,third_party.torch-xpu-ops.test.xpu.extended.test_ops_xpu.TestCommonXPU,test_compare_cpu_nn_functional_mse_loss_xpu_float64
op_extended,third_party.torch-xpu-ops.test.xpu.extended.test_ops_xpu.TestCommonXPU,test_compare_cpu_fft_hfft2_xpu_int8
op_extended,third_party.torch-xpu-ops.test.xpu.extended.test_ops_xpu.TestCommonXPU,test_compare_cpu_atan_xpu_float32
op_extended,third_party.torch-xpu-ops.test.xpu.extended.test_ops_xpu.TestCommonXPU,test_non_standard_bool_values_amin_xpu_bool
op_extended,third_party.torch-xpu-ops.test.xpu.extended.test_ops_xpu.TestCompositeComplianceXPU,test_operator_index_reduce_amin_xpu_float32
op_extended,third_party.torch-xpu-ops.test.xpu.extended.test_ops_xpu.TestCommonXPU,test_compare_cpu_rsqrt_xpu_complex64
op_extended,third_party.torch-xpu-ops.test.xpu.extended.test_ops_xpu.TestCommonXPU,test_compare_cpu_logical_and_xpu_int32
op_extended,third_party.torch-xpu-ops.test.xpu.extended.test_ops_xpu.TestCommonXPU,test_compare_cpu_fft_hfft2_xpu_uint8
op_extended,third_party.torch-xpu-ops.test.xpu.extended.test_ops_xpu.TestCommonXPU,test_compare_cpu_atan_xpu_float64
op_extended,third_party.torch-xpu-ops.test.xpu.extended.test_ops_xpu.TestCommonXPU,test_non_standard_bool_values_aminmax_xpu_bool
op_extended,third_party.torch-xpu-ops.test.xpu.extended.test_ops_xpu.TestCompositeComplianceXPU,test_operator_index_reduce_mean_xpu_float32
op_extended,third_party.torch-xpu-ops.test.xpu.extended.test_ops_xpu.TestCommonXPU,test_compare_cpu_logical_and_xpu_int64
op_extended,third_party.torch-xpu-ops.test.xpu.extended.test_ops_xpu.TestCommonXPU,test_compare_cpu_atan_xpu_int16
op_extended,third_party.torch-xpu-ops.test.xpu.extended.test_ops_xpu.TestCommonXPU,test_compare_cpu_fft_hfft_xpu_bool
op_extended,third_party.torch-xpu-ops.test.xpu.extended.test_ops_xpu.TestCommonXPU,test_compare_cpu_rsqrt_xpu_float16
op_extended,third_party.torch-xpu-ops.test.xpu.extended.test_ops_xpu.TestCommonXPU,test_non_standard_bool_values_angle_xpu_bool
op_extended,third_party.torch-xpu-ops.test.xpu.extended.test_ops_xpu.TestCompositeComplianceXPU,test_operator_index_reduce_prod_xpu_float32
op_extended,third_party.torch-xpu-ops.test.xpu.extended.test_ops_xpu.TestCommonXPU,test_compare_cpu_atan_xpu_int32
op_extended,third_party.torch-xpu-ops.test.xpu.extended.test_ops_xpu.TestCommonXPU,test_compare_cpu_rsqrt_xpu_float32
op_extended,third_party.torch-xpu-ops.test.xpu.extended.test_ops_xpu.TestCommonXPU,test_compare_cpu_logical_and_xpu_int8
op_extended,third_party.torch-xpu-ops.test.xpu.extended.test_ops_xpu.TestCompositeComplianceXPU,test_operator_index_select_xpu_float32
op_extended,third_party.torch-xpu-ops.test.xpu.extended.test_ops_xpu.TestCommonXPU,test_non_standard_bool_values_any_xpu_bool
op_extended,third_party.torch-xpu-ops.test.xpu.extended.test_ops_xpu.TestCommonXPU,test_compare_cpu_atan_xpu_int64
op_extended,third_party.torch-xpu-ops.test.xpu.extended.test_ops_xpu.TestCommonXPU,test_compare_cpu_rsqrt_xpu_float64
op_extended,third_party.torch-xpu-ops.test.xpu.extended.test_ops_xpu.TestCommonXPU,test_non_standard_bool_values_as_strided_xpu_bool
op_extended,third_party.torch-xpu-ops.test.xpu.extended.test_ops_xpu.TestCompositeComplianceXPU,test_operator_isin_xpu_float32
op_extended,third_party.torch-xpu-ops.test.xpu.extended.test_ops_xpu.TestCommonXPU,test_compare_cpu_logical_and_xpu_uint8
op_extended,third_party.torch-xpu-ops.test.xpu.extended.test_ops_xpu.TestCommonXPU,test_compare_cpu_atan_xpu_int8
op_extended,third_party.torch-xpu-ops.test.xpu.extended.test_ops_xpu.TestCommonXPU,test_compare_cpu_rsqrt_xpu_int16
op_extended,third_party.torch-xpu-ops.test.xpu.extended.test_ops_xpu.TestCompositeComplianceXPU,test_operator_isnan_xpu_float32
op_extended,third_party.torch-xpu-ops.test.xpu.extended.test_ops_xpu.TestCommonXPU,test_non_standard_bool_values_asin_xpu_bool
op_extended,third_party.torch-xpu-ops.test.xpu.extended.test_ops_xpu.TestCommonXPU,test_compare_cpu_atan_xpu_uint8
op_extended,third_party.torch-xpu-ops.test.xpu.extended.test_ops_xpu.TestCommonXPU,test_compare_cpu_logical_not_xpu_bfloat16
op_extended,third_party.torch-xpu-ops.test.xpu.extended.test_ops_xpu.TestCompositeComplianceXPU,test_operator_isneginf_xpu_float32
op_extended,third_party.torch-xpu-ops.test.xpu.extended.test_ops_xpu.TestCommonXPU,test_compare_cpu_rsqrt_xpu_int32
op_extended,third_party.torch-xpu-ops.test.xpu.extended.test_ops_xpu.TestCommonXPU,test_non_standard_bool_values_asinh_xpu_bool
op_extended,third_party.torch-xpu-ops.test.xpu.extended.test_ops_xpu.TestCommonXPU,test_compare_cpu_atanh_xpu_bfloat16
op_extended,third_party.torch-xpu-ops.test.xpu.extended.test_ops_xpu.TestCompositeComplianceXPU,test_operator_isposinf_xpu_float32
op_extended,third_party.torch-xpu-ops.test.xpu.extended.test_ops_xpu.TestCommonXPU,test_compare_cpu_nn_functional_multi_margin_loss_xpu_float32
op_extended,third_party.torch-xpu-ops.test.xpu.extended.test_ops_xpu.TestCommonXPU,test_compare_cpu_logical_not_xpu_bool
op_extended,third_party.torch-xpu-ops.test.xpu.extended.test_ops_xpu.TestCommonXPU,test_compare_cpu_rsqrt_xpu_int64
op_extended,third_party.torch-xpu-ops.test.xpu.extended.test_ops_xpu.TestCommonXPU,test_non_standard_bool_values_atan2_xpu_bool
op_extended,third_party.torch-xpu-ops.test.xpu.extended.test_ops_xpu.TestCommonXPU,test_compare_cpu_atanh_xpu_bool
op_extended,third_party.torch-xpu-ops.test.xpu.extended.test_ops_xpu.TestCompositeComplianceXPU,test_operator_kthvalue_xpu_float32
op_extended,third_party.torch-xpu-ops.test.xpu.extended.test_ops_xpu.TestCommonXPU,test_compare_cpu_rsqrt_xpu_int8
op_extended,third_party.torch-xpu-ops.test.xpu.extended.test_ops_xpu.TestCommonXPU,test_non_standard_bool_values_atan_xpu_bool
op_extended,third_party.torch-xpu-ops.test.xpu.extended.test_ops_xpu.TestCommonXPU,test_compare_cpu_logical_not_xpu_complex128
op_extended,third_party.torch-xpu-ops.test.xpu.extended.test_ops_xpu.TestCommonXPU,test_compare_cpu_nn_functional_multi_margin_loss_xpu_float64
op_extended,third_party.torch-xpu-ops.test.xpu.extended.test_ops_xpu.TestCompositeComplianceXPU,test_operator_le_xpu_float32
op_extended,third_party.torch-xpu-ops.test.xpu.extended.test_ops_xpu.TestCommonXPU,test_non_standard_bool_values_atanh_xpu_bool
op_extended,third_party.torch-xpu-ops.test.xpu.extended.test_ops_xpu.TestCommonXPU,test_compare_cpu_rsqrt_xpu_uint8
op_extended,third_party.torch-xpu-ops.test.xpu.extended.test_ops_xpu.TestCommonXPU,test_compare_cpu_atanh_xpu_complex128
op_extended,third_party.torch-xpu-ops.test.xpu.extended.test_ops_xpu.TestCommonXPU,test_compare_cpu_logical_not_xpu_complex64
op_extended,third_party.torch-xpu-ops.test.xpu.extended.test_ops_xpu.TestCommonXPU,test_non_standard_bool_values_bitwise_and_xpu_bool
op_extended,third_party.torch-xpu-ops.test.xpu.extended.test_ops_xpu.TestCompositeComplianceXPU,test_operator_lerp_xpu_float32
op_extended,third_party.torch-xpu-ops.test.xpu.extended.test_ops_xpu.TestCommonXPU,test_compare_cpu_scatter_reduce_amax_xpu_bfloat16
op_extended,third_party.torch-xpu-ops.test.xpu.extended.test_ops_xpu.TestCommonXPU,test_compare_cpu_logical_not_xpu_float16
op_extended,third_party.torch-xpu-ops.test.xpu.extended.test_ops_xpu.TestCommonXPU,test_compare_cpu_atanh_xpu_complex64
op_extended,third_party.torch-xpu-ops.test.xpu.extended.test_ops_xpu.TestCommonXPU,test_non_standard_bool_values_bitwise_not_xpu_bool
op_extended,third_party.torch-xpu-ops.test.xpu.extended.test_ops_xpu.TestCompositeComplianceXPU,test_operator_lgamma_xpu_float32
op_extended,third_party.torch-xpu-ops.test.xpu.extended.test_ops_xpu.TestCommonXPU,test_compare_cpu_fft_hfft_xpu_complex128
op_extended,third_party.torch-xpu-ops.test.xpu.extended.test_ops_xpu.TestCommonXPU,test_non_standard_bool_values_bitwise_or_xpu_bool
op_extended,third_party.torch-xpu-ops.test.xpu.extended.test_ops_xpu.TestCommonXPU,test_compare_cpu_logical_not_xpu_float32
op_extended,third_party.torch-xpu-ops.test.xpu.extended.test_ops_xpu.TestCommonXPU,test_compare_cpu_atanh_xpu_float16
op_extended,third_party.torch-xpu-ops.test.xpu.extended.test_ops_xpu.TestCommonXPU,test_compare_cpu_scatter_reduce_amax_xpu_float16
op_extended,third_party.torch-xpu-ops.test.xpu.extended.test_ops_xpu.TestCommonXPU,test_compare_cpu_nn_functional_multilabel_margin_loss_xpu_float32
op_extended,third_party.torch-xpu-ops.test.xpu.extended.test_ops_xpu.TestCommonXPU,test_compare_cpu_fft_hfft_xpu_complex64
op_extended,third_party.torch-xpu-ops.test.xpu.extended.test_ops_xpu.TestCommonXPU,test_non_standard_bool_values_bitwise_xor_xpu_bool
op_extended,third_party.torch-xpu-ops.test.xpu.extended.test_ops_xpu.TestCommonXPU,test_compare_cpu_atanh_xpu_float32
op_extended,third_party.torch-xpu-ops.test.xpu.extended.test_ops_xpu.TestCommonXPU,test_compare_cpu_logical_not_xpu_float64
op_extended,third_party.torch-xpu-ops.test.xpu.extended.test_ops_xpu.TestCommonXPU,test_compare_cpu_scatter_reduce_amax_xpu_float32
op_extended,third_party.torch-xpu-ops.test.xpu.extended.test_ops_xpu.TestCommonXPU,test_compare_cpu_nn_functional_multilabel_margin_loss_xpu_float64
op_extended,third_party.torch-xpu-ops.test.xpu.extended.test_ops_xpu.TestCommonXPU,test_non_standard_bool_values_cat_xpu_bool
op_extended,third_party.torch-xpu-ops.test.xpu.extended.test_ops_xpu.TestCommonXPU,test_compare_cpu_fft_hfft_xpu_float32
op_extended,third_party.torch-xpu-ops.test.xpu.extended.test_ops_xpu.TestCommonXPU,test_compare_cpu_atanh_xpu_float64
op_extended,third_party.torch-xpu-ops.test.xpu.extended.test_ops_xpu.TestCommonXPU,test_compare_cpu_logical_not_xpu_int16
op_extended,third_party.torch-xpu-ops.test.xpu.extended.test_ops_xpu.TestCompositeComplianceXPU,test_operator_linspace_tensor_overload_xpu_float32
op_extended,third_party.torch-xpu-ops.test.xpu.extended.test_ops_xpu.TestCommonXPU,test_compare_cpu_scatter_reduce_amax_xpu_float64
op_extended,third_party.torch-xpu-ops.test.xpu.extended.test_ops_xpu.TestCommonXPU,test_compare_cpu_fft_hfft_xpu_float64
op_extended,third_party.torch-xpu-ops.test.xpu.extended.test_ops_xpu.TestCommonXPU,test_non_standard_bool_values_clamp_max_xpu_bool
op_extended,third_party.torch-xpu-ops.test.xpu.extended.test_ops_xpu.TestCommonXPU,test_compare_cpu_atanh_xpu_int16
op_extended,third_party.torch-xpu-ops.test.xpu.extended.test_ops_xpu.TestCommonXPU,test_compare_cpu_scatter_reduce_amax_xpu_int16
op_extended,third_party.torch-xpu-ops.test.xpu.extended.test_ops_xpu.TestCommonXPU,test_compare_cpu_logical_not_xpu_int32
op_extended,third_party.torch-xpu-ops.test.xpu.extended.test_ops_xpu.TestCompositeComplianceXPU,test_operator_linspace_xpu_float32
op_extended,third_party.torch-xpu-ops.test.xpu.extended.test_ops_xpu.TestCommonXPU,test_compare_cpu_fft_hfft_xpu_int16
op_extended,third_party.torch-xpu-ops.test.xpu.extended.test_ops_xpu.TestCommonXPU,test_non_standard_bool_values_clamp_min_xpu_bool
op_extended,third_party.torch-xpu-ops.test.xpu.extended.test_ops_xpu.TestCommonXPU,test_compare_cpu_atanh_xpu_int32
op_extended,third_party.torch-xpu-ops.test.xpu.extended.test_ops_xpu.TestCommonXPU,test_compare_cpu_scatter_reduce_amax_xpu_int32
op_extended,third_party.torch-xpu-ops.test.xpu.extended.test_ops_xpu.TestCommonXPU,test_compare_cpu_logical_not_xpu_int64
op_extended,third_party.torch-xpu-ops.test.xpu.extended.test_ops_xpu.TestCompositeComplianceXPU,test_operator_log10_xpu_float32
op_extended,third_party.torch-xpu-ops.test.xpu.extended.test_ops_xpu.TestCommonXPU,test_compare_cpu_fft_hfft_xpu_int32
op_extended,third_party.torch-xpu-ops.test.xpu.extended.test_ops_xpu.TestCommonXPU,test_non_standard_bool_values_clone_xpu_bool
op_extended,third_party.torch-xpu-ops.test.xpu.extended.test_ops_xpu.TestCommonXPU,test_compare_cpu_atanh_xpu_int64
op_extended,third_party.torch-xpu-ops.test.xpu.extended.test_ops_xpu.TestCommonXPU,test_compare_cpu_scatter_reduce_amax_xpu_int64
op_extended,third_party.torch-xpu-ops.test.xpu.extended.test_ops_xpu.TestCommonXPU,test_compare_cpu_logical_not_xpu_int8
op_extended,third_party.torch-xpu-ops.test.xpu.extended.test_ops_xpu.TestCompositeComplianceXPU,test_operator_log1p_xpu_float32
op_extended,third_party.torch-xpu-ops.test.xpu.extended.test_ops_xpu.TestCommonXPU,test_compare_cpu_nn_functional_nll_loss_xpu_float32
op_extended,third_party.torch-xpu-ops.test.xpu.extended.test_ops_xpu.TestCommonXPU,test_compare_cpu_fft_hfft_xpu_int64
op_extended,third_party.torch-xpu-ops.test.xpu.extended.test_ops_xpu.TestCommonXPU,test_non_standard_bool_values_conj_physical_xpu_bool
op_extended,third_party.torch-xpu-ops.test.xpu.extended.test_ops_xpu.TestCommonXPU,test_compare_cpu_atanh_xpu_int8
op_extended,third_party.torch-xpu-ops.test.xpu.extended.test_ops_xpu.TestCommonXPU,test_compare_cpu_scatter_reduce_amax_xpu_int8
op_extended,third_party.torch-xpu-ops.test.xpu.extended.test_ops_xpu.TestCompositeComplianceXPU,test_operator_log2_xpu_float32
op_extended,third_party.torch-xpu-ops.test.xpu.extended.test_ops_xpu.TestCommonXPU,test_compare_cpu_logical_not_xpu_uint8
op_extended,third_party.torch-xpu-ops.test.xpu.extended.test_ops_xpu.TestCommonXPU,test_compare_cpu_fft_hfft_xpu_int8
op_extended,third_party.torch-xpu-ops.test.xpu.extended.test_ops_xpu.TestCommonXPU,test_compare_cpu_nn_functional_nll_loss_xpu_float64
op_extended,third_party.torch-xpu-ops.test.xpu.extended.test_ops_xpu.TestCommonXPU,test_non_standard_bool_values_copysign_xpu_bool
op_extended,third_party.torch-xpu-ops.test.xpu.extended.test_ops_xpu.TestCommonXPU,test_compare_cpu_atanh_xpu_uint8
op_extended,third_party.torch-xpu-ops.test.xpu.extended.test_ops_xpu.TestCommonXPU,test_compare_cpu_scatter_reduce_amax_xpu_uint8
op_extended,third_party.torch-xpu-ops.test.xpu.extended.test_ops_xpu.TestCompositeComplianceXPU,test_operator_log_normal_xpu_float32
op_extended,third_party.torch-xpu-ops.test.xpu.extended.test_ops_xpu.TestCommonXPU,test_compare_cpu_fft_hfft_xpu_uint8
op_extended,third_party.torch-xpu-ops.test.xpu.extended.test_ops_xpu.TestCommonXPU,test_non_standard_bool_values_cos_xpu_bool
op_extended,third_party.torch-xpu-ops.test.xpu.extended.test_ops_xpu.TestCommonXPU,test_compare_cpu_logical_or_xpu_bfloat16
op_extended,third_party.torch-xpu-ops.test.xpu.extended.test_ops_xpu.TestCommonXPU,test_compare_cpu_scatter_reduce_amin_xpu_bfloat16
op_extended,third_party.torch-xpu-ops.test.xpu.extended.test_ops_xpu.TestCompositeComplianceXPU,test_operator_log_softmax_with_dtype_xpu_float32
op_extended,third_party.torch-xpu-ops.test.xpu.extended.test_ops_xpu.TestCommonXPU,test_non_standard_bool_values_cosh_xpu_bool
op_extended,third_party.torch-xpu-ops.test.xpu.extended.test_ops_xpu.TestCommonXPU,test_compare_cpu_fft_hfftn_xpu_bool
op_extended,third_party.torch-xpu-ops.test.xpu.extended.test_ops_xpu.TestCommonXPU,test_compare_cpu_nn_functional_pad_circular_xpu_bfloat16
op_extended,third_party.torch-xpu-ops.test.xpu.extended.test_ops_xpu.TestCommonXPU,test_compare_cpu_logical_or_xpu_bool
op_extended,third_party.torch-xpu-ops.test.xpu.extended.test_ops_xpu.TestCompositeComplianceXPU,test_operator_log_softmax_xpu_float32
op_extended,third_party.torch-xpu-ops.test.xpu.extended.test_ops_xpu.TestCommonXPU,test_compare_cpu_fft_hfftn_xpu_complex128
op_extended,third_party.torch-xpu-ops.test.xpu.extended.test_ops_xpu.TestCommonXPU,test_non_standard_bool_values_count_nonzero_xpu_bool
op_extended,third_party.torch-xpu-ops.test.xpu.extended.test_ops_xpu.TestCommonXPU,test_compare_cpu_nn_functional_pad_circular_xpu_bool
op_extended,third_party.torch-xpu-ops.test.xpu.extended.test_ops_xpu.TestCommonXPU,test_compare_cpu_scatter_reduce_amin_xpu_float16
op_extended,third_party.torch-xpu-ops.test.xpu.extended.test_ops_xpu.TestCompositeComplianceXPU,test_operator_log_xpu_float32
op_extended,third_party.torch-xpu-ops.test.xpu.extended.test_ops_xpu.TestCommonXPU,test_compare_cpu_fft_hfftn_xpu_complex64
op_extended,third_party.torch-xpu-ops.test.xpu.extended.test_ops_xpu.TestCommonXPU,test_compare_cpu_nn_functional_pad_circular_xpu_complex128
op_extended,third_party.torch-xpu-ops.test.xpu.extended.test_ops_xpu.TestCommonXPU,test_compare_cpu_logical_or_xpu_complex128
op_extended,third_party.torch-xpu-ops.test.xpu.extended.test_ops_xpu.TestCommonXPU,test_non_standard_bool_values_cummax_xpu_bool
op_extended,third_party.torch-xpu-ops.test.xpu.extended.test_ops_xpu.TestCommonXPU,test_compare_cpu_scatter_reduce_amin_xpu_float32
op_extended,third_party.torch-xpu-ops.test.xpu.extended.test_ops_xpu.TestCompositeComplianceXPU,test_operator_logaddexp2_xpu_float32
op_extended,third_party.torch-xpu-ops.test.xpu.extended.test_ops_xpu.TestCommonXPU,test_non_standard_bool_values_cummin_xpu_bool
op_extended,third_party.torch-xpu-ops.test.xpu.extended.test_ops_xpu.TestCommonXPU,test_compare_cpu_nn_functional_pad_circular_xpu_complex64
op_extended,third_party.torch-xpu-ops.test.xpu.extended.test_ops_xpu.TestCommonXPU,test_compare_cpu_fft_hfftn_xpu_float32
op_extended,third_party.torch-xpu-ops.test.xpu.extended.test_ops_xpu.TestCommonXPU,test_compare_cpu_scatter_reduce_amin_xpu_float64
op_extended,third_party.torch-xpu-ops.test.xpu.extended.test_ops_xpu.TestCompositeComplianceXPU,test_operator_logaddexp_xpu_float32
op_extended,third_party.torch-xpu-ops.test.xpu.extended.test_ops_xpu.TestCommonXPU,test_compare_cpu_logical_or_xpu_complex64
op_extended,third_party.torch-xpu-ops.test.xpu.extended.test_ops_xpu.TestCommonXPU,test_compare_cpu_nn_functional_pad_circular_xpu_float16
op_extended,third_party.torch-xpu-ops.test.xpu.extended.test_ops_xpu.TestCommonXPU,test_compare_cpu_fft_hfftn_xpu_float64
op_extended,third_party.torch-xpu-ops.test.xpu.extended.test_ops_xpu.TestCommonXPU,test_non_standard_bool_values_digamma_xpu_bool
op_extended,third_party.torch-xpu-ops.test.xpu.extended.test_ops_xpu.TestCommonXPU,test_compare_cpu_scatter_reduce_amin_xpu_int16
op_extended,third_party.torch-xpu-ops.test.xpu.extended.test_ops_xpu.TestCompositeComplianceXPU,test_operator_logcumsumexp_xpu_float32
op_extended,third_party.torch-xpu-ops.test.xpu.extended.test_ops_xpu.TestCommonXPU,test_compare_cpu_nn_functional_pad_circular_xpu_float32
op_extended,third_party.torch-xpu-ops.test.xpu.extended.test_ops_xpu.TestCommonXPU,test_compare_cpu_bincount_xpu_int16
op_extended,third_party.torch-xpu-ops.test.xpu.extended.test_ops_xpu.TestCommonXPU,test_compare_cpu_logical_or_xpu_float16
op_extended,third_party.torch-xpu-ops.test.xpu.extended.test_ops_xpu.TestCommonXPU,test_compare_cpu_fft_hfftn_xpu_int16
op_extended,third_party.torch-xpu-ops.test.xpu.extended.test_ops_xpu.TestCommonXPU,test_non_standard_bool_values_div_no_rounding_mode_xpu_bool
op_extended,third_party.torch-xpu-ops.test.xpu.extended.test_ops_xpu.TestCommonXPU,test_compare_cpu_scatter_reduce_amin_xpu_int32
op_extended,third_party.torch-xpu-ops.test.xpu.extended.test_ops_xpu.TestCommonXPU,test_compare_cpu_nn_functional_pad_circular_xpu_float64
op_extended,third_party.torch-xpu-ops.test.xpu.extended.test_ops_xpu.TestCommonXPU,test_compare_cpu_bincount_xpu_int32
op_extended,third_party.torch-xpu-ops.test.xpu.extended.test_ops_xpu.TestCommonXPU,test_compare_cpu_fft_hfftn_xpu_int32
op_extended,third_party.torch-xpu-ops.test.xpu.extended.test_ops_xpu.TestCompositeComplianceXPU,test_operator_logical_and_xpu_float32
op_extended,third_party.torch-xpu-ops.test.xpu.extended.test_ops_xpu.TestCommonXPU,test_compare_cpu_logical_or_xpu_float32
op_extended,third_party.torch-xpu-ops.test.xpu.extended.test_ops_xpu.TestCommonXPU,test_non_standard_bool_values_eq_xpu_bool
op_extended,third_party.torch-xpu-ops.test.xpu.extended.test_ops_xpu.TestCommonXPU,test_compare_cpu_scatter_reduce_amin_xpu_int64
op_extended,third_party.torch-xpu-ops.test.xpu.extended.test_ops_xpu.TestCommonXPU,test_compare_cpu_nn_functional_pad_circular_xpu_int16
op_extended,third_party.torch-xpu-ops.test.xpu.extended.test_ops_xpu.TestCommonXPU,test_compare_cpu_bincount_xpu_int64
op_extended,third_party.torch-xpu-ops.test.xpu.extended.test_ops_xpu.TestCommonXPU,test_compare_cpu_fft_hfftn_xpu_int64
op_extended,third_party.torch-xpu-ops.test.xpu.extended.test_ops_xpu.TestCommonXPU,test_non_standard_bool_values_equal_xpu_bool
op_extended,third_party.torch-xpu-ops.test.xpu.extended.test_ops_xpu.TestCommonXPU,test_compare_cpu_nn_functional_pad_circular_xpu_int32
op_extended,third_party.torch-xpu-ops.test.xpu.extended.test_ops_xpu.TestCommonXPU,test_compare_cpu_scatter_reduce_amin_xpu_int8
op_extended,third_party.torch-xpu-ops.test.xpu.extended.test_ops_xpu.TestCommonXPU,test_compare_cpu_bincount_xpu_int8
op_extended,third_party.torch-xpu-ops.test.xpu.extended.test_ops_xpu.TestCompositeComplianceXPU,test_operator_logical_not_xpu_float32
op_extended,third_party.torch-xpu-ops.test.xpu.extended.test_ops_xpu.TestCommonXPU,test_compare_cpu_logical_or_xpu_float64
op_extended,third_party.torch-xpu-ops.test.xpu.extended.test_ops_xpu.TestCommonXPU,test_compare_cpu_fft_hfftn_xpu_int8
op_extended,third_party.torch-xpu-ops.test.xpu.extended.test_ops_xpu.TestCommonXPU,test_compare_cpu_nn_functional_pad_circular_xpu_int64
op_extended,third_party.torch-xpu-ops.test.xpu.extended.test_ops_xpu.TestCommonXPU,test_compare_cpu_bincount_xpu_uint8
op_extended,third_party.torch-xpu-ops.test.xpu.extended.test_ops_xpu.TestCommonXPU,test_compare_cpu_scatter_reduce_amin_xpu_uint8
op_extended,third_party.torch-xpu-ops.test.xpu.extended.test_ops_xpu.TestCompositeComplianceXPU,test_operator_logical_or_xpu_float32
op_extended,third_party.torch-xpu-ops.test.xpu.extended.test_ops_xpu.TestCommonXPU,test_compare_cpu_fft_hfftn_xpu_uint8
op_extended,third_party.torch-xpu-ops.test.xpu.extended.test_ops_xpu.TestCommonXPU,test_compare_cpu_logical_or_xpu_int16
op_extended,third_party.torch-xpu-ops.test.xpu.extended.test_ops_xpu.TestCommonXPU,test_non_standard_bool_values_erf_xpu_bool
op_extended,third_party.torch-xpu-ops.test.xpu.extended.test_ops_xpu.TestCommonXPU,test_compare_cpu_nn_functional_pad_circular_xpu_int8
op_extended,third_party.torch-xpu-ops.test.xpu.extended.test_ops_xpu.TestCompositeComplianceXPU,test_operator_logical_xor_xpu_float32
op_extended,third_party.torch-xpu-ops.test.xpu.extended.test_ops_xpu.TestCommonXPU,test_compare_cpu_scatter_reduce_mean_xpu_bfloat16
op_extended,third_party.torch-xpu-ops.test.xpu.extended.test_ops_xpu.TestCommonXPU,test_non_standard_bool_values_erfc_xpu_bool
op_extended,third_party.torch-xpu-ops.test.xpu.extended.test_ops_xpu.TestCommonXPU,test_compare_cpu_nn_functional_pad_circular_xpu_uint8
op_extended,third_party.torch-xpu-ops.test.xpu.extended.test_ops_xpu.TestCommonXPU,test_compare_cpu_bitwise_and_xpu_bool
op_extended,third_party.torch-xpu-ops.test.xpu.extended.test_ops_xpu.TestCommonXPU,test_compare_cpu_fft_ifft2_xpu_bool
op_extended,third_party.torch-xpu-ops.test.xpu.extended.test_ops_xpu.TestCommonXPU,test_compare_cpu_logical_or_xpu_int32
op_extended,third_party.torch-xpu-ops.test.xpu.extended.test_ops_xpu.TestCompositeComplianceXPU,test_operator_logit_xpu_float32
op_extended,third_party.torch-xpu-ops.test.xpu.extended.test_ops_xpu.TestCommonXPU,test_non_standard_bool_values_erfinv_xpu_bool
op_extended,third_party.torch-xpu-ops.test.xpu.extended.test_ops_xpu.TestCommonXPU,test_compare_cpu_fft_ifft2_xpu_complex128
op_extended,third_party.torch-xpu-ops.test.xpu.extended.test_ops_xpu.TestCommonXPU,test_compare_cpu_nn_functional_pad_constant_xpu_bfloat16
op_extended,third_party.torch-xpu-ops.test.xpu.extended.test_ops_xpu.TestCommonXPU,test_non_standard_bool_values_exp2_xpu_bool
op_extended,third_party.torch-xpu-ops.test.xpu.extended.test_ops_xpu.TestCommonXPU,test_compare_cpu_logical_or_xpu_int64
op_extended,third_party.torch-xpu-ops.test.xpu.extended.test_ops_xpu.TestCommonXPU,test_compare_cpu_scatter_reduce_mean_xpu_float16
op_extended,third_party.torch-xpu-ops.test.xpu.extended.test_ops_xpu.TestCommonXPU,test_compare_cpu_fft_ifft2_xpu_complex64
op_extended,third_party.torch-xpu-ops.test.xpu.extended.test_ops_xpu.TestCommonXPU,test_compare_cpu_nn_functional_pad_constant_xpu_bool
op_extended,third_party.torch-xpu-ops.test.xpu.extended.test_ops_xpu.TestCommonXPU,test_non_standard_bool_values_exp_xpu_bool
op_extended,third_party.torch-xpu-ops.test.xpu.extended.test_ops_xpu.TestCommonXPU,test_compare_cpu_bitwise_and_xpu_int16
op_extended,third_party.torch-xpu-ops.test.xpu.extended.test_ops_xpu.TestCommonXPU,test_compare_cpu_scatter_reduce_mean_xpu_float32
op_extended,third_party.torch-xpu-ops.test.xpu.extended.test_ops_xpu.TestCommonXPU,test_compare_cpu_logical_or_xpu_int8
op_extended,third_party.torch-xpu-ops.test.xpu.extended.test_ops_xpu.TestCommonXPU,test_compare_cpu_nn_functional_pad_constant_xpu_complex128
op_extended,third_party.torch-xpu-ops.test.xpu.extended.test_ops_xpu.TestCommonXPU,test_compare_cpu_fft_ifft2_xpu_float32
op_extended,third_party.torch-xpu-ops.test.xpu.extended.test_ops_xpu.TestCommonXPU,test_non_standard_bool_values_expm1_xpu_bool
op_extended,third_party.torch-xpu-ops.test.xpu.extended.test_ops_xpu.TestCommonXPU,test_compare_cpu_scatter_reduce_mean_xpu_float64
op_extended,third_party.torch-xpu-ops.test.xpu.extended.test_ops_xpu.TestCommonXPU,test_compare_cpu_fft_ifft2_xpu_float64
op_extended,third_party.torch-xpu-ops.test.xpu.extended.test_ops_xpu.TestCommonXPU,test_compare_cpu_nn_functional_pad_constant_xpu_complex64
op_extended,third_party.torch-xpu-ops.test.xpu.extended.test_ops_xpu.TestCommonXPU,test_compare_cpu_bitwise_and_xpu_int32
op_extended,third_party.torch-xpu-ops.test.xpu.extended.test_ops_xpu.TestCommonXPU,test_compare_cpu_logical_or_xpu_uint8
op_extended,third_party.torch-xpu-ops.test.xpu.extended.test_ops_xpu.TestCommonXPU,test_non_standard_bool_values_eye_xpu_bool
op_extended,third_party.torch-xpu-ops.test.xpu.extended.test_ops_xpu.TestCommonXPU,test_compare_cpu_fft_ifft2_xpu_int16
op_extended,third_party.torch-xpu-ops.test.xpu.extended.test_ops_xpu.TestCommonXPU,test_compare_cpu_nn_functional_pad_constant_xpu_float16
op_extended,third_party.torch-xpu-ops.test.xpu.extended.test_ops_xpu.TestCommonXPU,test_compare_cpu_scatter_reduce_mean_xpu_int16
op_extended,third_party.torch-xpu-ops.test.xpu.extended.test_ops_xpu.TestCommonXPU,test_compare_cpu_bitwise_and_xpu_int64
op_extended,third_party.torch-xpu-ops.test.xpu.extended.test_ops_xpu.TestCommonXPU,test_compare_cpu_logical_xor_xpu_bfloat16
op_extended,third_party.torch-xpu-ops.test.xpu.extended.test_ops_xpu.TestCommonXPU,test_compare_cpu_fft_ifft2_xpu_int32
op_extended,third_party.torch-xpu-ops.test.xpu.extended.test_ops_xpu.TestCommonXPU,test_non_standard_bool_values_fft_fft2_xpu_bool
op_extended,third_party.torch-xpu-ops.test.xpu.extended.test_ops_xpu.TestCommonXPU,test_compare_cpu_nn_functional_pad_constant_xpu_float32
op_extended,third_party.torch-xpu-ops.test.xpu.extended.test_ops_xpu.TestCommonXPU,test_compare_cpu_scatter_reduce_mean_xpu_int32
op_extended,third_party.torch-xpu-ops.test.xpu.extended.test_ops_xpu.TestCommonXPU,test_compare_cpu_fft_ifft2_xpu_int64
op_extended,third_party.torch-xpu-ops.test.xpu.extended.test_ops_xpu.TestCommonXPU,test_compare_cpu_bitwise_and_xpu_int8
op_extended,third_party.torch-xpu-ops.test.xpu.extended.test_ops_xpu.TestCommonXPU,test_compare_cpu_logical_xor_xpu_bool
op_extended,third_party.torch-xpu-ops.test.xpu.extended.test_ops_xpu.TestCommonXPU,test_non_standard_bool_values_fft_fft_xpu_bool
op_extended,third_party.torch-xpu-ops.test.xpu.extended.test_ops_xpu.TestCommonXPU,test_compare_cpu_nn_functional_pad_constant_xpu_float64
op_extended,third_party.torch-xpu-ops.test.xpu.extended.test_ops_xpu.TestCommonXPU,test_compare_cpu_scatter_reduce_mean_xpu_int64
op_extended,third_party.torch-xpu-ops.test.xpu.extended.test_ops_xpu.TestCommonXPU,test_compare_cpu_fft_ifft2_xpu_int8
op_extended,third_party.torch-xpu-ops.test.xpu.extended.test_ops_xpu.TestCommonXPU,test_compare_cpu_bitwise_and_xpu_uint8
op_extended,third_party.torch-xpu-ops.test.xpu.extended.test_ops_xpu.TestCommonXPU,test_non_standard_bool_values_fft_fftn_xpu_bool
op_extended,third_party.torch-xpu-ops.test.xpu.extended.test_ops_xpu.TestCommonXPU,test_compare_cpu_nn_functional_pad_constant_xpu_int16
op_extended,third_party.torch-xpu-ops.test.xpu.extended.test_ops_xpu.TestCommonXPU,test_compare_cpu_scatter_reduce_mean_xpu_int8
op_extended,third_party.torch-xpu-ops.test.xpu.extended.test_ops_xpu.TestCommonXPU,test_compare_cpu_logical_xor_xpu_complex128
op_extended,third_party.torch-xpu-ops.test.xpu.extended.test_ops_xpu.TestCommonXPU,test_compare_cpu_fft_ifft2_xpu_uint8
op_extended,third_party.torch-xpu-ops.test.xpu.extended.test_ops_xpu.TestCommonXPU,test_non_standard_bool_values_fft_fftshift_xpu_bool
op_extended,third_party.torch-xpu-ops.test.xpu.extended.test_ops_xpu.TestCommonXPU,test_compare_cpu_nn_functional_pad_constant_xpu_int32
op_extended,third_party.torch-xpu-ops.test.xpu.extended.test_ops_xpu.TestCommonXPU,test_compare_cpu_scatter_reduce_mean_xpu_uint8
op_extended,third_party.torch-xpu-ops.test.xpu.extended.test_ops_xpu.TestCommonXPU,test_compare_cpu_fft_ifft_xpu_bool
op_extended,third_party.torch-xpu-ops.test.xpu.extended.test_ops_xpu.TestCommonXPU,test_compare_cpu_logical_xor_xpu_complex64
op_extended,third_party.torch-xpu-ops.test.xpu.extended.test_ops_xpu.TestCommonXPU,test_compare_cpu_nn_functional_pad_constant_xpu_int64
op_extended,third_party.torch-xpu-ops.test.xpu.extended.test_ops_xpu.TestCommonXPU,test_non_standard_bool_values_fft_hfft2_xpu_bool
op_extended,third_party.torch-xpu-ops.test.xpu.extended.test_ops_xpu.TestCommonXPU,test_compare_cpu_scatter_reduce_prod_xpu_bfloat16
op_extended,third_party.torch-xpu-ops.test.xpu.extended.test_ops_xpu.TestCommonXPU,test_compare_cpu_fft_ifft_xpu_complex128
op_extended,third_party.torch-xpu-ops.test.xpu.extended.test_ops_xpu.TestCommonXPU,test_compare_cpu_nn_functional_pad_constant_xpu_int8
op_extended,third_party.torch-xpu-ops.test.xpu.extended.test_ops_xpu.TestCompositeComplianceXPU,test_backward_nn_functional_multi_head_attention_forward_xpu_float32
op_extended,third_party.torch-xpu-ops.test.xpu.extended.test_ops_xpu.TestCommonXPU,test_compare_cpu_logical_xor_xpu_float16
op_extended,third_party.torch-xpu-ops.test.xpu.extended.test_ops_xpu.TestCommonXPU,test_non_standard_bool_values_fft_hfft_xpu_bool
op_extended,third_party.torch-xpu-ops.test.xpu.extended.test_ops_xpu.TestCommonXPU,test_compare_cpu_fft_ifft_xpu_complex64
op_extended,third_party.torch-xpu-ops.test.xpu.extended.test_ops_xpu.TestCommonXPU,test_compare_cpu_nn_functional_pad_constant_xpu_uint8
op_extended,third_party.torch-xpu-ops.test.xpu.extended.test_ops_xpu.TestCommonXPU,test_non_standard_bool_values_fft_hfftn_xpu_bool
op_extended,third_party.torch-xpu-ops.test.xpu.extended.test_ops_xpu.TestCommonXPU,test_compare_cpu_scatter_reduce_prod_xpu_float16
op_extended,third_party.torch-xpu-ops.test.xpu.extended.test_ops_xpu.TestCompositeComplianceXPU,test_backward_nn_functional_multi_margin_loss_xpu_float32
op_extended,third_party.torch-xpu-ops.test.xpu.extended.test_ops_xpu.TestCommonXPU,test_compare_cpu_logical_xor_xpu_float32
op_extended,third_party.torch-xpu-ops.test.xpu.extended.test_ops_xpu.TestCommonXPU,test_compare_cpu_fft_ifft_xpu_float32
op_extended,third_party.torch-xpu-ops.test.xpu.extended.test_ops_xpu.TestCommonXPU,test_compare_cpu_bitwise_not_xpu_bool
op_extended,third_party.torch-xpu-ops.test.xpu.extended.test_ops_xpu.TestCommonXPU,test_compare_cpu_nn_functional_pad_reflect_xpu_bfloat16
op_extended,third_party.torch-xpu-ops.test.xpu.extended.test_ops_xpu.TestCommonXPU,test_non_standard_bool_values_fft_ifft2_xpu_bool
op_extended,third_party.torch-xpu-ops.test.xpu.extended.test_ops_xpu.TestCommonXPU,test_compare_cpu_scatter_reduce_prod_xpu_float32
op_extended,third_party.torch-xpu-ops.test.xpu.extended.test_ops_xpu.TestCompositeComplianceXPU,test_backward_nn_functional_multilabel_margin_loss_xpu_float32
op_extended,third_party.torch-xpu-ops.test.xpu.extended.test_ops_xpu.TestCommonXPU,test_compare_cpu_fft_ifft_xpu_float64
op_extended,third_party.torch-xpu-ops.test.xpu.extended.test_ops_xpu.TestCommonXPU,test_compare_cpu_logical_xor_xpu_float64
op_extended,third_party.torch-xpu-ops.test.xpu.extended.test_ops_xpu.TestCommonXPU,test_non_standard_bool_values_fft_ifft_xpu_bool
op_extended,third_party.torch-xpu-ops.test.xpu.extended.test_ops_xpu.TestCommonXPU,test_compare_cpu_scatter_reduce_prod_xpu_float64
op_extended,third_party.torch-xpu-ops.test.xpu.extended.test_ops_xpu.TestCommonXPU,test_compare_cpu_nn_functional_pad_reflect_xpu_complex128
op_extended,third_party.torch-xpu-ops.test.xpu.extended.test_ops_xpu.TestCompositeComplianceXPU,test_operator_logspace_tensor_overload_xpu_float32
op_extended,third_party.torch-xpu-ops.test.xpu.extended.test_ops_xpu.TestCommonXPU,test_compare_cpu_fft_ifft_xpu_int16
op_extended,third_party.torch-xpu-ops.test.xpu.extended.test_ops_xpu.TestCommonXPU,test_non_standard_bool_values_fft_ifftn_xpu_bool
op_extended,third_party.torch-xpu-ops.test.xpu.extended.test_ops_xpu.TestCommonXPU,test_compare_cpu_logical_xor_xpu_int16
op_extended,third_party.torch-xpu-ops.test.xpu.extended.test_ops_xpu.TestCommonXPU,test_compare_cpu_nn_functional_pad_reflect_xpu_complex64
op_extended,third_party.torch-xpu-ops.test.xpu.extended.test_ops_xpu.TestCommonXPU,test_compare_cpu_scatter_reduce_prod_xpu_int16
op_extended,third_party.torch-xpu-ops.test.xpu.extended.test_ops_xpu.TestCommonXPU,test_compare_cpu_bitwise_not_xpu_int16
op_extended,third_party.torch-xpu-ops.test.xpu.extended.test_ops_xpu.TestCommonXPU,test_compare_cpu_fft_ifft_xpu_int32
op_extended,third_party.torch-xpu-ops.test.xpu.extended.test_ops_xpu.TestCommonXPU,test_non_standard_bool_values_fft_ifftshift_xpu_bool
op_extended,third_party.torch-xpu-ops.test.xpu.extended.test_ops_xpu.TestCommonXPU,test_compare_cpu_nn_functional_pad_reflect_xpu_float16
op_extended,third_party.torch-xpu-ops.test.xpu.extended.test_ops_xpu.TestCommonXPU,test_compare_cpu_scatter_reduce_prod_xpu_int32
op_extended,third_party.torch-xpu-ops.test.xpu.extended.test_ops_xpu.TestCommonXPU,test_compare_cpu_bitwise_not_xpu_int32
op_extended,third_party.torch-xpu-ops.test.xpu.extended.test_ops_xpu.TestCommonXPU,test_compare_cpu_fft_ifft_xpu_int64
op_extended,third_party.torch-xpu-ops.test.xpu.extended.test_ops_xpu.TestCommonXPU,test_compare_cpu_logical_xor_xpu_int32
op_extended,third_party.torch-xpu-ops.test.xpu.extended.test_ops_xpu.TestCommonXPU,test_non_standard_bool_values_fft_ihfft2_xpu_bool
op_extended,third_party.torch-xpu-ops.test.xpu.extended.test_ops_xpu.TestCommonXPU,test_compare_cpu_nn_functional_pad_reflect_xpu_float32
op_extended,third_party.torch-xpu-ops.test.xpu.extended.test_ops_xpu.TestCompositeComplianceXPU,test_backward_nn_functional_nll_loss_xpu_float32
op_extended,third_party.torch-xpu-ops.test.xpu.extended.test_ops_xpu.TestCommonXPU,test_compare_cpu_scatter_reduce_prod_xpu_int64
op_extended,third_party.torch-xpu-ops.test.xpu.extended.test_ops_xpu.TestCommonXPU,test_compare_cpu_fft_ifft_xpu_int8
op_extended,third_party.torch-xpu-ops.test.xpu.extended.test_ops_xpu.TestCommonXPU,test_compare_cpu_bitwise_not_xpu_int64
op_extended,third_party.torch-xpu-ops.test.xpu.extended.test_ops_xpu.TestCommonXPU,test_compare_cpu_logical_xor_xpu_int64
op_extended,third_party.torch-xpu-ops.test.xpu.extended.test_ops_xpu.TestCommonXPU,test_compare_cpu_nn_functional_pad_reflect_xpu_float64
op_extended,third_party.torch-xpu-ops.test.xpu.extended.test_ops_xpu.TestCommonXPU,test_non_standard_bool_values_fft_ihfft_xpu_bool
op_extended,third_party.torch-xpu-ops.test.xpu.extended.test_ops_xpu.TestCommonXPU,test_compare_cpu_scatter_reduce_prod_xpu_int8
op_extended,third_party.torch-xpu-ops.test.xpu.extended.test_ops_xpu.TestCompositeComplianceXPU,test_operator_logspace_xpu_float32
op_extended,third_party.torch-xpu-ops.test.xpu.extended.test_ops_xpu.TestCommonXPU,test_compare_cpu_fft_ifft_xpu_uint8
op_extended,third_party.torch-xpu-ops.test.xpu.extended.test_ops_xpu.TestCommonXPU,test_compare_cpu_bitwise_not_xpu_int8
op_extended,third_party.torch-xpu-ops.test.xpu.extended.test_ops_xpu.TestCompositeComplianceXPU,test_backward_nn_functional_pad_circular_xpu_float32
op_extended,third_party.torch-xpu-ops.test.xpu.extended.test_ops_xpu.TestCommonXPU,test_compare_cpu_nn_functional_pad_reflect_xpu_int16
op_extended,third_party.torch-xpu-ops.test.xpu.extended.test_ops_xpu.TestCommonXPU,test_non_standard_bool_values_fft_ihfftn_xpu_bool
op_extended,third_party.torch-xpu-ops.test.xpu.extended.test_ops_xpu.TestCommonXPU,test_compare_cpu_logical_xor_xpu_int8
op_extended,third_party.torch-xpu-ops.test.xpu.extended.test_ops_xpu.TestCommonXPU,test_compare_cpu_scatter_reduce_prod_xpu_uint8
op_extended,third_party.torch-xpu-ops.test.xpu.extended.test_ops_xpu.TestCompositeComplianceXPU,test_operator_lt_xpu_float32
op_extended,third_party.torch-xpu-ops.test.xpu.extended.test_ops_xpu.TestCommonXPU,test_compare_cpu_bitwise_not_xpu_uint8
op_extended,third_party.torch-xpu-ops.test.xpu.extended.test_ops_xpu.TestCommonXPU,test_compare_cpu_fft_ifftn_xpu_bool
op_extended,third_party.torch-xpu-ops.test.xpu.extended.test_ops_xpu.TestCommonXPU,test_compare_cpu_nn_functional_pad_reflect_xpu_int32
op_extended,third_party.torch-xpu-ops.test.xpu.extended.test_ops_xpu.TestCommonXPU,test_non_standard_bool_values_fft_irfft2_xpu_bool
op_extended,third_party.torch-xpu-ops.test.xpu.extended.test_ops_xpu.TestCompositeComplianceXPU,test_backward_nn_functional_pad_constant_xpu_float32
op_extended,third_party.torch-xpu-ops.test.xpu.extended.test_ops_xpu.TestCommonXPU,test_compare_cpu_scatter_reduce_sum_xpu_bfloat16
op_extended,third_party.torch-xpu-ops.test.xpu.extended.test_ops_xpu.TestCompositeComplianceXPU,test_operator_masked_fill_xpu_float32
op_extended,third_party.torch-xpu-ops.test.xpu.extended.test_ops_xpu.TestCommonXPU,test_compare_cpu_logical_xor_xpu_uint8
op_extended,third_party.torch-xpu-ops.test.xpu.extended.test_ops_xpu.TestCommonXPU,test_compare_cpu_fft_ifftn_xpu_complex128
op_extended,third_party.torch-xpu-ops.test.xpu.extended.test_ops_xpu.TestCommonXPU,test_compare_cpu_nn_functional_pad_reflect_xpu_int64
op_extended,third_party.torch-xpu-ops.test.xpu.extended.test_ops_xpu.TestCommonXPU,test_non_standard_bool_values_fft_irfft_xpu_bool
op_extended,third_party.torch-xpu-ops.test.xpu.extended.test_ops_xpu.TestCommonXPU,test_compare_cpu_bitwise_or_xpu_bool
op_extended,third_party.torch-xpu-ops.test.xpu.extended.test_ops_xpu.TestCommonXPU,test_compare_cpu_scatter_reduce_sum_xpu_bool
op_extended,third_party.torch-xpu-ops.test.xpu.extended.test_ops_xpu.TestCompositeComplianceXPU,test_backward_nn_functional_pad_reflect_xpu_float32
op_extended,third_party.torch-xpu-ops.test.xpu.extended.test_ops_xpu.TestCompositeComplianceXPU,test_operator_masked_scatter_xpu_float32
op_extended,third_party.torch-xpu-ops.test.xpu.extended.test_ops_xpu.TestCommonXPU,test_compare_cpu_fft_ifftn_xpu_complex64
op_extended,third_party.torch-xpu-ops.test.xpu.extended.test_ops_xpu.TestCommonXPU,test_compare_cpu_nn_functional_pad_reflect_xpu_int8
op_extended,third_party.torch-xpu-ops.test.xpu.extended.test_ops_xpu.TestCommonXPU,test_non_standard_bool_values_fft_irfftn_xpu_bool
op_extended,third_party.torch-xpu-ops.test.xpu.extended.test_ops_xpu.TestCommonXPU,test_compare_cpu_logit_xpu_bfloat16
op_extended,third_party.torch-xpu-ops.test.xpu.extended.test_ops_xpu.TestCompositeComplianceXPU,test_backward_nn_functional_pad_replicate_negative_xpu_float32
op_extended,third_party.torch-xpu-ops.test.xpu.extended.test_ops_xpu.TestCompositeComplianceXPU,test_operator_masked_select_xpu_float32
op_extended,third_party.torch-xpu-ops.test.xpu.extended.test_ops_xpu.TestCommonXPU,test_compare_cpu_nn_functional_pad_reflect_xpu_uint8
op_extended,third_party.torch-xpu-ops.test.xpu.extended.test_ops_xpu.TestCommonXPU,test_compare_cpu_fft_ifftn_xpu_float32
op_extended,third_party.torch-xpu-ops.test.xpu.extended.test_ops_xpu.TestCommonXPU,test_non_standard_bool_values_fft_rfft2_xpu_bool
op_extended,third_party.torch-xpu-ops.test.xpu.extended.test_ops_xpu.TestCommonXPU,test_compare_cpu_scatter_reduce_sum_xpu_float16
op_extended,third_party.torch-xpu-ops.test.xpu.extended.test_ops_xpu.TestCompositeComplianceXPU,test_operator_max_binary_xpu_float32
op_extended,third_party.torch-xpu-ops.test.xpu.extended.test_ops_xpu.TestCommonXPU,test_compare_cpu_nn_functional_pad_replicate_negative_xpu_bfloat16
op_extended,third_party.torch-xpu-ops.test.xpu.extended.test_ops_xpu.TestCompositeComplianceXPU,test_backward_nn_functional_pad_replicate_xpu_float32
op_extended,third_party.torch-xpu-ops.test.xpu.extended.test_ops_xpu.TestCommonXPU,test_compare_cpu_fft_ifftn_xpu_float64
op_extended,third_party.torch-xpu-ops.test.xpu.extended.test_ops_xpu.TestCommonXPU,test_non_standard_bool_values_fft_rfft_xpu_bool
op_extended,third_party.torch-xpu-ops.test.xpu.extended.test_ops_xpu.TestCommonXPU,test_compare_cpu_scatter_reduce_sum_xpu_float32
op_extended,third_party.torch-xpu-ops.test.xpu.extended.test_ops_xpu.TestCommonXPU,test_compare_cpu_bitwise_or_xpu_int16
op_extended,third_party.torch-xpu-ops.test.xpu.extended.test_ops_xpu.TestCommonXPU,test_compare_cpu_logit_xpu_bool
op_extended,third_party.torch-xpu-ops.test.xpu.extended.test_ops_xpu.TestCompositeComplianceXPU,test_backward_nn_functional_pdist_xpu_float32
op_extended,third_party.torch-xpu-ops.test.xpu.extended.test_ops_xpu.TestCommonXPU,test_compare_cpu_nn_functional_pad_replicate_negative_xpu_complex128
op_extended,third_party.torch-xpu-ops.test.xpu.extended.test_ops_xpu.TestCommonXPU,test_compare_cpu_fft_ifftn_xpu_int16
op_extended,third_party.torch-xpu-ops.test.xpu.extended.test_ops_xpu.TestCommonXPU,test_non_standard_bool_values_fft_rfftn_xpu_bool
op_extended,third_party.torch-xpu-ops.test.xpu.extended.test_ops_xpu.TestCommonXPU,test_compare_cpu_scatter_reduce_sum_xpu_float64
op_extended,third_party.torch-xpu-ops.test.xpu.extended.test_ops_xpu.TestCommonXPU,test_compare_cpu_bitwise_or_xpu_int32
op_extended,third_party.torch-xpu-ops.test.xpu.extended.test_ops_xpu.TestCommonXPU,test_compare_cpu_nn_functional_pad_replicate_negative_xpu_complex64
op_extended,third_party.torch-xpu-ops.test.xpu.extended.test_ops_xpu.TestCommonXPU,test_compare_cpu_fft_ifftn_xpu_int32
op_extended,third_party.torch-xpu-ops.test.xpu.extended.test_ops_xpu.TestCommonXPU,test_non_standard_bool_values_fill_xpu_bool
op_extended,third_party.torch-xpu-ops.test.xpu.extended.test_ops_xpu.TestCommonXPU,test_compare_cpu_scatter_reduce_sum_xpu_int16
op_extended,third_party.torch-xpu-ops.test.xpu.extended.test_ops_xpu.TestCommonXPU,test_compare_cpu_logit_xpu_float16
op_extended,third_party.torch-xpu-ops.test.xpu.extended.test_ops_xpu.TestCommonXPU,test_compare_cpu_nn_functional_pad_replicate_negative_xpu_float16
op_extended,third_party.torch-xpu-ops.test.xpu.extended.test_ops_xpu.TestCompositeComplianceXPU,test_backward_nn_functional_prelu_xpu_float32
op_extended,third_party.torch-xpu-ops.test.xpu.extended.test_ops_xpu.TestCommonXPU,test_compare_cpu_fft_ifftn_xpu_int64
op_extended,third_party.torch-xpu-ops.test.xpu.extended.test_ops_xpu.TestCommonXPU,test_non_standard_bool_values_flip_xpu_bool
op_extended,third_party.torch-xpu-ops.test.xpu.extended.test_ops_xpu.TestCommonXPU,test_compare_cpu_bitwise_or_xpu_int64
op_extended,third_party.torch-xpu-ops.test.xpu.extended.test_ops_xpu.TestCommonXPU,test_compare_cpu_scatter_reduce_sum_xpu_int32
op_extended,third_party.torch-xpu-ops.test.xpu.extended.test_ops_xpu.TestCommonXPU,test_compare_cpu_logit_xpu_float32
op_extended,third_party.torch-xpu-ops.test.xpu.extended.test_ops_xpu.TestCommonXPU,test_compare_cpu_nn_functional_pad_replicate_negative_xpu_float32
op_extended,third_party.torch-xpu-ops.test.xpu.extended.test_ops_xpu.TestCommonXPU,test_compare_cpu_fft_ifftn_xpu_int8
op_extended,third_party.torch-xpu-ops.test.xpu.extended.test_ops_xpu.TestCommonXPU,test_non_standard_bool_values_fmax_xpu_bool
op_extended,third_party.torch-xpu-ops.test.xpu.extended.test_ops_xpu.TestCompositeComplianceXPU,test_backward_nn_functional_rrelu_xpu_float32
op_extended,third_party.torch-xpu-ops.test.xpu.extended.test_ops_xpu.TestCommonXPU,test_compare_cpu_scatter_reduce_sum_xpu_int64
op_extended,third_party.torch-xpu-ops.test.xpu.extended.test_ops_xpu.TestCommonXPU,test_compare_cpu_nn_functional_pad_replicate_negative_xpu_float64
op_extended,third_party.torch-xpu-ops.test.xpu.extended.test_ops_xpu.TestCommonXPU,test_compare_cpu_bitwise_or_xpu_int8
op_extended,third_party.torch-xpu-ops.test.xpu.extended.test_ops_xpu.TestCommonXPU,test_non_standard_bool_values_fmin_xpu_bool
op_extended,third_party.torch-xpu-ops.test.xpu.extended.test_ops_xpu.TestCommonXPU,test_compare_cpu_fft_ifftn_xpu_uint8
op_extended,third_party.torch-xpu-ops.test.xpu.extended.test_ops_xpu.TestCompositeComplianceXPU,test_backward_nn_functional_silu_xpu_float32
op_extended,third_party.torch-xpu-ops.test.xpu.extended.test_ops_xpu.TestCommonXPU,test_compare_cpu_logit_xpu_float64
op_extended,third_party.torch-xpu-ops.test.xpu.extended.test_ops_xpu.TestCommonXPU,test_compare_cpu_scatter_reduce_sum_xpu_int8
op_extended,third_party.torch-xpu-ops.test.xpu.extended.test_ops_xpu.TestCommonXPU,test_compare_cpu_nn_functional_pad_replicate_negative_xpu_int16
op_extended,third_party.torch-xpu-ops.test.xpu.extended.test_ops_xpu.TestCommonXPU,test_compare_cpu_fft_ifftshift_xpu_bfloat16
op_extended,third_party.torch-xpu-ops.test.xpu.extended.test_ops_xpu.TestCommonXPU,test_compare_cpu_bitwise_or_xpu_uint8
op_extended,third_party.torch-xpu-ops.test.xpu.extended.test_ops_xpu.TestCommonXPU,test_non_standard_bool_values_gather_xpu_bool
op_extended,third_party.torch-xpu-ops.test.xpu.extended.test_ops_xpu.TestCompositeComplianceXPU,test_backward_nn_functional_smooth_l1_loss_xpu_float32
op_extended,third_party.torch-xpu-ops.test.xpu.extended.test_ops_xpu.TestCommonXPU,test_compare_cpu_scatter_reduce_sum_xpu_uint8
op_extended,third_party.torch-xpu-ops.test.xpu.extended.test_ops_xpu.TestCommonXPU,test_compare_cpu_nn_functional_pad_replicate_negative_xpu_int32
op_extended,third_party.torch-xpu-ops.test.xpu.extended.test_ops_xpu.TestCommonXPU,test_compare_cpu_logit_xpu_int16
op_extended,third_party.torch-xpu-ops.test.xpu.extended.test_ops_xpu.TestCommonXPU,test_compare_cpu_fft_ifftshift_xpu_bool
op_extended,third_party.torch-xpu-ops.test.xpu.extended.test_ops_xpu.TestCommonXPU,test_non_standard_bool_values_ge_xpu_bool
op_extended,third_party.torch-xpu-ops.test.xpu.extended.test_ops_xpu.TestCompositeComplianceXPU,test_backward_nn_functional_softplus_xpu_float32
op_extended,third_party.torch-xpu-ops.test.xpu.extended.test_ops_xpu.TestCommonXPU,test_compare_cpu_nn_functional_pad_replicate_negative_xpu_int64
op_extended,third_party.torch-xpu-ops.test.xpu.extended.test_ops_xpu.TestCommonXPU,test_compare_cpu_scatter_xpu_bfloat16
op_extended,third_party.torch-xpu-ops.test.xpu.extended.test_ops_xpu.TestCommonXPU,test_compare_cpu_fft_ifftshift_xpu_complex128
op_extended,third_party.torch-xpu-ops.test.xpu.extended.test_ops_xpu.TestCommonXPU,test_compare_cpu_logit_xpu_int32
op_extended,third_party.torch-xpu-ops.test.xpu.extended.test_ops_xpu.TestCommonXPU,test_non_standard_bool_values_gt_xpu_bool
op_extended,third_party.torch-xpu-ops.test.xpu.extended.test_ops_xpu.TestCommonXPU,test_compare_cpu_nn_functional_pad_replicate_negative_xpu_int8
op_extended,third_party.torch-xpu-ops.test.xpu.extended.test_ops_xpu.TestCompositeComplianceXPU,test_backward_nn_functional_softshrink_xpu_float32
op_extended,third_party.torch-xpu-ops.test.xpu.extended.test_ops_xpu.TestCommonXPU,test_compare_cpu_scatter_xpu_bool
op_extended,third_party.torch-xpu-ops.test.xpu.extended.test_ops_xpu.TestCommonXPU,test_compare_cpu_fft_ifftshift_xpu_complex64
op_extended,third_party.torch-xpu-ops.test.xpu.extended.test_ops_xpu.TestCommonXPU,test_compare_cpu_logit_xpu_int64
op_extended,third_party.torch-xpu-ops.test.xpu.extended.test_ops_xpu.TestCommonXPU,test_compare_cpu_nn_functional_pad_replicate_negative_xpu_uint8
op_extended,third_party.torch-xpu-ops.test.xpu.extended.test_ops_xpu.TestCommonXPU,test_non_standard_bool_values_heaviside_xpu_bool
op_extended,third_party.torch-xpu-ops.test.xpu.extended.test_ops_xpu.TestCompositeComplianceXPU,test_backward_nn_functional_threshold_xpu_float32
op_extended,third_party.torch-xpu-ops.test.xpu.extended.test_ops_xpu.TestCommonXPU,test_compare_cpu_scatter_xpu_complex128
op_extended,third_party.torch-xpu-ops.test.xpu.extended.test_ops_xpu.TestCommonXPU,test_compare_cpu_fft_ifftshift_xpu_float16
op_extended,third_party.torch-xpu-ops.test.xpu.extended.test_ops_xpu.TestCommonXPU,test_compare_cpu_nn_functional_pad_replicate_xpu_bfloat16
op_extended,third_party.torch-xpu-ops.test.xpu.extended.test_ops_xpu.TestCommonXPU,test_compare_cpu_logit_xpu_int8
op_extended,third_party.torch-xpu-ops.test.xpu.extended.test_ops_xpu.TestCommonXPU,test_non_standard_bool_values_i0_xpu_bool
op_extended,third_party.torch-xpu-ops.test.xpu.extended.test_ops_xpu.TestCommonXPU,test_compare_cpu_fft_ifftshift_xpu_float32
op_extended,third_party.torch-xpu-ops.test.xpu.extended.test_ops_xpu.TestCommonXPU,test_compare_cpu_scatter_xpu_complex64
op_extended,third_party.torch-xpu-ops.test.xpu.extended.test_ops_xpu.TestCommonXPU,test_compare_cpu_bitwise_xor_xpu_bool
op_extended,third_party.torch-xpu-ops.test.xpu.extended.test_ops_xpu.TestCommonXPU,test_non_standard_bool_values_index_add_xpu_bool
op_extended,third_party.torch-xpu-ops.test.xpu.extended.test_ops_xpu.TestCommonXPU,test_compare_cpu_nn_functional_pad_replicate_xpu_complex128
op_extended,third_party.torch-xpu-ops.test.xpu.extended.test_ops_xpu.TestCommonXPU,test_compare_cpu_fft_ifftshift_xpu_float64
op_extended,third_party.torch-xpu-ops.test.xpu.extended.test_ops_xpu.TestCommonXPU,test_compare_cpu_logit_xpu_uint8
op_extended,third_party.torch-xpu-ops.test.xpu.extended.test_ops_xpu.TestCommonXPU,test_compare_cpu_scatter_xpu_float16
op_extended,third_party.torch-xpu-ops.test.xpu.extended.test_ops_xpu.TestCommonXPU,test_non_standard_bool_values_index_copy_xpu_bool
op_extended,third_party.torch-xpu-ops.test.xpu.extended.test_ops_xpu.TestCommonXPU,test_compare_cpu_nn_functional_pad_replicate_xpu_complex64
op_extended,third_party.torch-xpu-ops.test.xpu.extended.test_ops_xpu.TestCommonXPU,test_compare_cpu_fft_ifftshift_xpu_int16
op_extended,third_party.torch-xpu-ops.test.xpu.extended.test_ops_xpu.TestCommonXPU,test_compare_cpu_scatter_xpu_float32
op_extended,third_party.torch-xpu-ops.test.xpu.extended.test_ops_xpu.TestCompositeComplianceXPU,test_backward_nn_functional_unfold_xpu_float32
op_extended,third_party.torch-xpu-ops.test.xpu.extended.test_ops_xpu.TestCommonXPU,test_non_standard_bool_values_index_fill_xpu_bool
op_extended,third_party.torch-xpu-ops.test.xpu.extended.test_ops_xpu.TestCommonXPU,test_compare_cpu_nn_functional_pad_replicate_xpu_float16
op_extended,third_party.torch-xpu-ops.test.xpu.extended.test_ops_xpu.TestCommonXPU,test_compare_cpu_fft_ifftshift_xpu_int32
op_extended,third_party.torch-xpu-ops.test.xpu.extended.test_ops_xpu.TestCommonXPU,test_compare_cpu_scatter_xpu_float64
op_extended,third_party.torch-xpu-ops.test.xpu.extended.test_ops_xpu.TestCompositeComplianceXPU,test_backward_nn_functional_upsample_bilinear_xpu_float32
op_extended,third_party.torch-xpu-ops.test.xpu.extended.test_ops_xpu.TestCommonXPU,test_compare_cpu_bitwise_xor_xpu_int16
op_extended,third_party.torch-xpu-ops.test.xpu.extended.test_ops_xpu.TestCommonXPU,test_compare_cpu_nn_functional_pad_replicate_xpu_float32
op_extended,third_party.torch-xpu-ops.test.xpu.extended.test_ops_xpu.TestCommonXPU,test_compare_cpu_fft_ifftshift_xpu_int64
op_extended,third_party.torch-xpu-ops.test.xpu.extended.test_ops_xpu.TestCommonXPU,test_compare_cpu_scatter_xpu_int16
op_extended,third_party.torch-xpu-ops.test.xpu.extended.test_ops_xpu.TestCompositeComplianceXPU,test_backward_nn_functional_upsample_nearest_xpu_float32
op_extended,third_party.torch-xpu-ops.test.xpu.extended.test_ops_xpu.TestCommonXPU,test_non_standard_bool_values_index_put_xpu_bool
op_extended,third_party.torch-xpu-ops.test.xpu.extended.test_ops_xpu.TestCommonXPU,test_compare_cpu_nn_functional_pad_replicate_xpu_float64
op_extended,third_party.torch-xpu-ops.test.xpu.extended.test_ops_xpu.TestCommonXPU,test_compare_cpu_fft_ifftshift_xpu_int8
op_extended,third_party.torch-xpu-ops.test.xpu.extended.test_ops_xpu.TestCommonXPU,test_compare_cpu_bitwise_xor_xpu_int32
op_extended,third_party.torch-xpu-ops.test.xpu.extended.test_ops_xpu.TestCommonXPU,test_compare_cpu_scatter_xpu_int32
op_extended,third_party.torch-xpu-ops.test.xpu.extended.test_ops_xpu.TestCommonXPU,test_non_standard_bool_values_index_select_xpu_bool
op_extended,third_party.torch-xpu-ops.test.xpu.extended.test_ops_xpu.TestCommonXPU,test_compare_cpu_nn_functional_pad_replicate_xpu_int16
op_extended,third_party.torch-xpu-ops.test.xpu.extended.test_ops_xpu.TestCommonXPU,test_compare_cpu_fft_ifftshift_xpu_uint8
op_extended,third_party.torch-xpu-ops.test.xpu.extended.test_ops_xpu.TestCommonXPU,test_compare_cpu_scatter_xpu_int64
op_extended,third_party.torch-xpu-ops.test.xpu.extended.test_ops_xpu.TestCommonXPU,test_compare_cpu_bitwise_xor_xpu_int64
op_extended,third_party.torch-xpu-ops.test.xpu.extended.test_ops_xpu.TestCommonXPU,test_non_standard_bool_values_isnan_xpu_bool
op_extended,third_party.torch-xpu-ops.test.xpu.extended.test_ops_xpu.TestCommonXPU,test_compare_cpu_nn_functional_pad_replicate_xpu_int32
op_extended,third_party.torch-xpu-ops.test.xpu.extended.test_ops_xpu.TestCommonXPU,test_compare_cpu_logspace_tensor_overload_xpu_bfloat16
op_extended,third_party.torch-xpu-ops.test.xpu.extended.test_ops_xpu.TestCompositeComplianceXPU,test_backward_norm_fro_xpu_float32
op_extended,third_party.torch-xpu-ops.test.xpu.extended.test_ops_xpu.TestCommonXPU,test_compare_cpu_fft_ihfft2_xpu_bool
op_extended,third_party.torch-xpu-ops.test.xpu.extended.test_ops_xpu.TestCommonXPU,test_compare_cpu_scatter_xpu_int8
op_extended,third_party.torch-xpu-ops.test.xpu.extended.test_ops_xpu.TestCommonXPU,test_non_standard_bool_values_isneginf_xpu_bool
op_extended,third_party.torch-xpu-ops.test.xpu.extended.test_ops_xpu.TestCommonXPU,test_compare_cpu_nn_functional_pad_replicate_xpu_int64
op_extended,third_party.torch-xpu-ops.test.xpu.extended.test_ops_xpu.TestCommonXPU,test_compare_cpu_bitwise_xor_xpu_int8
op_extended,third_party.torch-xpu-ops.test.xpu.extended.test_ops_xpu.TestCommonXPU,test_non_standard_bool_values_isposinf_xpu_bool
op_extended,third_party.torch-xpu-ops.test.xpu.extended.test_ops_xpu.TestCommonXPU,test_compare_cpu_scatter_xpu_uint8
op_extended,third_party.torch-xpu-ops.test.xpu.extended.test_ops_xpu.TestCommonXPU,test_compare_cpu_nn_functional_pad_replicate_xpu_int8
op_extended,third_party.torch-xpu-ops.test.xpu.extended.test_ops_xpu.TestCommonXPU,test_compare_cpu_fft_ihfft2_xpu_float32
op_extended,third_party.torch-xpu-ops.test.xpu.extended.test_ops_xpu.TestCommonXPU,test_compare_cpu_bitwise_xor_xpu_uint8
op_extended,third_party.torch-xpu-ops.test.xpu.extended.test_ops_xpu.TestCommonXPU,test_non_standard_bool_values_le_xpu_bool
op_extended,third_party.torch-xpu-ops.test.xpu.extended.test_ops_xpu.TestCommonXPU,test_compare_cpu_nn_functional_pad_replicate_xpu_uint8
op_extended,third_party.torch-xpu-ops.test.xpu.extended.test_ops_xpu.TestCompositeComplianceXPU,test_backward_norm_inf_xpu_float32
op_extended,third_party.torch-xpu-ops.test.xpu.extended.test_ops_xpu.TestCommonXPU,test_compare_cpu_bucketize_xpu_bfloat16
op_extended,third_party.torch-xpu-ops.test.xpu.extended.test_ops_xpu.TestCommonXPU,test_non_standard_bool_values_lgamma_xpu_bool
op_extended,third_party.torch-xpu-ops.test.xpu.extended.test_ops_xpu.TestCommonXPU,test_compare_cpu_searchsorted_xpu_bfloat16
op_extended,third_party.torch-xpu-ops.test.xpu.extended.test_ops_xpu.TestCompositeComplianceXPU,test_backward_norm_nuc_xpu_float32
op_extended,third_party.torch-xpu-ops.test.xpu.extended.test_ops_xpu.TestCommonXPU,test_non_standard_bool_values_log10_xpu_bool
op_extended,third_party.torch-xpu-ops.test.xpu.extended.test_ops_xpu.TestCommonXPU,test_compare_cpu_nn_functional_pdist_xpu_float32
op_extended,third_party.torch-xpu-ops.test.xpu.extended.test_ops_xpu.TestCommonXPU,test_compare_cpu_bucketize_xpu_float16
op_extended,third_party.torch-xpu-ops.test.xpu.extended.test_ops_xpu.TestCommonXPU,test_non_standard_bool_values_log1p_xpu_bool
op_extended,third_party.torch-xpu-ops.test.xpu.extended.test_ops_xpu.TestCommonXPU,test_compare_cpu_nn_functional_pdist_xpu_float64
op_extended,third_party.torch-xpu-ops.test.xpu.extended.test_ops_xpu.TestCommonXPU,test_compare_cpu_logspace_tensor_overload_xpu_complex128
op_extended,third_party.torch-xpu-ops.test.xpu.extended.test_ops_xpu.TestCompositeComplianceXPU,test_backward_norm_xpu_float32
op_extended,third_party.torch-xpu-ops.test.xpu.extended.test_ops_xpu.TestCommonXPU,test_non_standard_bool_values_log2_xpu_bool
op_extended,third_party.torch-xpu-ops.test.xpu.extended.test_ops_xpu.TestCommonXPU,test_compare_cpu_bucketize_xpu_float32
op_extended,third_party.torch-xpu-ops.test.xpu.extended.test_ops_xpu.TestCommonXPU,test_compare_cpu_searchsorted_xpu_float16
op_extended,third_party.torch-xpu-ops.test.xpu.extended.test_ops_xpu.TestCompositeComplianceXPU,test_operator_max_pool2d_with_indices_backward_xpu_float32
op_extended,third_party.torch-xpu-ops.test.xpu.extended.test_ops_xpu.TestCommonXPU,test_non_standard_bool_values_log_softmax_with_dtype_xpu_bool
op_extended,third_party.torch-xpu-ops.test.xpu.extended.test_ops_xpu.TestCommonXPU,test_compare_cpu_bucketize_xpu_float64
op_extended,third_party.torch-xpu-ops.test.xpu.extended.test_ops_xpu.TestCompositeComplianceXPU,test_backward_normal_xpu_float32
op_extended,third_party.torch-xpu-ops.test.xpu.extended.test_ops_xpu.TestCompositeComplianceXPU,test_operator_max_reduction_no_dim_xpu_float32
op_extended,third_party.torch-xpu-ops.test.xpu.extended.test_ops_xpu.TestCommonXPU,test_non_standard_bool_values_log_xpu_bool
op_extended,third_party.torch-xpu-ops.test.xpu.extended.test_ops_xpu.TestCommonXPU,test_compare_cpu_nn_functional_prelu_xpu_bfloat16
op_extended,third_party.torch-xpu-ops.test.xpu.extended.test_ops_xpu.TestCommonXPU,test_compare_cpu_bucketize_xpu_int16
op_extended,third_party.torch-xpu-ops.test.xpu.extended.test_ops_xpu.TestCommonXPU,test_compare_cpu_searchsorted_xpu_float32
op_extended,third_party.torch-xpu-ops.test.xpu.extended.test_ops_xpu.TestCommonXPU,test_compare_cpu_fft_ihfft2_xpu_float64
op_extended,third_party.torch-xpu-ops.test.xpu.extended.test_ops_xpu.TestCompositeComplianceXPU,test_operator_max_reduction_with_dim_xpu_float32
op_extended,third_party.torch-xpu-ops.test.xpu.extended.test_ops_xpu.TestCommonXPU,test_compare_cpu_bucketize_xpu_int32
op_extended,third_party.torch-xpu-ops.test.xpu.extended.test_ops_xpu.TestCompositeComplianceXPU,test_backward_polar_xpu_float32
op_extended,third_party.torch-xpu-ops.test.xpu.extended.test_ops_xpu.TestCommonXPU,test_non_standard_bool_values_logical_and_xpu_bool
op_extended,third_party.torch-xpu-ops.test.xpu.extended.test_ops_xpu.TestCommonXPU,test_compare_cpu_fft_ihfft2_xpu_int16
op_extended,third_party.torch-xpu-ops.test.xpu.extended.test_ops_xpu.TestCompositeComplianceXPU,test_operator_maximum_xpu_float32
op_extended,third_party.torch-xpu-ops.test.xpu.extended.test_ops_xpu.TestCommonXPU,test_compare_cpu_nn_functional_prelu_xpu_float16
op_extended,third_party.torch-xpu-ops.test.xpu.extended.test_ops_xpu.TestCommonXPU,test_compare_cpu_bucketize_xpu_int64
op_extended,third_party.torch-xpu-ops.test.xpu.extended.test_ops_xpu.TestCommonXPU,test_non_standard_bool_values_logical_not_xpu_bool
op_extended,third_party.torch-xpu-ops.test.xpu.extended.test_ops_xpu.TestCommonXPU,test_compare_cpu_fft_ihfft2_xpu_int32
op_extended,third_party.torch-xpu-ops.test.xpu.extended.test_ops_xpu.TestCommonXPU,test_compare_cpu_searchsorted_xpu_float64
op_extended,third_party.torch-xpu-ops.test.xpu.extended.test_ops_xpu.TestCompositeComplianceXPU,test_operator_median_xpu_float32
op_extended,third_party.torch-xpu-ops.test.xpu.extended.test_ops_xpu.TestCompositeComplianceXPU,test_backward_polygamma_polygamma_n_0_xpu_float32
op_extended,third_party.torch-xpu-ops.test.xpu.extended.test_ops_xpu.TestCommonXPU,test_compare_cpu_logspace_tensor_overload_xpu_complex64
op_extended,third_party.torch-xpu-ops.test.xpu.extended.test_ops_xpu.TestCommonXPU,test_non_standard_bool_values_logical_or_xpu_bool
op_extended,third_party.torch-xpu-ops.test.xpu.extended.test_ops_xpu.TestCommonXPU,test_compare_cpu_bucketize_xpu_int8
op_extended,third_party.torch-xpu-ops.test.xpu.extended.test_ops_xpu.TestCommonXPU,test_compare_cpu_fft_ihfft2_xpu_int64
op_extended,third_party.torch-xpu-ops.test.xpu.extended.test_ops_xpu.TestCommonXPU,test_compare_cpu_nn_functional_prelu_xpu_float32
op_extended,third_party.torch-xpu-ops.test.xpu.extended.test_ops_xpu.TestCompositeComplianceXPU,test_operator_min_binary_xpu_float32
op_extended,third_party.torch-xpu-ops.test.xpu.extended.test_ops_xpu.TestCompositeComplianceXPU,test_backward_polygamma_polygamma_n_1_xpu_float32
op_extended,third_party.torch-xpu-ops.test.xpu.extended.test_ops_xpu.TestCommonXPU,test_non_standard_bool_values_logical_xor_xpu_bool
op_extended,third_party.torch-xpu-ops.test.xpu.extended.test_ops_xpu.TestCommonXPU,test_compare_cpu_fft_ihfft2_xpu_int8
op_extended,third_party.torch-xpu-ops.test.xpu.extended.test_ops_xpu.TestCommonXPU,test_compare_cpu_bucketize_xpu_uint8
op_extended,third_party.torch-xpu-ops.test.xpu.extended.test_ops_xpu.TestCommonXPU,test_compare_cpu_searchsorted_xpu_int16
op_extended,third_party.torch-xpu-ops.test.xpu.extended.test_ops_xpu.TestCompositeComplianceXPU,test_operator_min_reduction_no_dim_xpu_float32
op_extended,third_party.torch-xpu-ops.test.xpu.extended.test_ops_xpu.TestCommonXPU,test_compare_cpu_nn_functional_prelu_xpu_float64
op_extended,third_party.torch-xpu-ops.test.xpu.extended.test_ops_xpu.TestCommonXPU,test_non_standard_bool_values_logit_xpu_bool
op_extended,third_party.torch-xpu-ops.test.xpu.extended.test_ops_xpu.TestCompositeComplianceXPU,test_backward_polygamma_polygamma_n_2_xpu_float32
op_extended,third_party.torch-xpu-ops.test.xpu.extended.test_ops_xpu.TestCommonXPU,test_compare_cpu_fft_ihfft2_xpu_uint8
op_extended,third_party.torch-xpu-ops.test.xpu.extended.test_ops_xpu.TestCommonXPU,test_compare_cpu_cat_xpu_bfloat16
op_extended,third_party.torch-xpu-ops.test.xpu.extended.test_ops_xpu.TestCompositeComplianceXPU,test_operator_min_reduction_with_dim_xpu_float32
op_extended,third_party.torch-xpu-ops.test.xpu.extended.test_ops_xpu.TestCommonXPU,test_non_standard_bool_values_lt_xpu_bool
op_extended,third_party.torch-xpu-ops.test.xpu.extended.test_ops_xpu.TestCommonXPU,test_compare_cpu_cat_xpu_bool
op_extended,third_party.torch-xpu-ops.test.xpu.extended.test_ops_xpu.TestCompositeComplianceXPU,test_backward_polygamma_polygamma_n_3_xpu_float32
op_extended,third_party.torch-xpu-ops.test.xpu.extended.test_ops_xpu.TestCommonXPU,test_compare_cpu_searchsorted_xpu_int32
op_extended,third_party.torch-xpu-ops.test.xpu.extended.test_ops_xpu.TestCommonXPU,test_compare_cpu_fft_ihfft_xpu_bool
op_extended,third_party.torch-xpu-ops.test.xpu.extended.test_ops_xpu.TestCompositeComplianceXPU,test_operator_minimum_xpu_float32
op_extended,third_party.torch-xpu-ops.test.xpu.extended.test_ops_xpu.TestCommonXPU,test_non_standard_bool_values_masked_fill_xpu_bool
op_extended,third_party.torch-xpu-ops.test.xpu.extended.test_ops_xpu.TestCommonXPU,test_compare_cpu_cat_xpu_complex128
op_extended,third_party.torch-xpu-ops.test.xpu.extended.test_ops_xpu.TestCompositeComplianceXPU,test_backward_polygamma_polygamma_n_4_xpu_float32
op_extended,third_party.torch-xpu-ops.test.xpu.extended.test_ops_xpu.TestCompositeComplianceXPU,test_operator_mode_xpu_float32
op_extended,third_party.torch-xpu-ops.test.xpu.extended.test_ops_xpu.TestCommonXPU,test_non_standard_bool_values_masked_scatter_xpu_bool
op_extended,third_party.torch-xpu-ops.test.xpu.extended.test_ops_xpu.TestCommonXPU,test_compare_cpu_cat_xpu_complex64
op_extended,third_party.torch-xpu-ops.test.xpu.extended.test_ops_xpu.TestCommonXPU,test_compare_cpu_fft_ihfft_xpu_float32
op_extended,third_party.torch-xpu-ops.test.xpu.extended.test_ops_xpu.TestCommonXPU,test_compare_cpu_searchsorted_xpu_int64
op_extended,third_party.torch-xpu-ops.test.xpu.extended.test_ops_xpu.TestCommonXPU,test_compare_cpu_logspace_tensor_overload_xpu_float16
op_extended,third_party.torch-xpu-ops.test.xpu.extended.test_ops_xpu.TestCompositeComplianceXPU,test_operator_mul_xpu_float32
op_extended,third_party.torch-xpu-ops.test.xpu.extended.test_ops_xpu.TestCommonXPU,test_non_standard_bool_values_masked_select_xpu_bool
op_extended,third_party.torch-xpu-ops.test.xpu.extended.test_ops_xpu.TestCommonXPU,test_compare_cpu_cat_xpu_float16
op_extended,third_party.torch-xpu-ops.test.xpu.extended.test_ops_xpu.TestCompositeComplianceXPU,test_backward_pow_xpu_float32
op_extended,third_party.torch-xpu-ops.test.xpu.extended.test_ops_xpu.TestCompositeComplianceXPU,test_operator_nan_to_num_xpu_float32
op_extended,third_party.torch-xpu-ops.test.xpu.extended.test_ops_xpu.TestCommonXPU,test_non_standard_bool_values_max_binary_xpu_bool
op_extended,third_party.torch-xpu-ops.test.xpu.extended.test_ops_xpu.TestCompositeComplianceXPU,test_cow_input_roll_xpu_float32
op_extended,third_party.torch-xpu-ops.test.xpu.extended.test_ops_xpu.TestCommonXPU,test_compare_cpu_cat_xpu_float32
op_extended,third_party.torch-xpu-ops.test.xpu.extended.test_ops_xpu.TestCommonXPU,test_compare_cpu_searchsorted_xpu_int8
op_extended,third_party.torch-xpu-ops.test.xpu.extended.test_ops_xpu.TestCommonXPU,test_non_standard_bool_values_max_reduction_no_dim_xpu_bool
op_extended,third_party.torch-xpu-ops.test.xpu.extended.test_ops_xpu.TestCompositeComplianceXPU,test_cow_input_round_decimals_0_xpu_float32
op_extended,third_party.torch-xpu-ops.test.xpu.extended.test_ops_xpu.TestCommonXPU,test_compare_cpu_cat_xpu_float64
op_extended,third_party.torch-xpu-ops.test.xpu.extended.test_ops_xpu.TestCompositeComplianceXPU,test_backward_prod_xpu_float32
op_extended,third_party.torch-xpu-ops.test.xpu.extended.test_ops_xpu.TestCompositeComplianceXPU,test_operator_nanmean_xpu_float32
op_extended,third_party.torch-xpu-ops.test.xpu.extended.test_ops_xpu.TestCommonXPU,test_non_standard_bool_values_max_reduction_with_dim_xpu_bool
op_extended,third_party.torch-xpu-ops.test.xpu.extended.test_ops_xpu.TestCompositeComplianceXPU,test_cow_input_round_decimals_3_xpu_float32
op_extended,third_party.torch-xpu-ops.test.xpu.extended.test_ops_xpu.TestCommonXPU,test_compare_cpu_cat_xpu_int16
op_extended,third_party.torch-xpu-ops.test.xpu.extended.test_ops_xpu.TestCommonXPU,test_non_standard_bool_values_maximum_xpu_bool
op_extended,third_party.torch-xpu-ops.test.xpu.extended.test_ops_xpu.TestCompositeComplianceXPU,test_cow_input_round_decimals_neg_3_xpu_float32
op_extended,third_party.torch-xpu-ops.test.xpu.extended.test_ops_xpu.TestCompositeComplianceXPU,test_operator_nanmedian_xpu_float32
op_extended,third_party.torch-xpu-ops.test.xpu.extended.test_ops_xpu.TestCommonXPU,test_compare_cpu_searchsorted_xpu_uint8
op_extended,third_party.torch-xpu-ops.test.xpu.extended.test_ops_xpu.TestCommonXPU,test_compare_cpu_cat_xpu_int32
op_extended,third_party.torch-xpu-ops.test.xpu.extended.test_ops_xpu.TestCompositeComplianceXPU,test_cow_input_round_xpu_float32
op_extended,third_party.torch-xpu-ops.test.xpu.extended.test_ops_xpu.TestCommonXPU,test_non_standard_bool_values_min_binary_xpu_bool
op_extended,third_party.torch-xpu-ops.test.xpu.extended.test_ops_xpu.TestCommonXPU,test_compare_cpu_fft_ihfft_xpu_float64
op_extended,third_party.torch-xpu-ops.test.xpu.extended.test_ops_xpu.TestCommonXPU,test_compare_cpu_cat_xpu_int64
op_extended,third_party.torch-xpu-ops.test.xpu.extended.test_ops_xpu.TestCommonXPU,test_compare_cpu_sgn_xpu_bfloat16
op_extended,third_party.torch-xpu-ops.test.xpu.extended.test_ops_xpu.TestCompositeComplianceXPU,test_operator_nansum_xpu_float32
op_extended,third_party.torch-xpu-ops.test.xpu.extended.test_ops_xpu.TestCompositeComplianceXPU,test_backward_put_xpu_float32
op_extended,third_party.torch-xpu-ops.test.xpu.extended.test_ops_xpu.TestCommonXPU,test_compare_cpu_logspace_tensor_overload_xpu_float32
op_extended,third_party.torch-xpu-ops.test.xpu.extended.test_ops_xpu.TestCompositeComplianceXPU,test_cow_input_rsqrt_xpu_float32
op_extended,third_party.torch-xpu-ops.test.xpu.extended.test_ops_xpu.TestCommonXPU,test_non_standard_bool_values_min_reduction_no_dim_xpu_bool
op_extended,third_party.torch-xpu-ops.test.xpu.extended.test_ops_xpu.TestCommonXPU,test_compare_cpu_fft_ihfft_xpu_int16
op_extended,third_party.torch-xpu-ops.test.xpu.extended.test_ops_xpu.TestCommonXPU,test_compare_cpu_cat_xpu_int8
op_extended,third_party.torch-xpu-ops.test.xpu.extended.test_ops_xpu.TestCommonXPU,test_compare_cpu_sgn_xpu_bool
op_extended,third_party.torch-xpu-ops.test.xpu.extended.test_ops_xpu.TestCompositeComplianceXPU,test_backward_reciprocal_xpu_float32
op_extended,third_party.torch-xpu-ops.test.xpu.extended.test_ops_xpu.TestCommonXPU,test_non_standard_bool_values_min_reduction_with_dim_xpu_bool
op_extended,third_party.torch-xpu-ops.test.xpu.extended.test_ops_xpu.TestCommonXPU,test_compare_cpu_fft_ihfft_xpu_int32
op_extended,third_party.torch-xpu-ops.test.xpu.extended.test_ops_xpu.TestCommonXPU,test_compare_cpu_cat_xpu_uint8
op_extended,third_party.torch-xpu-ops.test.xpu.extended.test_ops_xpu.TestCompositeComplianceXPU,test_cow_input_scatter_reduce_amax_xpu_float32
op_extended,third_party.torch-xpu-ops.test.xpu.extended.test_ops_xpu.TestCompositeComplianceXPU,test_operator_native_batch_norm_xpu_float32
op_extended,third_party.torch-xpu-ops.test.xpu.extended.test_ops_xpu.TestCommonXPU,test_non_standard_bool_values_minimum_xpu_bool
op_extended,third_party.torch-xpu-ops.test.xpu.extended.test_ops_xpu.TestCommonXPU,test_compare_cpu_sgn_xpu_complex128
op_extended,third_party.torch-xpu-ops.test.xpu.extended.test_ops_xpu.TestCommonXPU,test_compare_cpu_fft_ihfft_xpu_int64
op_extended,third_party.torch-xpu-ops.test.xpu.extended.test_ops_xpu.TestCompositeComplianceXPU,test_cow_input_scatter_reduce_amin_xpu_float32
op_extended,third_party.torch-xpu-ops.test.xpu.extended.test_ops_xpu.TestCommonXPU,test_compare_cpu_fft_ihfft_xpu_int8
op_extended,third_party.torch-xpu-ops.test.xpu.extended.test_ops_xpu.TestCompositeComplianceXPU,test_operator_native_dropout_backward_xpu_float32
op_extended,third_party.torch-xpu-ops.test.xpu.extended.test_ops_xpu.TestCommonXPU,test_non_standard_bool_values_mode_xpu_bool
op_extended,third_party.torch-xpu-ops.test.xpu.extended.test_ops_xpu.TestCompositeComplianceXPU,test_backward_remainder_xpu_float32
op_extended,third_party.torch-xpu-ops.test.xpu.extended.test_ops_xpu.TestCommonXPU,test_compare_cpu_sgn_xpu_complex64
op_extended,third_party.torch-xpu-ops.test.xpu.extended.test_ops_xpu.TestCommonXPU,test_compare_cpu_fft_ihfft_xpu_uint8
op_extended,third_party.torch-xpu-ops.test.xpu.extended.test_ops_xpu.TestCommonXPU,test_non_standard_bool_values_mul_xpu_bool
op_extended,third_party.torch-xpu-ops.test.xpu.extended.test_ops_xpu.TestCompositeComplianceXPU,test_backward_renorm_xpu_float32
op_extended,third_party.torch-xpu-ops.test.xpu.extended.test_ops_xpu.TestCompositeComplianceXPU,test_operator_native_layer_norm_xpu_float32
op_extended,third_party.torch-xpu-ops.test.xpu.extended.test_ops_xpu.TestCommonXPU,test_non_standard_bool_values_nan_to_num_xpu_bool
op_extended,third_party.torch-xpu-ops.test.xpu.extended.test_ops_xpu.TestCommonXPU,test_compare_cpu_sgn_xpu_float16
op_extended,third_party.torch-xpu-ops.test.xpu.extended.test_ops_xpu.TestCommonXPU,test_compare_cpu_fft_ihfftn_xpu_bool
op_extended,third_party.torch-xpu-ops.test.xpu.extended.test_ops_xpu.TestCompositeComplianceXPU,test_cow_input_scatter_reduce_mean_xpu_float32
op_extended,third_party.torch-xpu-ops.test.xpu.extended.test_ops_xpu.TestCommonXPU,test_compare_cpu_logspace_tensor_overload_xpu_float64
op_extended,third_party.torch-xpu-ops.test.xpu.extended.test_ops_xpu.TestCompositeComplianceXPU,test_backward_repeat_interleave_xpu_float32
op_extended,third_party.torch-xpu-ops.test.xpu.extended.test_ops_xpu.TestCompositeComplianceXPU,test_operator_ne_xpu_float32
op_extended,third_party.torch-xpu-ops.test.xpu.extended.test_ops_xpu.TestCommonXPU,test_non_standard_bool_values_nansum_xpu_bool
op_extended,third_party.torch-xpu-ops.test.xpu.extended.test_ops_xpu.TestCommonXPU,test_compare_cpu_sgn_xpu_float32
op_extended,third_party.torch-xpu-ops.test.xpu.extended.test_ops_xpu.TestCompositeComplianceXPU,test_cow_input_scatter_reduce_prod_xpu_float32
op_extended,third_party.torch-xpu-ops.test.xpu.extended.test_ops_xpu.TestCompositeComplianceXPU,test_operator_neg_xpu_float32
op_extended,third_party.torch-xpu-ops.test.xpu.extended.test_ops_xpu.TestCompositeComplianceXPU,test_backward_reshape_xpu_float32
op_extended,third_party.torch-xpu-ops.test.xpu.extended.test_ops_xpu.TestCommonXPU,test_non_standard_bool_values_ne_xpu_bool
op_extended,third_party.torch-xpu-ops.test.xpu.extended.test_ops_xpu.TestCommonXPU,test_compare_cpu_fft_ihfftn_xpu_float32
op_extended,third_party.torch-xpu-ops.test.xpu.extended.test_ops_xpu.TestCommonXPU,test_compare_cpu_sgn_xpu_float64
op_extended,third_party.torch-xpu-ops.test.xpu.extended.test_ops_xpu.TestCompositeComplianceXPU,test_cow_input_scatter_reduce_sum_xpu_float32
op_extended,third_party.torch-xpu-ops.test.xpu.extended.test_ops_xpu.TestCompositeComplianceXPU,test_operator_nextafter_xpu_float32
op_extended,third_party.torch-xpu-ops.test.xpu.extended.test_ops_xpu.TestCompositeComplianceXPU,test_backward_roll_xpu_float32
op_extended,third_party.torch-xpu-ops.test.xpu.extended.test_ops_xpu.TestCommonXPU,test_non_standard_bool_values_nn_functional_channel_shuffle_xpu_bool
op_extended,third_party.torch-xpu-ops.test.xpu.extended.test_ops_xpu.TestCommonXPU,test_compare_cpu_fft_ihfftn_xpu_float64
op_extended,third_party.torch-xpu-ops.test.xpu.extended.test_ops_xpu.TestCommonXPU,test_compare_cpu_sgn_xpu_int16
op_extended,third_party.torch-xpu-ops.test.xpu.extended.test_ops_xpu.TestCompositeComplianceXPU,test_cow_input_scatter_xpu_float32
op_extended,third_party.torch-xpu-ops.test.xpu.extended.test_ops_xpu.TestCompositeComplianceXPU,test_operator_nn_functional_adaptive_avg_pool2d_xpu_float32
op_extended,third_party.torch-xpu-ops.test.xpu.extended.test_ops_xpu.TestCompositeComplianceXPU,test_backward_round_decimals_0_xpu_float32
op_extended,third_party.torch-xpu-ops.test.xpu.extended.test_ops_xpu.TestCommonXPU,test_non_standard_bool_values_nn_functional_pad_circular_xpu_bool
op_extended,third_party.torch-xpu-ops.test.xpu.extended.test_ops_xpu.TestCommonXPU,test_compare_cpu_cdist_xpu_float32
op_extended,third_party.torch-xpu-ops.test.xpu.extended.test_ops_xpu.TestCommonXPU,test_compare_cpu_fft_ihfftn_xpu_int16
op_extended,third_party.torch-xpu-ops.test.xpu.extended.test_ops_xpu.TestCommonXPU,test_compare_cpu_sgn_xpu_int32
op_extended,third_party.torch-xpu-ops.test.xpu.extended.test_ops_xpu.TestCompositeComplianceXPU,test_backward_round_decimals_3_xpu_float32
op_extended,third_party.torch-xpu-ops.test.xpu.extended.test_ops_xpu.TestCompositeComplianceXPU,test_operator_nn_functional_adaptive_avg_pool3d_xpu_float32
op_extended,third_party.torch-xpu-ops.test.xpu.extended.test_ops_xpu.TestCommonXPU,test_non_standard_bool_values_nn_functional_pad_constant_xpu_bool
op_extended,third_party.torch-xpu-ops.test.xpu.extended.test_ops_xpu.TestCommonXPU,test_compare_cpu_fft_ihfftn_xpu_int32
op_extended,third_party.torch-xpu-ops.test.xpu.extended.test_ops_xpu.TestCommonXPU,test_compare_cpu_sgn_xpu_int64
op_extended,third_party.torch-xpu-ops.test.xpu.extended.test_ops_xpu.TestCompositeComplianceXPU,test_backward_round_decimals_neg_3_xpu_float32
op_extended,third_party.torch-xpu-ops.test.xpu.extended.test_ops_xpu.TestCommonXPU,test_compare_cpu_logspace_tensor_overload_xpu_int16
op_extended,third_party.torch-xpu-ops.test.xpu.extended.test_ops_xpu.TestCompositeComplianceXPU,test_cow_input_searchsorted_xpu_float32
op_extended,third_party.torch-xpu-ops.test.xpu.extended.test_ops_xpu.TestCommonXPU,test_compare_cpu_fft_ihfftn_xpu_int64
op_extended,third_party.torch-xpu-ops.test.xpu.extended.test_ops_xpu.TestCompositeComplianceXPU,test_operator_nn_functional_adaptive_max_pool2d_xpu_float32
op_extended,third_party.torch-xpu-ops.test.xpu.extended.test_ops_xpu.TestCommonXPU,test_non_standard_bool_values_nn_functional_unfold_xpu_bool
op_extended,third_party.torch-xpu-ops.test.xpu.extended.test_ops_xpu.TestCompositeComplianceXPU,test_backward_round_xpu_float32
op_extended,third_party.torch-xpu-ops.test.xpu.extended.test_ops_xpu.TestCommonXPU,test_compare_cpu_sgn_xpu_int8
op_extended,third_party.torch-xpu-ops.test.xpu.extended.test_ops_xpu.TestCompositeComplianceXPU,test_cow_input_sgn_xpu_float32
op_extended,third_party.torch-xpu-ops.test.xpu.extended.test_ops_xpu.TestCommonXPU,test_compare_cpu_fft_ihfftn_xpu_int8
op_extended,third_party.torch-xpu-ops.test.xpu.extended.test_ops_xpu.TestCompositeComplianceXPU,test_operator_nn_functional_adaptive_max_pool3d_xpu_float32
op_extended,third_party.torch-xpu-ops.test.xpu.extended.test_ops_xpu.TestCommonXPU,test_compare_cpu_clamp_max_xpu_bfloat16
op_extended,third_party.torch-xpu-ops.test.xpu.extended.test_ops_xpu.TestCommonXPU,test_non_standard_bool_values_nonzero_xpu_bool
op_extended,third_party.torch-xpu-ops.test.xpu.extended.test_ops_xpu.TestCompositeComplianceXPU,test_backward_rsqrt_xpu_float32
op_extended,third_party.torch-xpu-ops.test.xpu.extended.test_ops_xpu.TestCommonXPU,test_compare_cpu_sgn_xpu_uint8
op_extended,third_party.torch-xpu-ops.test.xpu.extended.test_ops_xpu.TestCommonXPU,test_compare_cpu_fft_ihfftn_xpu_uint8
op_extended,third_party.torch-xpu-ops.test.xpu.extended.test_ops_xpu.TestCompositeComplianceXPU,test_operator_nn_functional_avg_pool1d_xpu_float32
op_extended,third_party.torch-xpu-ops.test.xpu.extended.test_ops_xpu.TestCompositeComplianceXPU,test_cow_input_sigmoid_xpu_float32
op_extended,third_party.torch-xpu-ops.test.xpu.extended.test_ops_xpu.TestCommonXPU,test_non_standard_bool_values_polygamma_polygamma_n_0_xpu_bool
op_extended,third_party.torch-xpu-ops.test.xpu.extended.test_ops_xpu.TestCommonXPU,test_compare_cpu_clamp_max_xpu_bool
op_extended,third_party.torch-xpu-ops.test.xpu.extended.test_ops_xpu.TestCompositeComplianceXPU,test_cow_input_sign_xpu_float32
op_extended,third_party.torch-xpu-ops.test.xpu.extended.test_ops_xpu.TestCommonXPU,test_compare_cpu_fft_irfft2_xpu_bool
op_extended,third_party.torch-xpu-ops.test.xpu.extended.test_ops_xpu.TestCompositeComplianceXPU,test_operator_nn_functional_avg_pool2d_xpu_float32
op_extended,third_party.torch-xpu-ops.test.xpu.extended.test_ops_xpu.TestCommonXPU,test_compare_cpu_sigmoid_xpu_bfloat16
op_extended,third_party.torch-xpu-ops.test.xpu.extended.test_ops_xpu.TestCompositeComplianceXPU,test_cow_input_signbit_xpu_float32
op_extended,third_party.torch-xpu-ops.test.xpu.extended.test_ops_xpu.TestCompositeComplianceXPU,test_operator_nn_functional_avg_pool3d_xpu_float32
op_extended,third_party.torch-xpu-ops.test.xpu.extended.test_ops_xpu.TestCommonXPU,test_non_standard_bool_values_prod_xpu_bool
op_extended,third_party.torch-xpu-ops.test.xpu.extended.test_ops_xpu.TestCommonXPU,test_compare_cpu_logspace_tensor_overload_xpu_int32
op_extended,third_party.torch-xpu-ops.test.xpu.extended.test_ops_xpu.TestCompositeComplianceXPU,test_cow_input_sin_xpu_float32
op_extended,third_party.torch-xpu-ops.test.xpu.extended.test_ops_xpu.TestCommonXPU,test_compare_cpu_clamp_max_xpu_float16
op_extended,third_party.torch-xpu-ops.test.xpu.extended.test_ops_xpu.TestCommonXPU,test_compare_cpu_sigmoid_xpu_bool
op_extended,third_party.torch-xpu-ops.test.xpu.extended.test_ops_xpu.TestCommonXPU,test_non_standard_bool_values_put_xpu_bool
op_extended,third_party.torch-xpu-ops.test.xpu.extended.test_ops_xpu.TestCompositeComplianceXPU,test_cow_input_sinc_xpu_float32
op_extended,third_party.torch-xpu-ops.test.xpu.extended.test_ops_xpu.TestCommonXPU,test_compare_cpu_fft_irfft2_xpu_complex128
op_extended,third_party.torch-xpu-ops.test.xpu.extended.test_ops_xpu.TestCompositeComplianceXPU,test_operator_nn_functional_batch_norm_without_cudnn_xpu_float32
op_extended,third_party.torch-xpu-ops.test.xpu.extended.test_ops_xpu.TestCompositeComplianceXPU,test_backward_scatter_reduce_amax_xpu_float32
op_extended,third_party.torch-xpu-ops.test.xpu.extended.test_ops_xpu.TestCommonXPU,test_compare_cpu_sigmoid_xpu_float16
op_extended,third_party.torch-xpu-ops.test.xpu.extended.test_ops_xpu.TestCommonXPU,test_compare_cpu_clamp_max_xpu_float32
op_extended,third_party.torch-xpu-ops.test.xpu.extended.test_ops_xpu.TestCommonXPU,test_non_standard_bool_values_reciprocal_xpu_bool
op_extended,third_party.torch-xpu-ops.test.xpu.extended.test_ops_xpu.TestCompositeComplianceXPU,test_cow_input_sinh_xpu_float32
op_extended,third_party.torch-xpu-ops.test.xpu.extended.test_ops_xpu.TestCommonXPU,test_compare_cpu_fft_irfft2_xpu_complex64
op_extended,third_party.torch-xpu-ops.test.xpu.extended.test_ops_xpu.TestCommonXPU,test_compare_cpu_sigmoid_xpu_float32
op_extended,third_party.torch-xpu-ops.test.xpu.extended.test_ops_xpu.TestCommonXPU,test_non_standard_bool_values_repeat_interleave_xpu_bool
op_extended,third_party.torch-xpu-ops.test.xpu.extended.test_ops_xpu.TestCompositeComplianceXPU,test_operator_nn_functional_batch_norm_xpu_float32
op_extended,third_party.torch-xpu-ops.test.xpu.extended.test_ops_xpu.TestCompositeComplianceXPU,test_cow_input_softmax_with_dtype_xpu_float32
op_extended,third_party.torch-xpu-ops.test.xpu.extended.test_ops_xpu.TestCommonXPU,test_compare_cpu_clamp_max_xpu_float64
op_extended,third_party.torch-xpu-ops.test.xpu.extended.test_ops_xpu.TestCommonXPU,test_compare_cpu_fft_irfft2_xpu_float32
op_extended,third_party.torch-xpu-ops.test.xpu.extended.test_ops_xpu.TestCommonXPU,test_non_standard_bool_values_reshape_xpu_bool
op_extended,third_party.torch-xpu-ops.test.xpu.extended.test_ops_xpu.TestCompositeComplianceXPU,test_cow_input_softmax_xpu_float32
op_extended,third_party.torch-xpu-ops.test.xpu.extended.test_ops_xpu.TestCompositeComplianceXPU,test_operator_nn_functional_binary_cross_entropy_xpu_float32
op_extended,third_party.torch-xpu-ops.test.xpu.extended.test_ops_xpu.TestCommonXPU,test_compare_cpu_fft_irfft2_xpu_float64
op_extended,third_party.torch-xpu-ops.test.xpu.extended.test_ops_xpu.TestCommonXPU,test_compare_cpu_sigmoid_xpu_float64
op_extended,third_party.torch-xpu-ops.test.xpu.extended.test_ops_xpu.TestCommonXPU,test_compare_cpu_clamp_max_xpu_int16
op_extended,third_party.torch-xpu-ops.test.xpu.extended.test_ops_xpu.TestCommonXPU,test_non_standard_bool_values_resize__xpu_bool
op_extended,third_party.torch-xpu-ops.test.xpu.extended.test_ops_xpu.TestCompositeComplianceXPU,test_operator_nn_functional_channel_shuffle_xpu_float32
op_extended,third_party.torch-xpu-ops.test.xpu.extended.test_ops_xpu.TestCompositeComplianceXPU,test_cow_input_split_with_sizes_copy_xpu_float32
op_extended,third_party.torch-xpu-ops.test.xpu.extended.test_ops_xpu.TestCommonXPU,test_compare_cpu_fft_irfft2_xpu_int16
op_extended,third_party.torch-xpu-ops.test.xpu.extended.test_ops_xpu.TestCommonXPU,test_compare_cpu_logspace_tensor_overload_xpu_int64
op_extended,third_party.torch-xpu-ops.test.xpu.extended.test_ops_xpu.TestCommonXPU,test_compare_cpu_sigmoid_xpu_int16
op_extended,third_party.torch-xpu-ops.test.xpu.extended.test_ops_xpu.TestCommonXPU,test_non_standard_bool_values_resize_as__xpu_bool
op_extended,third_party.torch-xpu-ops.test.xpu.extended.test_ops_xpu.TestCommonXPU,test_compare_cpu_clamp_max_xpu_int32
op_extended,third_party.torch-xpu-ops.test.xpu.extended.test_ops_xpu.TestCompositeComplianceXPU,test_backward_scatter_reduce_amin_xpu_float32
op_extended,third_party.torch-xpu-ops.test.xpu.extended.test_ops_xpu.TestCompositeComplianceXPU,test_cow_input_sqrt_xpu_float32
op_extended,third_party.torch-xpu-ops.test.xpu.extended.test_ops_xpu.TestCommonXPU,test_compare_cpu_fft_irfft2_xpu_int32
op_extended,third_party.torch-xpu-ops.test.xpu.extended.test_ops_xpu.TestCommonXPU,test_non_standard_bool_values_roll_xpu_bool
op_extended,third_party.torch-xpu-ops.test.xpu.extended.test_ops_xpu.TestCommonXPU,test_compare_cpu_sigmoid_xpu_int32
op_extended,third_party.torch-xpu-ops.test.xpu.extended.test_ops_xpu.TestCompositeComplianceXPU,test_operator_nn_functional_ctc_loss_xpu_float32
op_extended,third_party.torch-xpu-ops.test.xpu.extended.test_ops_xpu.TestCompositeComplianceXPU,test_cow_input_square_xpu_float32
op_extended,third_party.torch-xpu-ops.test.xpu.extended.test_ops_xpu.TestCommonXPU,test_compare_cpu_fft_irfft2_xpu_int64
op_extended,third_party.torch-xpu-ops.test.xpu.extended.test_ops_xpu.TestCommonXPU,test_compare_cpu_clamp_max_xpu_int64
op_extended,third_party.torch-xpu-ops.test.xpu.extended.test_ops_xpu.TestCommonXPU,test_non_standard_bool_values_rsqrt_xpu_bool
op_extended,third_party.torch-xpu-ops.test.xpu.extended.test_ops_xpu.TestCommonXPU,test_compare_cpu_sigmoid_xpu_int64
op_extended,third_party.torch-xpu-ops.test.xpu.extended.test_ops_xpu.TestCompositeComplianceXPU,test_cow_input_std_mean_unbiased_xpu_float32
op_extended,third_party.torch-xpu-ops.test.xpu.extended.test_ops_xpu.TestCommonXPU,test_compare_cpu_logspace_tensor_overload_xpu_int8
op_extended,third_party.torch-xpu-ops.test.xpu.extended.test_ops_xpu.TestCommonXPU,test_compare_cpu_fft_irfft2_xpu_int8
op_extended,third_party.torch-xpu-ops.test.xpu.extended.test_ops_xpu.TestCompositeComplianceXPU,test_operator_nn_functional_dropout_xpu_float32
op_extended,third_party.torch-xpu-ops.test.xpu.extended.test_ops_xpu.TestCommonXPU,test_non_standard_bool_values_scatter_reduce_sum_xpu_bool
op_extended,third_party.torch-xpu-ops.test.xpu.extended.test_ops_xpu.TestCommonXPU,test_compare_cpu_clamp_max_xpu_int8
op_extended,third_party.torch-xpu-ops.test.xpu.extended.test_ops_xpu.TestCommonXPU,test_compare_cpu_sigmoid_xpu_int8
op_extended,third_party.torch-xpu-ops.test.xpu.extended.test_ops_xpu.TestCompositeComplianceXPU,test_cow_input_std_mean_xpu_float32
op_extended,third_party.torch-xpu-ops.test.xpu.extended.test_ops_xpu.TestCommonXPU,test_compare_cpu_fft_irfft2_xpu_uint8
op_extended,third_party.torch-xpu-ops.test.xpu.extended.test_ops_xpu.TestCompositeComplianceXPU,test_operator_nn_functional_elu_xpu_float32
op_extended,third_party.torch-xpu-ops.test.xpu.extended.test_ops_xpu.TestCommonXPU,test_non_standard_bool_values_scatter_xpu_bool
op_extended,third_party.torch-xpu-ops.test.xpu.extended.test_ops_xpu.TestCommonXPU,test_compare_cpu_clamp_max_xpu_uint8
op_extended,third_party.torch-xpu-ops.test.xpu.extended.test_ops_xpu.TestCompositeComplianceXPU,test_cow_input_std_unbiased_xpu_float32
op_extended,third_party.torch-xpu-ops.test.xpu.extended.test_ops_xpu.TestCommonXPU,test_compare_cpu_sigmoid_xpu_uint8
op_extended,third_party.torch-xpu-ops.test.xpu.extended.test_ops_xpu.TestCompositeComplianceXPU,test_backward_scatter_reduce_mean_xpu_float32
op_extended,third_party.torch-xpu-ops.test.xpu.extended.test_ops_xpu.TestCommonXPU,test_compare_cpu_fft_irfft_xpu_bool
op_extended,third_party.torch-xpu-ops.test.xpu.extended.test_ops_xpu.TestCommonXPU,test_non_standard_bool_values_sgn_xpu_bool
op_extended,third_party.torch-xpu-ops.test.xpu.extended.test_ops_xpu.TestCommonXPU,test_compare_cpu_logspace_tensor_overload_xpu_uint8
op_extended,third_party.torch-xpu-ops.test.xpu.extended.test_ops_xpu.TestCompositeComplianceXPU,test_cow_input_std_xpu_float32
op_extended,third_party.torch-xpu-ops.test.xpu.extended.test_ops_xpu.TestCommonXPU,test_compare_cpu_sign_xpu_bfloat16
op_extended,third_party.torch-xpu-ops.test.xpu.extended.test_ops_xpu.TestCommonXPU,test_compare_cpu_clamp_min_xpu_bfloat16
op_extended,third_party.torch-xpu-ops.test.xpu.extended.test_ops_xpu.TestCommonXPU,test_compare_cpu_fft_irfft_xpu_complex128
op_extended,third_party.torch-xpu-ops.test.xpu.extended.test_ops_xpu.TestCommonXPU,test_non_standard_bool_values_sigmoid_xpu_bool
op_extended,third_party.torch-xpu-ops.test.xpu.extended.test_ops_xpu.TestCompositeComplianceXPU,test_cow_input_sub_xpu_float32
op_extended,third_party.torch-xpu-ops.test.xpu.extended.test_ops_xpu.TestCompositeComplianceXPU,test_operator_nn_functional_fractional_max_pool2d_xpu_float32
op_extended,third_party.torch-xpu-ops.test.xpu.extended.test_ops_xpu.TestCommonXPU,test_compare_cpu_sign_xpu_bool
op_extended,third_party.torch-xpu-ops.test.xpu.extended.test_ops_xpu.TestCommonXPU,test_non_standard_bool_values_sign_xpu_bool
op_extended,third_party.torch-xpu-ops.test.xpu.extended.test_ops_xpu.TestCommonXPU,test_compare_cpu_fft_irfft_xpu_complex64
op_extended,third_party.torch-xpu-ops.test.xpu.extended.test_ops_xpu.TestCommonXPU,test_compare_cpu_clamp_min_xpu_bool
op_extended,third_party.torch-xpu-ops.test.xpu.extended.test_ops_xpu.TestCompositeComplianceXPU,test_cow_input_sum_xpu_float32
op_extended,third_party.torch-xpu-ops.test.xpu.extended.test_ops_xpu.TestCommonXPU,test_compare_cpu_logspace_xpu_bfloat16
op_extended,third_party.torch-xpu-ops.test.xpu.extended.test_ops_xpu.TestCommonXPU,test_non_standard_bool_values_signbit_xpu_bool
op_extended,third_party.torch-xpu-ops.test.xpu.extended.test_ops_xpu.TestCommonXPU,test_compare_cpu_fft_irfft_xpu_float32
op_extended,third_party.torch-xpu-ops.test.xpu.extended.test_ops_xpu.TestCompositeComplianceXPU,test_cow_input_take_xpu_float32
op_extended,third_party.torch-xpu-ops.test.xpu.extended.test_ops_xpu.TestCommonXPU,test_compare_cpu_sign_xpu_float16
op_extended,third_party.torch-xpu-ops.test.xpu.extended.test_ops_xpu.TestCompositeComplianceXPU,test_operator_nn_functional_fractional_max_pool3d_xpu_float32
op_extended,third_party.torch-xpu-ops.test.xpu.extended.test_ops_xpu.TestCommonXPU,test_non_standard_bool_values_sin_xpu_bool
op_extended,third_party.torch-xpu-ops.test.xpu.extended.test_ops_xpu.TestCommonXPU,test_compare_cpu_clamp_min_xpu_float16
op_extended,third_party.torch-xpu-ops.test.xpu.extended.test_ops_xpu.TestCommonXPU,test_compare_cpu_fft_irfft_xpu_float64
op_extended,third_party.torch-xpu-ops.test.xpu.extended.test_ops_xpu.TestCompositeComplianceXPU,test_cow_input_tan_xpu_float32
op_extended,third_party.torch-xpu-ops.test.xpu.extended.test_ops_xpu.TestCommonXPU,test_compare_cpu_sign_xpu_float32
op_extended,third_party.torch-xpu-ops.test.xpu.extended.test_ops_xpu.TestCommonXPU,test_non_standard_bool_values_sinc_xpu_bool
op_extended,third_party.torch-xpu-ops.test.xpu.extended.test_ops_xpu.TestCommonXPU,test_compare_cpu_fft_irfft_xpu_int16
op_extended,third_party.torch-xpu-ops.test.xpu.extended.test_ops_xpu.TestCommonXPU,test_compare_cpu_logspace_xpu_complex128
op_extended,third_party.torch-xpu-ops.test.xpu.extended.test_ops_xpu.TestCompositeComplianceXPU,test_cow_input_tanh_xpu_float32
op_extended,third_party.torch-xpu-ops.test.xpu.extended.test_ops_xpu.TestCompositeComplianceXPU,test_operator_nn_functional_glu_xpu_float32
op_extended,third_party.torch-xpu-ops.test.xpu.extended.test_ops_xpu.TestCommonXPU,test_compare_cpu_clamp_min_xpu_float32
op_extended,third_party.torch-xpu-ops.test.xpu.extended.test_ops_xpu.TestCommonXPU,test_compare_cpu_sign_xpu_float64
op_extended,third_party.torch-xpu-ops.test.xpu.extended.test_ops_xpu.TestCommonXPU,test_non_standard_bool_values_sinh_xpu_bool
op_extended,third_party.torch-xpu-ops.test.xpu.extended.test_ops_xpu.TestCommonXPU,test_compare_cpu_fft_irfft_xpu_int32
op_extended,third_party.torch-xpu-ops.test.xpu.extended.test_ops_xpu.TestCompositeComplianceXPU,test_cow_input_trace_xpu_float32
op_extended,third_party.torch-xpu-ops.test.xpu.extended.test_ops_xpu.TestCompositeComplianceXPU,test_backward_scatter_reduce_prod_xpu_float32
op_extended,third_party.torch-xpu-ops.test.xpu.extended.test_ops_xpu.TestCompositeComplianceXPU,test_operator_nn_functional_grid_sample_xpu_float32
op_extended,third_party.torch-xpu-ops.test.xpu.extended.test_ops_xpu.TestCommonXPU,test_compare_cpu_clamp_min_xpu_float64
op_extended,third_party.torch-xpu-ops.test.xpu.extended.test_ops_xpu.TestCommonXPU,test_non_standard_bool_values_softmax_with_dtype_xpu_bool
op_extended,third_party.torch-xpu-ops.test.xpu.extended.test_ops_xpu.TestCommonXPU,test_compare_cpu_sign_xpu_int16
op_extended,third_party.torch-xpu-ops.test.xpu.extended.test_ops_xpu.TestCommonXPU,test_compare_cpu_fft_irfft_xpu_int64
op_extended,third_party.torch-xpu-ops.test.xpu.extended.test_ops_xpu.TestCommonXPU,test_compare_cpu_logspace_xpu_complex64
op_extended,third_party.torch-xpu-ops.test.xpu.extended.test_ops_xpu.TestCommonXPU,test_non_standard_bool_values_split_with_sizes_copy_xpu_bool
op_extended,third_party.torch-xpu-ops.test.xpu.extended.test_ops_xpu.TestCompositeComplianceXPU,test_cow_input_tril_xpu_float32
op_extended,third_party.torch-xpu-ops.test.xpu.extended.test_ops_xpu.TestCommonXPU,test_compare_cpu_sign_xpu_int32
op_extended,third_party.torch-xpu-ops.test.xpu.extended.test_ops_xpu.TestCommonXPU,test_compare_cpu_fft_irfft_xpu_int8
op_extended,third_party.torch-xpu-ops.test.xpu.extended.test_ops_xpu.TestCommonXPU,test_compare_cpu_clamp_min_xpu_int16
op_extended,third_party.torch-xpu-ops.test.xpu.extended.test_ops_xpu.TestCompositeComplianceXPU,test_operator_nn_functional_group_norm_xpu_float32
op_extended,third_party.torch-xpu-ops.test.xpu.extended.test_ops_xpu.TestCommonXPU,test_non_standard_bool_values_sqrt_xpu_bool
op_extended,third_party.torch-xpu-ops.test.xpu.extended.test_ops_xpu.TestCompositeComplianceXPU,test_cow_input_triu_xpu_float32
op_extended,third_party.torch-xpu-ops.test.xpu.extended.test_ops_xpu.TestCommonXPU,test_compare_cpu_fft_irfft_xpu_uint8
op_extended,third_party.torch-xpu-ops.test.xpu.extended.test_ops_xpu.TestCommonXPU,test_compare_cpu_sign_xpu_int64
op_extended,third_party.torch-xpu-ops.test.xpu.extended.test_ops_xpu.TestCompositeComplianceXPU,test_backward_scatter_reduce_sum_xpu_float32
op_extended,third_party.torch-xpu-ops.test.xpu.extended.test_ops_xpu.TestCompositeComplianceXPU,test_operator_nn_functional_hardshrink_xpu_float32
op_extended,third_party.torch-xpu-ops.test.xpu.extended.test_ops_xpu.TestCommonXPU,test_compare_cpu_clamp_min_xpu_int32
op_extended,third_party.torch-xpu-ops.test.xpu.extended.test_ops_xpu.TestCommonXPU,test_non_standard_bool_values_square_xpu_bool
op_extended,third_party.torch-xpu-ops.test.xpu.extended.test_ops_xpu.TestCompositeComplianceXPU,test_cow_input_trunc_xpu_float32
op_extended,third_party.torch-xpu-ops.test.xpu.extended.test_ops_xpu.TestCommonXPU,test_compare_cpu_logspace_xpu_float16
op_extended,third_party.torch-xpu-ops.test.xpu.extended.test_ops_xpu.TestCommonXPU,test_compare_cpu_sign_xpu_int8
op_extended,third_party.torch-xpu-ops.test.xpu.extended.test_ops_xpu.TestCommonXPU,test_compare_cpu_fft_irfftn_xpu_bool
op_extended,third_party.torch-xpu-ops.test.xpu.extended.test_ops_xpu.TestCompositeComplianceXPU,test_operator_nn_functional_hardsigmoid_xpu_float32
op_extended,third_party.torch-xpu-ops.test.xpu.extended.test_ops_xpu.TestCommonXPU,test_non_standard_bool_values_sum_xpu_bool
op_extended,third_party.torch-xpu-ops.test.xpu.extended.test_ops_xpu.TestCompositeComplianceXPU,test_cow_input_unfold_xpu_float32
op_extended,third_party.torch-xpu-ops.test.xpu.extended.test_ops_xpu.TestCompositeComplianceXPU,test_backward_scatter_xpu_float32
op_extended,third_party.torch-xpu-ops.test.xpu.extended.test_ops_xpu.TestCommonXPU,test_compare_cpu_clamp_min_xpu_int64
op_extended,third_party.torch-xpu-ops.test.xpu.extended.test_ops_xpu.TestCommonXPU,test_compare_cpu_fft_irfftn_xpu_complex128
op_extended,third_party.torch-xpu-ops.test.xpu.extended.test_ops_xpu.TestCommonXPU,test_compare_cpu_sign_xpu_uint8
op_extended,third_party.torch-xpu-ops.test.xpu.extended.test_ops_xpu.TestCompositeComplianceXPU,test_operator_nn_functional_huber_loss_xpu_float32
op_extended,third_party.torch-xpu-ops.test.xpu.extended.test_ops_xpu.TestCommonXPU,test_non_standard_bool_values_take_xpu_bool
op_extended,third_party.torch-xpu-ops.test.xpu.extended.test_ops_xpu.TestCompositeComplianceXPU,test_cow_input_uniform_xpu_float32
op_extended,third_party.torch-xpu-ops.test.xpu.extended.test_ops_xpu.TestCompositeComplianceXPU,test_backward_sgn_xpu_float32
op_extended,third_party.torch-xpu-ops.test.xpu.extended.test_ops_xpu.TestCommonXPU,test_compare_cpu_fft_irfftn_xpu_complex64
op_extended,third_party.torch-xpu-ops.test.xpu.extended.test_ops_xpu.TestCommonXPU,test_compare_cpu_clamp_min_xpu_int8
op_extended,third_party.torch-xpu-ops.test.xpu.extended.test_ops_xpu.TestCommonXPU,test_compare_cpu_signbit_xpu_bfloat16
op_extended,third_party.torch-xpu-ops.test.xpu.extended.test_ops_xpu.TestCommonXPU,test_compare_cpu_logspace_xpu_float32
op_extended,third_party.torch-xpu-ops.test.xpu.extended.test_ops_xpu.TestCommonXPU,test_non_standard_bool_values_tan_xpu_bool
op_extended,third_party.torch-xpu-ops.test.xpu.extended.test_ops_xpu.TestCompositeComplianceXPU,test_operator_nn_functional_interpolate_area_xpu_float32
op_extended,third_party.torch-xpu-ops.test.xpu.extended.test_ops_xpu.TestCompositeComplianceXPU,test_backward_sigmoid_xpu_float32
op_extended,third_party.torch-xpu-ops.test.xpu.extended.test_ops_xpu.TestCommonXPU,test_non_standard_bool_values_tanh_xpu_bool
op_extended,third_party.torch-xpu-ops.test.xpu.extended.test_ops_xpu.TestCommonXPU,test_compare_cpu_fft_irfftn_xpu_float32
op_extended,third_party.torch-xpu-ops.test.xpu.extended.test_ops_xpu.TestCommonXPU,test_compare_cpu_signbit_xpu_bool
op_extended,third_party.torch-xpu-ops.test.xpu.extended.test_ops_xpu.TestCommonXPU,test_compare_cpu_clamp_min_xpu_uint8
op_extended,third_party.torch-xpu-ops.test.xpu.extended.test_ops_xpu.TestCompositeComplianceXPU,test_operator_nn_functional_interpolate_bicubic_xpu_float32
op_extended,third_party.torch-xpu-ops.test.xpu.extended.test_ops_xpu.TestCompositeComplianceXPU,test_cow_input_unique_consecutive_xpu_float32
op_extended,third_party.torch-xpu-ops.test.xpu.extended.test_ops_xpu.TestCompositeComplianceXPU,test_backward_sign_xpu_float32
op_extended,third_party.torch-xpu-ops.test.xpu.extended.test_ops_xpu.TestCommonXPU,test_non_standard_bool_values_trace_xpu_bool
op_extended,third_party.torch-xpu-ops.test.xpu.extended.test_ops_xpu.TestCommonXPU,test_compare_cpu_fft_irfftn_xpu_float64
op_extended,third_party.torch-xpu-ops.test.xpu.extended.test_ops_xpu.TestCommonXPU,test_compare_cpu_clamp_xpu_bfloat16
op_extended,third_party.torch-xpu-ops.test.xpu.extended.test_ops_xpu.TestCommonXPU,test_compare_cpu_logspace_xpu_float64
op_extended,third_party.torch-xpu-ops.test.xpu.extended.test_ops_xpu.TestCompositeComplianceXPU,test_operator_nn_functional_interpolate_bilinear_xpu_float32
op_extended,third_party.torch-xpu-ops.test.xpu.extended.test_ops_xpu.TestCommonXPU,test_compare_cpu_signbit_xpu_float16
op_extended,third_party.torch-xpu-ops.test.xpu.extended.test_ops_xpu.TestCommonXPU,test_non_standard_bool_values_tril_xpu_bool
op_extended,third_party.torch-xpu-ops.test.xpu.extended.test_ops_xpu.TestCompositeComplianceXPU,test_backward_sin_xpu_float32
op_extended,third_party.torch-xpu-ops.test.xpu.extended.test_ops_xpu.TestCommonXPU,test_compare_cpu_fft_irfftn_xpu_int16
op_extended,third_party.torch-xpu-ops.test.xpu.extended.test_ops_xpu.TestCompositeComplianceXPU,test_operator_nn_functional_interpolate_linear_xpu_float32
op_extended,third_party.torch-xpu-ops.test.xpu.extended.test_ops_xpu.TestCommonXPU,test_non_standard_bool_values_triu_xpu_bool
op_extended,third_party.torch-xpu-ops.test.xpu.extended.test_ops_xpu.TestCommonXPU,test_compare_cpu_signbit_xpu_float32
op_extended,third_party.torch-xpu-ops.test.xpu.extended.test_ops_xpu.TestCompositeComplianceXPU,test_backward_sinc_xpu_float32
op_extended,third_party.torch-xpu-ops.test.xpu.extended.test_ops_xpu.TestCommonXPU,test_compare_cpu_fft_irfftn_xpu_int32
op_extended,third_party.torch-xpu-ops.test.xpu.extended.test_ops_xpu.TestCommonXPU,test_compare_cpu_clamp_xpu_float16
op_extended,third_party.torch-xpu-ops.test.xpu.extended.test_ops_xpu.TestCommonXPU,test_compare_cpu_logspace_xpu_int16
op_extended,third_party.torch-xpu-ops.test.xpu.extended.test_ops_xpu.TestCommonXPU,test_non_standard_bool_values_unfold_xpu_bool
op_extended,third_party.torch-xpu-ops.test.xpu.extended.test_ops_xpu.TestCommonXPU,test_compare_cpu_fft_irfftn_xpu_int64
op_extended,third_party.torch-xpu-ops.test.xpu.extended.test_ops_xpu.TestCompositeComplianceXPU,test_backward_sinh_xpu_float32
op_extended,third_party.torch-xpu-ops.test.xpu.extended.test_ops_xpu.TestCommonXPU,test_compare_cpu_signbit_xpu_float64
op_extended,third_party.torch-xpu-ops.test.xpu.extended.test_ops_xpu.TestCompositeComplianceXPU,test_operator_nn_functional_interpolate_nearest-exact_xpu_float32
op_extended,third_party.torch-xpu-ops.test.xpu.extended.test_ops_xpu.TestCommonXPU,test_compare_cpu_clamp_xpu_float32
op_extended,third_party.torch-xpu-ops.test.xpu.extended.test_ops_xpu.TestCompositeComplianceXPU,test_cow_input_unique_xpu_float32
op_extended,third_party.torch-xpu-ops.test.xpu.extended.test_ops_xpu.TestCommonXPU,test_compare_cpu_fft_irfftn_xpu_int8
op_extended,third_party.torch-xpu-ops.test.xpu.extended.test_ops_xpu.TestCommonXPU,test_compare_cpu_signbit_xpu_int16
op_extended,third_party.torch-xpu-ops.test.xpu.extended.test_ops_xpu.TestCompositeComplianceXPU,test_backward_softmax_with_dtype_xpu_float32
op_extended,third_party.torch-xpu-ops.test.xpu.extended.test_ops_xpu.TestCompositeComplianceXPU,test_operator_nn_functional_interpolate_nearest_xpu_float32
op_extended,third_party.torch-xpu-ops.test.xpu.extended.test_ops_xpu.TestCommonXPU,test_compare_cpu_clamp_xpu_float64
op_extended,third_party.torch-xpu-ops.test.xpu.extended.test_ops_xpu.TestCompositeComplianceXPU,test_cow_input_var_mean_unbiased_xpu_float32
op_extended,third_party.torch-xpu-ops.test.xpu.extended.test_ops_xpu.TestCommonXPU,test_compare_cpu_fft_irfftn_xpu_uint8
op_extended,third_party.torch-xpu-ops.test.xpu.extended.test_ops_xpu.TestCommonXPU,test_compare_cpu_logspace_xpu_int32
op_extended,third_party.torch-xpu-ops.test.xpu.extended.test_ops_xpu.TestCommonXPU,test_compare_cpu_signbit_xpu_int32
op_extended,third_party.torch-xpu-ops.test.xpu.extended.test_ops_xpu.TestCommonXPU,test_compare_cpu_clamp_xpu_int16
op_extended,third_party.torch-xpu-ops.test.xpu.extended.test_ops_xpu.TestCompositeComplianceXPU,test_backward_softmax_xpu_float32
op_extended,third_party.torch-xpu-ops.test.xpu.extended.test_ops_xpu.TestCompositeComplianceXPU,test_operator_nn_functional_interpolate_trilinear_xpu_float32
op_extended,third_party.torch-xpu-ops.test.xpu.extended.test_ops_xpu.TestCommonXPU,test_non_standard_bool_values_unique_consecutive_xpu_bool
op_extended,third_party.torch-xpu-ops.test.xpu.extended.test_ops_xpu.TestCompositeComplianceXPU,test_cow_input_var_mean_xpu_float32
op_extended,third_party.torch-xpu-ops.test.xpu.extended.test_ops_xpu.TestCommonXPU,test_compare_cpu_fft_rfft2_xpu_bool
op_extended,third_party.torch-xpu-ops.test.xpu.extended.test_ops_xpu.TestCommonXPU,test_compare_cpu_signbit_xpu_int64
op_extended,third_party.torch-xpu-ops.test.xpu.extended.test_ops_xpu.TestCommonXPU,test_compare_cpu_clamp_xpu_int32
op_extended,third_party.torch-xpu-ops.test.xpu.extended.test_ops_xpu.TestCompositeComplianceXPU,test_backward_split_with_sizes_copy_xpu_float32
op_extended,third_party.torch-xpu-ops.test.xpu.extended.test_ops_xpu.TestCompositeComplianceXPU,test_cow_input_var_unbiased_xpu_float32
op_extended,third_party.torch-xpu-ops.test.xpu.extended.test_ops_xpu.TestCompositeComplianceXPU,test_operator_nn_functional_leaky_relu_xpu_float32
op_extended,third_party.torch-xpu-ops.test.xpu.extended.test_ops_xpu.TestCommonXPU,test_compare_cpu_logspace_xpu_int64
op_extended,third_party.torch-xpu-ops.test.xpu.extended.test_ops_xpu.TestCommonXPU,test_compare_cpu_clamp_xpu_int64
op_extended,third_party.torch-xpu-ops.test.xpu.extended.test_ops_xpu.TestCommonXPU,test_compare_cpu_signbit_xpu_int8
op_extended,third_party.torch-xpu-ops.test.xpu.extended.test_ops_xpu.TestCompositeComplianceXPU,test_backward_sqrt_xpu_float32
op_extended,third_party.torch-xpu-ops.test.xpu.extended.test_ops_xpu.TestCompositeComplianceXPU,test_cow_input_var_xpu_float32
op_extended,third_party.torch-xpu-ops.test.xpu.extended.test_ops_xpu.TestCompositeComplianceXPU,test_operator_nn_functional_local_response_norm_xpu_float32
op_extended,third_party.torch-xpu-ops.test.xpu.extended.test_ops_xpu.TestCommonXPU,test_compare_cpu_fft_rfft2_xpu_float32
op_extended,third_party.torch-xpu-ops.test.xpu.extended.test_ops_xpu.TestCommonXPU,test_compare_cpu_clamp_xpu_int8
op_extended,third_party.torch-xpu-ops.test.xpu.extended.test_ops_xpu.TestCompositeComplianceXPU,test_cow_input_view_as_complex_xpu_float32
op_extended,third_party.torch-xpu-ops.test.xpu.extended.test_ops_xpu.TestCompositeComplianceXPU,test_backward_square_xpu_float32
op_extended,third_party.torch-xpu-ops.test.xpu.extended.test_ops_xpu.TestCommonXPU,test_compare_cpu_signbit_xpu_uint8
op_extended,third_party.torch-xpu-ops.test.xpu.extended.test_ops_xpu.TestCommonXPU,test_compare_cpu_logspace_xpu_int8
op_extended,third_party.torch-xpu-ops.test.xpu.extended.test_ops_xpu.TestCommonXPU,test_compare_cpu_fft_rfft2_xpu_float64
op_extended,third_party.torch-xpu-ops.test.xpu.extended.test_ops_xpu.TestCommonXPU,test_compare_cpu_clamp_xpu_uint8
op_extended,third_party.torch-xpu-ops.test.xpu.extended.test_ops_xpu.TestCompositeComplianceXPU,test_cow_input_view_xpu_float32
op_extended,third_party.torch-xpu-ops.test.xpu.extended.test_ops_xpu.TestCompositeComplianceXPU,test_backward_std_mean_unbiased_xpu_float32
op_extended,third_party.torch-xpu-ops.test.xpu.extended.test_ops_xpu.TestCommonXPU,test_compare_cpu_sin_xpu_bfloat16
op_extended,third_party.torch-xpu-ops.test.xpu.extended.test_ops_xpu.TestCommonXPU,test_compare_cpu_fft_rfft2_xpu_int16
op_extended,third_party.torch-xpu-ops.test.xpu.extended.test_ops_xpu.TestCommonXPU,test_compare_cpu_logspace_xpu_uint8
op_extended,third_party.torch-xpu-ops.test.xpu.extended.test_ops_xpu.TestCommonXPU,test_non_standard_bool_values_unique_xpu_bool
op_extended,third_party.torch-xpu-ops.test.xpu.extended.test_ops_xpu.TestCompositeComplianceXPU,test_cow_input_where_xpu_float32
op_extended,third_party.torch-xpu-ops.test.xpu.extended.test_ops_xpu.TestCommonXPU,test_compare_cpu_clone_xpu_bfloat16
op_extended,third_party.torch-xpu-ops.test.xpu.extended.test_ops_xpu.TestCommonXPU,test_compare_cpu_sin_xpu_bool
op_extended,third_party.torch-xpu-ops.test.xpu.extended.test_ops_xpu.TestCommonXPU,test_compare_cpu_fft_rfft2_xpu_int32
op_extended,third_party.torch-xpu-ops.test.xpu.extended.test_ops_xpu.TestCommonXPU,test_non_standard_bool_values_view_xpu_bool
op_extended,third_party.torch-xpu-ops.test.xpu.extended.test_ops_xpu.TestCompositeComplianceXPU,test_cow_input_xlogy_xpu_float32
op_extended,third_party.torch-xpu-ops.test.xpu.extended.test_ops_xpu.TestCompositeComplianceXPU,test_backward_std_mean_xpu_float32
op_extended,third_party.torch-xpu-ops.test.xpu.extended.test_ops_xpu.TestCommonXPU,test_compare_cpu_lt_xpu_bfloat16
op_extended,third_party.torch-xpu-ops.test.xpu.extended.test_ops_xpu.TestCommonXPU,test_compare_cpu_clone_xpu_bool
op_extended,third_party.torch-xpu-ops.test.xpu.extended.test_ops_xpu.TestCommonXPU,test_compare_cpu_fft_rfft2_xpu_int64
op_extended,third_party.torch-xpu-ops.test.xpu.extended.test_ops_xpu.TestCommonXPU,test_non_standard_bool_values_where_xpu_bool
op_extended,third_party.torch-xpu-ops.test.xpu.extended.test_ops_xpu.TestCompositeComplianceXPU,test_cow_input_zeros_like_xpu_float32
op_extended,third_party.torch-xpu-ops.test.xpu.extended.test_ops_xpu.TestCompositeComplianceXPU,test_backward_std_unbiased_xpu_float32
op_extended,third_party.torch-xpu-ops.test.xpu.extended.test_ops_xpu.TestCommonXPU,test_compare_cpu_sin_xpu_complex128
op_extended,third_party.torch-xpu-ops.test.xpu.extended.test_ops_xpu.TestCommonXPU,test_compare_cpu_clone_xpu_complex128
op_extended,third_party.torch-xpu-ops.test.xpu.extended.test_ops_xpu.TestCommonXPU,test_compare_cpu_fft_rfft2_xpu_int8
op_extended,third_party.torch-xpu-ops.test.xpu.extended.test_ops_xpu.TestCommonXPU,test_compare_cpu_lt_xpu_bool
op_extended,third_party.torch-xpu-ops.test.xpu.extended.test_ops_xpu.TestCommonXPU,test_non_standard_bool_values_xlogy_xpu_bool
op_extended,third_party.torch-xpu-ops.test.xpu.extended.test_ops_xpu.TestCompositeComplianceXPU,test_cow_input_zeros_xpu_float32
op_extended,third_party.torch-xpu-ops.test.xpu.extended.test_ops_xpu.TestCompositeComplianceXPU,test_backward_std_xpu_float32
op_extended,third_party.torch-xpu-ops.test.xpu.extended.test_ops_xpu.TestCommonXPU,test_compare_cpu_sin_xpu_complex64
op_extended,third_party.torch-xpu-ops.test.xpu.extended.test_ops_xpu.TestCommonXPU,test_compare_cpu_fft_rfft2_xpu_uint8
op_extended,third_party.torch-xpu-ops.test.xpu.extended.test_ops_xpu.TestCommonXPU,test_compare_cpu_clone_xpu_complex64
op_extended,third_party.torch-xpu-ops.test.xpu.extended.test_ops_xpu.TestCommonXPU,test_non_standard_bool_values_zeros_like_xpu_bool
op_extended,third_party.torch-xpu-ops.test.xpu.extended.test_ops_xpu.TestCommonXPU,test_compare_cpu_sin_xpu_float16
op_extended,third_party.torch-xpu-ops.test.xpu.extended.test_ops_xpu.TestCommonXPU,test_non_standard_bool_values_zeros_xpu_bool
op_extended,third_party.torch-xpu-ops.test.xpu.extended.test_ops_xpu.TestCompositeComplianceXPU,test_backward_sub_xpu_float32
op_extended,third_party.torch-xpu-ops.test.xpu.extended.test_ops_xpu.TestCommonXPU,test_compare_cpu_clone_xpu_float16
op_extended,third_party.torch-xpu-ops.test.xpu.extended.test_ops_xpu.TestCommonXPU,test_compare_cpu_lt_xpu_float16
op_extended,third_party.torch-xpu-ops.test.xpu.extended.test_ops_xpu.TestCommonXPU,test_compare_cpu_fft_rfft_xpu_bool
op_extended,third_party.torch-xpu-ops.test.xpu.extended.test_ops_xpu.TestCommonXPU,test_compare_cpu_sin_xpu_float32
op_extended,third_party.torch-xpu-ops.test.xpu.extended.test_ops_xpu.TestCommonXPU,test_compare_cpu_clone_xpu_float32
op_extended,third_party.torch-xpu-ops.test.xpu.extended.test_ops_xpu.TestCompositeComplianceXPU,test_backward_sum_xpu_float32
op_extended,third_party.torch-xpu-ops.test.xpu.extended.test_ops_xpu.TestCommonXPU,test_compare_cpu_lt_xpu_float32
op_extended,third_party.torch-xpu-ops.test.xpu.extended.test_ops_xpu.TestCompositeComplianceXPU,test_backward___rmod___xpu_float32
op_extended,third_party.torch-xpu-ops.test.xpu.extended.test_ops_xpu.TestCompositeComplianceXPU,test_forward_ad___rmod___xpu_float32
op_extended,third_party.torch-xpu-ops.test.xpu.extended.test_ops_xpu.TestCommonXPU,test_compare_cpu_fft_rfft_xpu_float32
op_extended,third_party.torch-xpu-ops.test.xpu.extended.test_ops_xpu.TestCommonXPU,test_compare_cpu_sin_xpu_float64
op_extended,third_party.torch-xpu-ops.test.xpu.extended.test_ops_xpu.TestCommonXPU,test_compare_cpu_clone_xpu_float64
op_extended,third_party.torch-xpu-ops.test.xpu.extended.test_ops_xpu.TestCompositeComplianceXPU,test_backward_take_xpu_float32
op_extended,third_party.torch-xpu-ops.test.xpu.extended.test_ops_xpu.TestCommonXPU,test_compare_cpu_fft_rfft_xpu_float64
op_extended,third_party.torch-xpu-ops.test.xpu.extended.test_ops_xpu.TestCommonXPU,test_compare_cpu_lt_xpu_float64
op_extended,third_party.torch-xpu-ops.test.xpu.extended.test_ops_xpu.TestCommonXPU,test_compare_cpu_sin_xpu_int16
op_extended,third_party.torch-xpu-ops.test.xpu.extended.test_ops_xpu.TestCommonXPU,test_compare_cpu_clone_xpu_int16
op_extended,third_party.torch-xpu-ops.test.xpu.extended.test_ops_xpu.TestCompositeComplianceXPU,test_backward_tan_xpu_float32
op_extended,third_party.torch-xpu-ops.test.xpu.extended.test_ops_xpu.TestCommonXPU,test_compare_cpu_fft_rfft_xpu_int16
op_extended,third_party.torch-xpu-ops.test.xpu.extended.test_ops_xpu.TestCommonXPU,test_compare_cpu_sin_xpu_int32
op_extended,third_party.torch-xpu-ops.test.xpu.extended.test_ops_xpu.TestCommonXPU,test_compare_cpu_lt_xpu_int16
op_extended,third_party.torch-xpu-ops.test.xpu.extended.test_ops_xpu.TestCompositeComplianceXPU,test_backward_tanh_xpu_float32
op_extended,third_party.torch-xpu-ops.test.xpu.extended.test_ops_xpu.TestCommonXPU,test_compare_cpu_clone_xpu_int32
op_extended,third_party.torch-xpu-ops.test.xpu.extended.test_ops_xpu.TestCommonXPU,test_compare_cpu_fft_rfft_xpu_int32
op_extended,third_party.torch-xpu-ops.test.xpu.extended.test_ops_xpu.TestCommonXPU,test_compare_cpu_sin_xpu_int64
op_extended,third_party.torch-xpu-ops.test.xpu.extended.test_ops_xpu.TestCompositeComplianceXPU,test_backward_trace_xpu_float32
op_extended,third_party.torch-xpu-ops.test.xpu.extended.test_ops_xpu.TestCommonXPU,test_compare_cpu_clone_xpu_int64
op_extended,third_party.torch-xpu-ops.test.xpu.extended.test_ops_xpu.TestCommonXPU,test_compare_cpu_fft_rfft_xpu_int64
op_extended,third_party.torch-xpu-ops.test.xpu.extended.test_ops_xpu.TestCommonXPU,test_compare_cpu_lt_xpu_int32
op_extended,third_party.torch-xpu-ops.test.xpu.extended.test_ops_xpu.TestCommonXPU,test_compare_cpu_sin_xpu_int8
op_extended,third_party.torch-xpu-ops.test.xpu.extended.test_ops_xpu.TestCommonXPU,test_compare_cpu_clone_xpu_int8
op_extended,third_party.torch-xpu-ops.test.xpu.extended.test_ops_xpu.TestCommonXPU,test_compare_cpu_fft_rfft_xpu_int8
op_extended,third_party.torch-xpu-ops.test.xpu.extended.test_ops_xpu.TestCompositeComplianceXPU,test_backward__batch_norm_with_update_xpu_float32
op_extended,third_party.torch-xpu-ops.test.xpu.extended.test_ops_xpu.TestCommonXPU,test_compare_cpu_lt_xpu_int64
op_extended,third_party.torch-xpu-ops.test.xpu.extended.test_ops_xpu.TestCompositeComplianceXPU,test_backward_tril_xpu_float32
op_extended,third_party.torch-xpu-ops.test.xpu.extended.test_ops_xpu.TestCommonXPU,test_compare_cpu_sin_xpu_uint8
op_extended,third_party.torch-xpu-ops.test.xpu.extended.test_ops_xpu.TestCommonXPU,test_compare_cpu_fft_rfft_xpu_uint8
op_extended,third_party.torch-xpu-ops.test.xpu.extended.test_ops_xpu.TestCommonXPU,test_compare_cpu_clone_xpu_uint8
op_extended,third_party.torch-xpu-ops.test.xpu.extended.test_ops_xpu.TestCompositeComplianceXPU,test_backward_triu_xpu_float32
op_extended,third_party.torch-xpu-ops.test.xpu.extended.test_ops_xpu.TestCommonXPU,test_compare_cpu_sinc_xpu_bfloat16
op_extended,third_party.torch-xpu-ops.test.xpu.extended.test_ops_xpu.TestCommonXPU,test_compare_cpu_lt_xpu_int8
op_extended,third_party.torch-xpu-ops.test.xpu.extended.test_ops_xpu.TestCommonXPU,test_compare_cpu_conj_physical_xpu_bfloat16
op_extended,third_party.torch-xpu-ops.test.xpu.extended.test_ops_xpu.TestCommonXPU,test_compare_cpu_fft_rfftn_xpu_bool
op_extended,third_party.torch-xpu-ops.test.xpu.extended.test_ops_xpu.TestCompositeComplianceXPU,test_backward_trunc_xpu_float32
op_extended,third_party.torch-xpu-ops.test.xpu.extended.test_ops_xpu.TestCommonXPU,test_compare_cpu_sinc_xpu_bool
op_extended,third_party.torch-xpu-ops.test.xpu.extended.test_ops_xpu.TestCommonXPU,test_compare_cpu_conj_physical_xpu_bool
op_extended,third_party.torch-xpu-ops.test.xpu.extended.test_ops_xpu.TestCommonXPU,test_compare_cpu_lt_xpu_uint8
op_extended,third_party.torch-xpu-ops.test.xpu.extended.test_ops_xpu.TestCompositeComplianceXPU,test_backward_unfold_xpu_float32
op_extended,third_party.torch-xpu-ops.test.xpu.extended.test_ops_xpu.TestCommonXPU,test_compare_cpu_fft_rfftn_xpu_float32
op_extended,third_party.torch-xpu-ops.test.xpu.extended.test_ops_xpu.TestCommonXPU,test_compare_cpu_masked_fill_xpu_bfloat16
op_extended,third_party.torch-xpu-ops.test.xpu.extended.test_ops_xpu.TestCommonXPU,test_compare_cpu_sinc_xpu_complex128
op_extended,third_party.torch-xpu-ops.test.xpu.extended.test_ops_xpu.TestCompositeComplianceXPU,test_backward__native_batch_norm_legit_xpu_float32
op_extended,third_party.torch-xpu-ops.test.xpu.extended.test_ops_xpu.TestCommonXPU,test_compare_cpu_conj_physical_xpu_complex128
op_extended,third_party.torch-xpu-ops.test.xpu.extended.test_ops_xpu.TestCompositeComplianceXPU,test_backward_var_mean_unbiased_xpu_float32
op_extended,third_party.torch-xpu-ops.test.xpu.extended.test_ops_xpu.TestCommonXPU,test_compare_cpu_fft_rfftn_xpu_float64
op_extended,third_party.torch-xpu-ops.test.xpu.extended.test_ops_xpu.TestCommonXPU,test_compare_cpu_masked_fill_xpu_bool
op_extended,third_party.torch-xpu-ops.test.xpu.extended.test_ops_xpu.TestCommonXPU,test_compare_cpu_sinc_xpu_complex64
op_extended,third_party.torch-xpu-ops.test.xpu.extended.test_ops_xpu.TestCommonXPU,test_compare_cpu_fft_rfftn_xpu_int16
op_extended,third_party.torch-xpu-ops.test.xpu.extended.test_ops_xpu.TestCommonXPU,test_compare_cpu_conj_physical_xpu_complex64
op_extended,third_party.torch-xpu-ops.test.xpu.extended.test_ops_xpu.TestCompositeComplianceXPU,test_operator_nn_functional_max_pool2d_xpu_float32
op_extended,third_party.torch-xpu-ops.test.xpu.extended.test_ops_xpu.TestCommonXPU,test_compare_cpu_masked_fill_xpu_complex128
op_extended,third_party.torch-xpu-ops.test.xpu.extended.test_ops_xpu.TestCompositeComplianceXPU,test_backward_var_mean_xpu_float32
op_extended,third_party.torch-xpu-ops.test.xpu.extended.test_ops_xpu.TestCommonXPU,test_compare_cpu_fft_rfftn_xpu_int32
op_extended,third_party.torch-xpu-ops.test.xpu.extended.test_ops_xpu.TestCommonXPU,test_compare_cpu_sinc_xpu_float16
op_extended,third_party.torch-xpu-ops.test.xpu.extended.test_ops_xpu.TestCommonXPU,test_compare_cpu_conj_physical_xpu_float16
op_extended,third_party.torch-xpu-ops.test.xpu.extended.test_ops_xpu.TestCommonXPU,test_compare_cpu_masked_fill_xpu_complex64
op_extended,third_party.torch-xpu-ops.test.xpu.extended.test_ops_xpu.TestCompositeComplianceXPU,test_backward_var_unbiased_xpu_float32
op_extended,third_party.torch-xpu-ops.test.xpu.extended.test_ops_xpu.TestCommonXPU,test_compare_cpu_fft_rfftn_xpu_int64
op_extended,third_party.torch-xpu-ops.test.xpu.extended.test_ops_xpu.TestCommonXPU,test_compare_cpu_masked_fill_xpu_float16
op_extended,third_party.torch-xpu-ops.test.xpu.extended.test_ops_xpu.TestCommonXPU,test_compare_cpu_sinc_xpu_float32
op_extended,third_party.torch-xpu-ops.test.xpu.extended.test_ops_xpu.TestCommonXPU,test_compare_cpu_conj_physical_xpu_float32
op_extended,third_party.torch-xpu-ops.test.xpu.extended.test_ops_xpu.TestCompositeComplianceXPU,test_backward_var_xpu_float32
op_extended,third_party.torch-xpu-ops.test.xpu.extended.test_ops_xpu.TestCommonXPU,test_compare_cpu_fft_rfftn_xpu_int8
op_extended,third_party.torch-xpu-ops.test.xpu.extended.test_ops_xpu.TestCommonXPU,test_compare_cpu_masked_fill_xpu_float32
op_extended,third_party.torch-xpu-ops.test.xpu.extended.test_ops_xpu.TestCommonXPU,test_compare_cpu_sinc_xpu_float64
op_extended,third_party.torch-xpu-ops.test.xpu.extended.test_ops_xpu.TestCommonXPU,test_compare_cpu_conj_physical_xpu_float64
op_extended,third_party.torch-xpu-ops.test.xpu.extended.test_ops_xpu.TestCompositeComplianceXPU,test_backward_view_as_complex_xpu_float32
op_extended,third_party.torch-xpu-ops.test.xpu.extended.test_ops_xpu.TestCompositeComplianceXPU,test_backward__segment_reduce_lengths_xpu_float32
op_extended,third_party.torch-xpu-ops.test.xpu.extended.test_ops_xpu.TestCommonXPU,test_compare_cpu_fft_rfftn_xpu_uint8
op_extended,third_party.torch-xpu-ops.test.xpu.extended.test_ops_xpu.TestCommonXPU,test_compare_cpu_masked_fill_xpu_float64
op_extended,third_party.torch-xpu-ops.test.xpu.extended.test_ops_xpu.TestCommonXPU,test_compare_cpu_conj_physical_xpu_int16
op_extended,third_party.torch-xpu-ops.test.xpu.extended.test_ops_xpu.TestCommonXPU,test_compare_cpu_sinc_xpu_int16
op_extended,third_party.torch-xpu-ops.test.xpu.extended.test_ops_xpu.TestCompositeComplianceXPU,test_backward_view_xpu_float32
op_extended,third_party.torch-xpu-ops.test.xpu.extended.test_ops_xpu.TestCommonXPU,test_compare_cpu_fill_xpu_bfloat16
op_extended,third_party.torch-xpu-ops.test.xpu.extended.test_ops_xpu.TestCommonXPU,test_compare_cpu_masked_fill_xpu_int16
op_extended,third_party.torch-xpu-ops.test.xpu.extended.test_ops_xpu.TestCommonXPU,test_compare_cpu_conj_physical_xpu_int32
op_extended,third_party.torch-xpu-ops.test.xpu.extended.test_ops_xpu.TestCommonXPU,test_compare_cpu_sinc_xpu_int32
op_extended,third_party.torch-xpu-ops.test.xpu.extended.test_ops_xpu.TestCommonXPU,test_compare_cpu_masked_fill_xpu_int32
op_extended,third_party.torch-xpu-ops.test.xpu.extended.test_ops_xpu.TestCompositeComplianceXPU,test_backward_where_xpu_float32
op_extended,third_party.torch-xpu-ops.test.xpu.extended.test_ops_xpu.TestCommonXPU,test_compare_cpu_fill_xpu_bool
op_extended,third_party.torch-xpu-ops.test.xpu.extended.test_ops_xpu.TestCommonXPU,test_compare_cpu_sinc_xpu_int64
op_extended,third_party.torch-xpu-ops.test.xpu.extended.test_ops_xpu.TestCommonXPU,test_compare_cpu_conj_physical_xpu_int64
op_extended,third_party.torch-xpu-ops.test.xpu.extended.test_ops_xpu.TestCommonXPU,test_compare_cpu_masked_fill_xpu_int64
op_extended,third_party.torch-xpu-ops.test.xpu.extended.test_ops_xpu.TestCompositeComplianceXPU,test_backward_xlogy_xpu_float32
op_extended,third_party.torch-xpu-ops.test.xpu.extended.test_ops_xpu.TestCommonXPU,test_compare_cpu_fill_xpu_complex128
op_extended,third_party.torch-xpu-ops.test.xpu.extended.test_ops_xpu.TestCommonXPU,test_compare_cpu_conj_physical_xpu_int8
op_extended,third_party.torch-xpu-ops.test.xpu.extended.test_ops_xpu.TestCommonXPU,test_compare_cpu_sinc_xpu_int8
op_extended,third_party.torch-xpu-ops.test.xpu.extended.test_ops_xpu.TestCommonXPU,test_compare_cpu_masked_fill_xpu_int8
op_extended,third_party.torch-xpu-ops.test.xpu.extended.test_ops_xpu.TestCompositeComplianceXPU,test_backward__segment_reduce_offsets_xpu_float32
op_extended,third_party.torch-xpu-ops.test.xpu.extended.test_ops_xpu.TestCompositeComplianceXPU,test_cow_input___rmod___xpu_float32
op_extended,third_party.torch-xpu-ops.test.xpu.extended.test_ops_xpu.TestCompositeComplianceXPU,test_operator_nn_functional_max_pool3d_xpu_float32
op_extended,third_party.torch-xpu-ops.test.xpu.extended.test_ops_xpu.TestCommonXPU,test_compare_cpu_conj_physical_xpu_uint8
op_extended,third_party.torch-xpu-ops.test.xpu.extended.test_ops_xpu.TestCommonXPU,test_compare_cpu_sinc_xpu_uint8
op_extended,third_party.torch-xpu-ops.test.xpu.extended.test_ops_xpu.TestCommonXPU,test_compare_cpu_masked_fill_xpu_uint8
op_extended,third_party.torch-xpu-ops.test.xpu.extended.test_ops_xpu.TestCommonXPU,test_compare_cpu_fill_xpu_complex64
op_extended,third_party.torch-xpu-ops.test.xpu.extended.test_ops_xpu.TestCompositeComplianceXPU,test_backward__softmax_backward_data_xpu_float32
op_extended,third_party.torch-xpu-ops.test.xpu.extended.test_ops_xpu.TestCompositeComplianceXPU,test_cow_input__batch_norm_with_update_xpu_float32
op_extended,third_party.torch-xpu-ops.test.xpu.extended.test_ops_xpu.TestCommonXPU,test_compare_cpu_masked_scatter_xpu_bfloat16
op_extended,third_party.torch-xpu-ops.test.xpu.extended.test_ops_xpu.TestCommonXPU,test_compare_cpu_sinh_xpu_bfloat16
op_extended,third_party.torch-xpu-ops.test.xpu.extended.test_ops_xpu.TestCommonXPU,test_compare_cpu_fill_xpu_float16
op_extended,third_party.torch-xpu-ops.test.xpu.extended.test_ops_xpu.TestCommonXPU,test_compare_cpu_copysign_xpu_bfloat16
op_extended,third_party.torch-xpu-ops.test.xpu.extended.test_ops_xpu.TestCompositeComplianceXPU,test_operator_nn_functional_max_unpool2d_grad_xpu_float32
op_extended,third_party.torch-xpu-ops.test.xpu.extended.test_ops_xpu.TestCompositeComplianceXPU,test_backward__upsample_bilinear2d_aa_xpu_float32
op_extended,third_party.torch-xpu-ops.test.xpu.extended.test_ops_xpu.TestCompositeComplianceXPU,test_cow_input__chunk_cat_xpu_float32
op_extended,third_party.torch-xpu-ops.test.xpu.extended.test_ops_xpu.TestCommonXPU,test_compare_cpu_masked_scatter_xpu_bool
op_extended,third_party.torch-xpu-ops.test.xpu.extended.test_ops_xpu.TestCommonXPU,test_compare_cpu_sinh_xpu_bool
op_extended,third_party.torch-xpu-ops.test.xpu.extended.test_ops_xpu.TestCommonXPU,test_compare_cpu_fill_xpu_float32
op_extended,third_party.torch-xpu-ops.test.xpu.extended.test_ops_xpu.TestCompositeComplianceXPU,test_backward_abs_xpu_float32
op_extended,third_party.torch-xpu-ops.test.xpu.extended.test_ops_xpu.TestCommonXPU,test_compare_cpu_copysign_xpu_bool
op_extended,third_party.torch-xpu-ops.test.xpu.extended.test_ops_xpu.TestCompositeComplianceXPU,test_cow_input__native_batch_norm_legit_xpu_float32
op_extended,third_party.torch-xpu-ops.test.xpu.extended.test_ops_xpu.TestCommonXPU,test_compare_cpu_masked_scatter_xpu_complex128
op_extended,third_party.torch-xpu-ops.test.xpu.extended.test_ops_xpu.TestCommonXPU,test_compare_cpu_fill_xpu_float64
op_extended,third_party.torch-xpu-ops.test.xpu.extended.test_ops_xpu.TestCompositeComplianceXPU,test_backward_acos_xpu_float32
op_extended,third_party.torch-xpu-ops.test.xpu.extended.test_ops_xpu.TestCommonXPU,test_compare_cpu_sinh_xpu_complex128
op_extended,third_party.torch-xpu-ops.test.xpu.extended.test_ops_xpu.TestCompositeComplianceXPU,test_cow_input__refs_rsub_xpu_float32
op_extended,third_party.torch-xpu-ops.test.xpu.extended.test_ops_xpu.TestCommonXPU,test_compare_cpu_masked_scatter_xpu_complex64
op_extended,third_party.torch-xpu-ops.test.xpu.extended.test_ops_xpu.TestCommonXPU,test_compare_cpu_fill_xpu_int16
op_extended,third_party.torch-xpu-ops.test.xpu.extended.test_ops_xpu.TestCompositeComplianceXPU,test_backward_acosh_xpu_float32
op_extended,third_party.torch-xpu-ops.test.xpu.extended.test_ops_xpu.TestCommonXPU,test_compare_cpu_copysign_xpu_float16
op_extended,third_party.torch-xpu-ops.test.xpu.extended.test_ops_xpu.TestCommonXPU,test_compare_cpu_masked_scatter_xpu_float16
op_extended,third_party.torch-xpu-ops.test.xpu.extended.test_ops_xpu.TestCommonXPU,test_compare_cpu_sinh_xpu_complex64
op_extended,third_party.torch-xpu-ops.test.xpu.extended.test_ops_xpu.TestCompositeComplianceXPU,test_cow_input__segment_reduce_lengths_xpu_float32
op_extended,third_party.torch-xpu-ops.test.xpu.extended.test_ops_xpu.TestCommonXPU,test_compare_cpu_fill_xpu_int32
op_extended,third_party.torch-xpu-ops.test.xpu.extended.test_ops_xpu.TestCommonXPU,test_compare_cpu_masked_scatter_xpu_float32
op_extended,third_party.torch-xpu-ops.test.xpu.extended.test_ops_xpu.TestCompositeComplianceXPU,test_backward_add_xpu_float32
op_extended,third_party.torch-xpu-ops.test.xpu.extended.test_ops_xpu.TestCommonXPU,test_compare_cpu_copysign_xpu_float32
op_extended,third_party.torch-xpu-ops.test.xpu.extended.test_ops_xpu.TestCommonXPU,test_compare_cpu_sinh_xpu_float16
op_extended,third_party.torch-xpu-ops.test.xpu.extended.test_ops_xpu.TestCommonXPU,test_compare_cpu_masked_scatter_xpu_float64
op_extended,third_party.torch-xpu-ops.test.xpu.extended.test_ops_xpu.TestCommonXPU,test_compare_cpu_fill_xpu_int64
op_extended,third_party.torch-xpu-ops.test.xpu.extended.test_ops_xpu.TestCompositeComplianceXPU,test_cow_input__segment_reduce_offsets_xpu_float32
op_extended,third_party.torch-xpu-ops.test.xpu.extended.test_ops_xpu.TestCommonXPU,test_compare_cpu_sinh_xpu_float32
op_extended,third_party.torch-xpu-ops.test.xpu.extended.test_ops_xpu.TestCommonXPU,test_compare_cpu_copysign_xpu_float64
op_extended,third_party.torch-xpu-ops.test.xpu.extended.test_ops_xpu.TestCommonXPU,test_compare_cpu_masked_scatter_xpu_int16
op_extended,third_party.torch-xpu-ops.test.xpu.extended.test_ops_xpu.TestCompositeComplianceXPU,test_operator_nn_functional_max_unpool2d_xpu_float32
op_extended,third_party.torch-xpu-ops.test.xpu.extended.test_ops_xpu.TestCompositeComplianceXPU,test_cow_input__softmax_backward_data_xpu_float32
op_extended,third_party.torch-xpu-ops.test.xpu.extended.test_ops_xpu.TestCommonXPU,test_compare_cpu_fill_xpu_int8
op_extended,third_party.torch-xpu-ops.test.xpu.extended.test_ops_xpu.TestCommonXPU,test_compare_cpu_masked_scatter_xpu_int32
op_extended,third_party.torch-xpu-ops.test.xpu.extended.test_ops_xpu.TestCommonXPU,test_compare_cpu_sinh_xpu_float64
op_extended,third_party.torch-xpu-ops.test.xpu.extended.test_ops_xpu.TestCompositeComplianceXPU,test_cow_input__upsample_bilinear2d_aa_xpu_float32
op_extended,third_party.torch-xpu-ops.test.xpu.extended.test_ops_xpu.TestCommonXPU,test_compare_cpu_fill_xpu_uint8
op_extended,third_party.torch-xpu-ops.test.xpu.extended.test_ops_xpu.TestCompositeComplianceXPU,test_backward_addcdiv_xpu_float32
op_extended,third_party.torch-xpu-ops.test.xpu.extended.test_ops_xpu.TestCommonXPU,test_compare_cpu_copysign_xpu_int16
op_extended,third_party.torch-xpu-ops.test.xpu.extended.test_ops_xpu.TestCompositeComplianceXPU,test_operator_nn_functional_max_unpool3d_grad_xpu_float32
op_extended,third_party.torch-xpu-ops.test.xpu.extended.test_ops_xpu.TestCommonXPU,test_compare_cpu_masked_scatter_xpu_int64
op_extended,third_party.torch-xpu-ops.test.xpu.extended.test_ops_xpu.TestCompositeComplianceXPU,test_cow_input_abs_xpu_float32
op_extended,third_party.torch-xpu-ops.test.xpu.extended.test_ops_xpu.TestCommonXPU,test_compare_cpu_sinh_xpu_int16
op_extended,third_party.torch-xpu-ops.test.xpu.extended.test_ops_xpu.TestCommonXPU,test_compare_cpu_flip_xpu_bfloat16
op_extended,third_party.torch-xpu-ops.test.xpu.extended.test_ops_xpu.TestCommonXPU,test_compare_cpu_copysign_xpu_int32
op_extended,third_party.torch-xpu-ops.test.xpu.extended.test_ops_xpu.TestCommonXPU,test_compare_cpu_masked_scatter_xpu_int8
op_extended,third_party.torch-xpu-ops.test.xpu.extended.test_ops_xpu.TestCompositeComplianceXPU,test_cow_input_acos_xpu_float32
op_extended,third_party.torch-xpu-ops.test.xpu.extended.test_ops_xpu.TestCommonXPU,test_compare_cpu_sinh_xpu_int32
op_extended,third_party.torch-xpu-ops.test.xpu.extended.test_ops_xpu.TestCommonXPU,test_compare_cpu_flip_xpu_bool
op_extended,third_party.torch-xpu-ops.test.xpu.extended.test_ops_xpu.TestCompositeComplianceXPU,test_backward_addcmul_xpu_float32
op_extended,third_party.torch-xpu-ops.test.xpu.extended.test_ops_xpu.TestCommonXPU,test_compare_cpu_masked_scatter_xpu_uint8
op_extended,third_party.torch-xpu-ops.test.xpu.extended.test_ops_xpu.TestCompositeComplianceXPU,test_cow_input_acosh_xpu_float32
op_extended,third_party.torch-xpu-ops.test.xpu.extended.test_ops_xpu.TestCommonXPU,test_compare_cpu_copysign_xpu_int64
op_extended,third_party.torch-xpu-ops.test.xpu.extended.test_ops_xpu.TestCommonXPU,test_compare_cpu_flip_xpu_complex128
op_extended,third_party.torch-xpu-ops.test.xpu.extended.test_ops_xpu.TestCompositeComplianceXPU,test_operator_nn_functional_max_unpool3d_xpu_float32
op_extended,third_party.torch-xpu-ops.test.xpu.extended.test_ops_xpu.TestCommonXPU,test_compare_cpu_sinh_xpu_int64
op_extended,third_party.torch-xpu-ops.test.xpu.extended.test_ops_xpu.TestCommonXPU,test_compare_cpu_masked_select_xpu_bfloat16
op_extended,third_party.torch-xpu-ops.test.xpu.extended.test_ops_xpu.TestCompositeComplianceXPU,test_cow_input_add_xpu_float32
op_extended,third_party.torch-xpu-ops.test.xpu.extended.test_ops_xpu.TestCommonXPU,test_compare_cpu_flip_xpu_complex64
op_extended,third_party.torch-xpu-ops.test.xpu.extended.test_ops_xpu.TestCompositeComplianceXPU,test_operator_nn_functional_mish_xpu_float32
op_extended,third_party.torch-xpu-ops.test.xpu.extended.test_ops_xpu.TestCompositeComplianceXPU,test_backward_addr_xpu_float32
op_extended,third_party.torch-xpu-ops.test.xpu.extended.test_ops_xpu.TestCommonXPU,test_compare_cpu_sinh_xpu_int8
op_extended,third_party.torch-xpu-ops.test.xpu.extended.test_ops_xpu.TestCommonXPU,test_compare_cpu_copysign_xpu_int8
op_extended,third_party.torch-xpu-ops.test.xpu.extended.test_ops_xpu.TestCommonXPU,test_compare_cpu_masked_select_xpu_bool
op_extended,third_party.torch-xpu-ops.test.xpu.extended.test_ops_xpu.TestCommonXPU,test_compare_cpu_flip_xpu_float16
op_extended,third_party.torch-xpu-ops.test.xpu.extended.test_ops_xpu.TestCompositeComplianceXPU,test_cow_input_addcdiv_xpu_float32
op_extended,third_party.torch-xpu-ops.test.xpu.extended.test_ops_xpu.TestCompositeComplianceXPU,test_operator_nn_functional_mse_loss_xpu_float32
op_extended,third_party.torch-xpu-ops.test.xpu.extended.test_ops_xpu.TestCommonXPU,test_compare_cpu_sinh_xpu_uint8
op_extended,third_party.torch-xpu-ops.test.xpu.extended.test_ops_xpu.TestCommonXPU,test_compare_cpu_masked_select_xpu_complex128
op_extended,third_party.torch-xpu-ops.test.xpu.extended.test_ops_xpu.TestCompositeComplianceXPU,test_backward_amax_xpu_float32
op_extended,third_party.torch-xpu-ops.test.xpu.extended.test_ops_xpu.TestCommonXPU,test_compare_cpu_copysign_xpu_uint8
op_extended,third_party.torch-xpu-ops.test.xpu.extended.test_ops_xpu.TestCommonXPU,test_compare_cpu_flip_xpu_float32
op_extended,third_party.torch-xpu-ops.test.xpu.extended.test_ops_xpu.TestCompositeComplianceXPU,test_cow_input_addcmul_xpu_float32
op_extended,third_party.torch-xpu-ops.test.xpu.extended.test_ops_xpu.TestCommonXPU,test_compare_cpu_softmax_with_dtype_xpu_bfloat16
op_extended,third_party.torch-xpu-ops.test.xpu.extended.test_ops_xpu.TestCompositeComplianceXPU,test_operator_nn_functional_multi_margin_loss_xpu_float32
op_extended,third_party.torch-xpu-ops.test.xpu.extended.test_ops_xpu.TestCommonXPU,test_compare_cpu_masked_select_xpu_complex64
op_extended,third_party.torch-xpu-ops.test.xpu.extended.test_ops_xpu.TestCommonXPU,test_compare_cpu_cos_xpu_bfloat16
op_extended,third_party.torch-xpu-ops.test.xpu.extended.test_ops_xpu.TestCommonXPU,test_compare_cpu_flip_xpu_float64
op_extended,third_party.torch-xpu-ops.test.xpu.extended.test_ops_xpu.TestCompositeComplianceXPU,test_cow_input_all_xpu_float32
op_extended,third_party.torch-xpu-ops.test.xpu.extended.test_ops_xpu.TestCompositeComplianceXPU,test_backward_amin_xpu_float32
op_extended,third_party.torch-xpu-ops.test.xpu.extended.test_ops_xpu.TestCommonXPU,test_compare_cpu_softmax_with_dtype_xpu_bool
op_extended,third_party.torch-xpu-ops.test.xpu.extended.test_ops_xpu.TestCommonXPU,test_compare_cpu_masked_select_xpu_float16
op_extended,third_party.torch-xpu-ops.test.xpu.extended.test_ops_xpu.TestCompositeComplianceXPU,test_operator_nn_functional_multilabel_margin_loss_xpu_float32
op_extended,third_party.torch-xpu-ops.test.xpu.extended.test_ops_xpu.TestCommonXPU,test_compare_cpu_flip_xpu_int16
op_extended,third_party.torch-xpu-ops.test.xpu.extended.test_ops_xpu.TestCommonXPU,test_compare_cpu_cos_xpu_bool
op_extended,third_party.torch-xpu-ops.test.xpu.extended.test_ops_xpu.TestCommonXPU,test_compare_cpu_softmax_with_dtype_xpu_complex128
op_extended,third_party.torch-xpu-ops.test.xpu.extended.test_ops_xpu.TestCommonXPU,test_compare_cpu_masked_select_xpu_float32
op_extended,third_party.torch-xpu-ops.test.xpu.extended.test_ops_xpu.TestCompositeComplianceXPU,test_cow_input_amax_xpu_float32
op_extended,third_party.torch-xpu-ops.test.xpu.extended.test_ops_xpu.TestCommonXPU,test_compare_cpu_flip_xpu_int32
op_extended,third_party.torch-xpu-ops.test.xpu.extended.test_ops_xpu.TestCommonXPU,test_compare_cpu_softmax_with_dtype_xpu_complex64
op_extended,third_party.torch-xpu-ops.test.xpu.extended.test_ops_xpu.TestCommonXPU,test_compare_cpu_masked_select_xpu_float64
op_extended,third_party.torch-xpu-ops.test.xpu.extended.test_ops_xpu.TestCompositeComplianceXPU,test_backward_aminmax_xpu_float32
op_extended,third_party.torch-xpu-ops.test.xpu.extended.test_ops_xpu.TestCommonXPU,test_compare_cpu_cos_xpu_complex128
op_extended,third_party.torch-xpu-ops.test.xpu.extended.test_ops_xpu.TestCompositeComplianceXPU,test_cow_input_amin_xpu_float32
op_extended,third_party.torch-xpu-ops.test.xpu.extended.test_ops_xpu.TestCommonXPU,test_compare_cpu_flip_xpu_int64
op_extended,third_party.torch-xpu-ops.test.xpu.extended.test_ops_xpu.TestCompositeComplianceXPU,test_operator_nn_functional_nll_loss_xpu_float32
op_extended,third_party.torch-xpu-ops.test.xpu.extended.test_ops_xpu.TestCommonXPU,test_compare_cpu_softmax_with_dtype_xpu_float16
op_extended,third_party.torch-xpu-ops.test.xpu.extended.test_ops_xpu.TestCommonXPU,test_compare_cpu_masked_select_xpu_int16
op_extended,third_party.torch-xpu-ops.test.xpu.extended.test_ops_xpu.TestCompositeComplianceXPU,test_backward_angle_xpu_float32
op_extended,third_party.torch-xpu-ops.test.xpu.extended.test_ops_xpu.TestCommonXPU,test_compare_cpu_flip_xpu_int8
op_extended,third_party.torch-xpu-ops.test.xpu.extended.test_ops_xpu.TestCompositeComplianceXPU,test_cow_input_aminmax_xpu_float32
op_extended,third_party.torch-xpu-ops.test.xpu.extended.test_ops_xpu.TestCompositeComplianceXPU,test_operator_nn_functional_pad_circular_xpu_float32
op_extended,third_party.torch-xpu-ops.test.xpu.extended.test_ops_xpu.TestCommonXPU,test_compare_cpu_cos_xpu_complex64
op_extended,third_party.torch-xpu-ops.test.xpu.extended.test_ops_xpu.TestCommonXPU,test_compare_cpu_softmax_with_dtype_xpu_float32
op_extended,third_party.torch-xpu-ops.test.xpu.extended.test_ops_xpu.TestCommonXPU,test_compare_cpu_masked_select_xpu_int32
op_extended,third_party.torch-xpu-ops.test.xpu.extended.test_ops_xpu.TestCompositeComplianceXPU,test_backward_as_strided_partial_views_xpu_float32
op_extended,third_party.torch-xpu-ops.test.xpu.extended.test_ops_xpu.TestCommonXPU,test_compare_cpu_flip_xpu_uint8
op_extended,third_party.torch-xpu-ops.test.xpu.extended.test_ops_xpu.TestCompositeComplianceXPU,test_cow_input_angle_xpu_float32
op_extended,third_party.torch-xpu-ops.test.xpu.extended.test_ops_xpu.TestCommonXPU,test_compare_cpu_cos_xpu_float16
op_extended,third_party.torch-xpu-ops.test.xpu.extended.test_ops_xpu.TestCommonXPU,test_compare_cpu_softmax_with_dtype_xpu_float64
op_extended,third_party.torch-xpu-ops.test.xpu.extended.test_ops_xpu.TestCommonXPU,test_compare_cpu_masked_select_xpu_int64
op_extended,third_party.torch-xpu-ops.test.xpu.extended.test_ops_xpu.TestCompositeComplianceXPU,test_operator_nn_functional_pad_constant_xpu_float32
op_extended,third_party.torch-xpu-ops.test.xpu.extended.test_ops_xpu.TestCompositeComplianceXPU,test_backward_as_strided_xpu_float32
op_extended,third_party.torch-xpu-ops.test.xpu.extended.test_ops_xpu.TestCompositeComplianceXPU,test_cow_input_any_xpu_float32
op_extended,third_party.torch-xpu-ops.test.xpu.extended.test_ops_xpu.TestCommonXPU,test_compare_cpu_softmax_with_dtype_xpu_int16
op_extended,third_party.torch-xpu-ops.test.xpu.extended.test_ops_xpu.TestCommonXPU,test_compare_cpu_cos_xpu_float32
op_extended,third_party.torch-xpu-ops.test.xpu.extended.test_ops_xpu.TestCommonXPU,test_compare_cpu_masked_select_xpu_int8
op_extended,third_party.torch-xpu-ops.test.xpu.extended.test_ops_xpu.TestCompositeComplianceXPU,test_operator_nn_functional_pad_reflect_xpu_float32
op_extended,third_party.torch-xpu-ops.test.xpu.extended.test_ops_xpu.TestCompositeComplianceXPU,test_backward_asin_xpu_float32
op_extended,third_party.torch-xpu-ops.test.xpu.extended.test_ops_xpu.TestCompositeComplianceXPU,test_cow_input_arange_xpu_float32
op_extended,third_party.torch-xpu-ops.test.xpu.extended.test_ops_xpu.TestCommonXPU,test_compare_cpu_softmax_with_dtype_xpu_int32
op_extended,third_party.torch-xpu-ops.test.xpu.extended.test_ops_xpu.TestCommonXPU,test_compare_cpu_masked_select_xpu_uint8
op_extended,third_party.torch-xpu-ops.test.xpu.extended.test_ops_xpu.TestCommonXPU,test_compare_cpu_floor_divide_xpu_float32
op_extended,third_party.torch-xpu-ops.test.xpu.extended.test_ops_xpu.TestCommonXPU,test_compare_cpu_cos_xpu_float64
op_extended,third_party.torch-xpu-ops.test.xpu.extended.test_ops_xpu.TestCompositeComplianceXPU,test_operator_nn_functional_pad_replicate_negative_xpu_float32
op_extended,third_party.torch-xpu-ops.test.xpu.extended.test_ops_xpu.TestCompositeComplianceXPU,test_backward_asinh_xpu_float32
op_extended,third_party.torch-xpu-ops.test.xpu.extended.test_ops_xpu.TestCommonXPU,test_compare_cpu_softmax_with_dtype_xpu_int64
op_extended,third_party.torch-xpu-ops.test.xpu.extended.test_ops_xpu.TestCompositeComplianceXPU,test_cow_input_argmin_xpu_float32
op_extended,third_party.torch-xpu-ops.test.xpu.extended.test_ops_xpu.TestCommonXPU,test_compare_cpu_cos_xpu_int16
op_extended,third_party.torch-xpu-ops.test.xpu.extended.test_ops_xpu.TestCompositeComplianceXPU,test_operator_nn_functional_pad_replicate_xpu_float32
op_extended,third_party.torch-xpu-ops.test.xpu.extended.test_ops_xpu.TestCommonXPU,test_compare_cpu_floor_divide_xpu_float64
op_extended,third_party.torch-xpu-ops.test.xpu.extended.test_ops_xpu.TestCommonXPU,test_compare_cpu_softmax_with_dtype_xpu_int8
op_extended,third_party.torch-xpu-ops.test.xpu.extended.test_ops_xpu.TestCommonXPU,test_compare_cpu_max_binary_xpu_bfloat16
op_extended,third_party.torch-xpu-ops.test.xpu.extended.test_ops_xpu.TestCompositeComplianceXPU,test_backward_atan2_xpu_float32
op_extended,third_party.torch-xpu-ops.test.xpu.extended.test_ops_xpu.TestCompositeComplianceXPU,test_cow_input_argsort_xpu_float32
op_extended,third_party.torch-xpu-ops.test.xpu.extended.test_ops_xpu.TestCommonXPU,test_compare_cpu_cos_xpu_int32
op_extended,third_party.torch-xpu-ops.test.xpu.extended.test_ops_xpu.TestCompositeComplianceXPU,test_operator_nn_functional_pdist_xpu_float32
op_extended,third_party.torch-xpu-ops.test.xpu.extended.test_ops_xpu.TestCommonXPU,test_compare_cpu_softmax_with_dtype_xpu_uint8
op_extended,third_party.torch-xpu-ops.test.xpu.extended.test_ops_xpu.TestCompositeComplianceXPU,test_backward_atan_xpu_float32
op_extended,third_party.torch-xpu-ops.test.xpu.extended.test_ops_xpu.TestCompositeComplianceXPU,test_cow_input_as_strided_partial_views_xpu_float32
op_extended,third_party.torch-xpu-ops.test.xpu.extended.test_ops_xpu.TestCommonXPU,test_compare_cpu_max_binary_xpu_bool
op_extended,third_party.torch-xpu-ops.test.xpu.extended.test_ops_xpu.TestCommonXPU,test_compare_cpu_floor_divide_xpu_int16
op_extended,third_party.torch-xpu-ops.test.xpu.extended.test_ops_xpu.TestCommonXPU,test_compare_cpu_cos_xpu_int64
op_extended,third_party.torch-xpu-ops.test.xpu.extended.test_ops_xpu.TestCompositeComplianceXPU,test_operator_nn_functional_prelu_xpu_float32
op_extended,third_party.torch-xpu-ops.test.xpu.extended.test_ops_xpu.TestCommonXPU,test_compare_cpu_softmax_xpu_bfloat16
op_extended,third_party.torch-xpu-ops.test.xpu.extended.test_ops_xpu.TestCompositeComplianceXPU,test_backward_atanh_xpu_float32
op_extended,third_party.torch-xpu-ops.test.xpu.extended.test_ops_xpu.TestCompositeComplianceXPU,test_cow_input_as_strided_xpu_float32
op_extended,third_party.torch-xpu-ops.test.xpu.extended.test_ops_xpu.TestCommonXPU,test_compare_cpu_cos_xpu_int8
op_extended,third_party.torch-xpu-ops.test.xpu.extended.test_ops_xpu.TestCompositeComplianceXPU,test_operator_nn_functional_rrelu_xpu_float32
op_extended,third_party.torch-xpu-ops.test.xpu.extended.test_ops_xpu.TestCommonXPU,test_compare_cpu_floor_divide_xpu_int32
op_extended,third_party.torch-xpu-ops.test.xpu.extended.test_ops_xpu.TestCompositeComplianceXPU,test_cow_input_asin_xpu_float32
op_extended,third_party.torch-xpu-ops.test.xpu.extended.test_ops_xpu.TestCompositeComplianceXPU,test_backward_bernoulli_xpu_float32
op_extended,third_party.torch-xpu-ops.test.xpu.extended.test_ops_xpu.TestCommonXPU,test_compare_cpu_cos_xpu_uint8
op_extended,third_party.torch-xpu-ops.test.xpu.extended.test_ops_xpu.TestCommonXPU,test_compare_cpu_max_binary_xpu_float16
op_extended,third_party.torch-xpu-ops.test.xpu.extended.test_ops_xpu.TestCompositeComplianceXPU,test_operator_nn_functional_silu_xpu_float32
op_extended,third_party.torch-xpu-ops.test.xpu.extended.test_ops_xpu.TestCompositeComplianceXPU,test_cow_input_asinh_xpu_float32
op_extended,third_party.torch-xpu-ops.test.xpu.extended.test_ops_xpu.TestCommonXPU,test_compare_cpu_softmax_xpu_float16
op_extended,third_party.torch-xpu-ops.test.xpu.extended.test_ops_xpu.TestCompositeComplianceXPU,test_backward_cat_xpu_float32
op_extended,third_party.torch-xpu-ops.test.xpu.extended.test_ops_xpu.TestCommonXPU,test_compare_cpu_floor_divide_xpu_int64
op_extended,third_party.torch-xpu-ops.test.xpu.extended.test_ops_xpu.TestCommonXPU,test_compare_cpu_cosh_xpu_bfloat16
op_extended,third_party.torch-xpu-ops.test.xpu.extended.test_ops_xpu.TestCompositeComplianceXPU,test_operator_nn_functional_smooth_l1_loss_xpu_float32
op_extended,third_party.torch-xpu-ops.test.xpu.extended.test_ops_xpu.TestCommonXPU,test_compare_cpu_softmax_xpu_float32
op_extended,third_party.torch-xpu-ops.test.xpu.extended.test_ops_xpu.TestCompositeComplianceXPU,test_cow_input_atan2_xpu_float32
op_extended,third_party.torch-xpu-ops.test.xpu.extended.test_ops_xpu.TestCommonXPU,test_compare_cpu_max_binary_xpu_float32
op_extended,third_party.torch-xpu-ops.test.xpu.extended.test_ops_xpu.TestCommonXPU,test_compare_cpu_cosh_xpu_bool
op_extended,third_party.torch-xpu-ops.test.xpu.extended.test_ops_xpu.TestCommonXPU,test_compare_cpu_softmax_xpu_float64
op_extended,third_party.torch-xpu-ops.test.xpu.extended.test_ops_xpu.TestCompositeComplianceXPU,test_operator_nn_functional_softplus_xpu_float32
op_extended,third_party.torch-xpu-ops.test.xpu.extended.test_ops_xpu.TestCommonXPU,test_compare_cpu_floor_divide_xpu_int8
op_extended,third_party.torch-xpu-ops.test.xpu.extended.test_ops_xpu.TestCompositeComplianceXPU,test_cow_input_atan_xpu_float32
op_extended,third_party.torch-xpu-ops.test.xpu.extended.test_ops_xpu.TestCommonXPU,test_compare_cpu_max_binary_xpu_float64
op_extended,third_party.torch-xpu-ops.test.xpu.extended.test_ops_xpu.TestCompositeComplianceXPU,test_operator_nn_functional_softshrink_xpu_float32
op_extended,third_party.torch-xpu-ops.test.xpu.extended.test_ops_xpu.TestCompositeComplianceXPU,test_cow_input_atanh_xpu_float32
op_extended,third_party.torch-xpu-ops.test.xpu.extended.test_ops_xpu.TestCommonXPU,test_compare_cpu_cosh_xpu_complex128
op_extended,third_party.torch-xpu-ops.test.xpu.extended.test_ops_xpu.TestCommonXPU,test_compare_cpu_floor_divide_xpu_uint8
op_extended,third_party.torch-xpu-ops.test.xpu.extended.test_ops_xpu.TestCommonXPU,test_compare_cpu_max_binary_xpu_int16
op_extended,third_party.torch-xpu-ops.test.xpu.extended.test_ops_xpu.TestCompositeComplianceXPU,test_cow_input_bernoulli_xpu_float32
op_extended,third_party.torch-xpu-ops.test.xpu.extended.test_ops_xpu.TestCompositeComplianceXPU,test_operator_nn_functional_threshold_xpu_float32
op_extended,third_party.torch-xpu-ops.test.xpu.extended.test_ops_xpu.TestCommonXPU,test_compare_cpu_split_with_sizes_copy_xpu_bfloat16
op_extended,third_party.torch-xpu-ops.test.xpu.extended.test_ops_xpu.TestCommonXPU,test_compare_cpu_floor_xpu_bfloat16
op_extended,third_party.torch-xpu-ops.test.xpu.extended.test_ops_xpu.TestCommonXPU,test_compare_cpu_cosh_xpu_complex64
op_extended,third_party.torch-xpu-ops.test.xpu.extended.test_ops_xpu.TestCompositeComplianceXPU,test_cow_input_bucketize_xpu_float32
op_extended,third_party.torch-xpu-ops.test.xpu.extended.test_ops_xpu.TestCommonXPU,test_compare_cpu_max_binary_xpu_int32
op_extended,third_party.torch-xpu-ops.test.xpu.extended.test_ops_xpu.TestCommonXPU,test_compare_cpu_split_with_sizes_copy_xpu_bool
op_extended,third_party.torch-xpu-ops.test.xpu.extended.test_ops_xpu.TestCompositeComplianceXPU,test_cow_input_cat_xpu_float32
op_extended,third_party.torch-xpu-ops.test.xpu.extended.test_ops_xpu.TestCommonXPU,test_compare_cpu_cosh_xpu_float16
op_extended,third_party.torch-xpu-ops.test.xpu.extended.test_ops_xpu.TestCommonXPU,test_compare_cpu_split_with_sizes_copy_xpu_complex128
op_extended,third_party.torch-xpu-ops.test.xpu.extended.test_ops_xpu.TestCompositeComplianceXPU,test_operator_nn_functional_unfold_xpu_float32
op_extended,third_party.torch-xpu-ops.test.xpu.extended.test_ops_xpu.TestCommonXPU,test_compare_cpu_max_binary_xpu_int64
op_extended,third_party.torch-xpu-ops.test.xpu.extended.test_ops_xpu.TestCompositeComplianceXPU,test_cow_input_cauchy_xpu_float32
op_extended,third_party.torch-xpu-ops.test.xpu.extended.test_ops_xpu.TestCommonXPU,test_compare_cpu_floor_xpu_float16
op_extended,third_party.torch-xpu-ops.test.xpu.extended.test_ops_xpu.TestCommonXPU,test_compare_cpu_cosh_xpu_float32
op_extended,third_party.torch-xpu-ops.test.xpu.extended.test_ops_xpu.TestCommonXPU,test_compare_cpu_split_with_sizes_copy_xpu_complex64
op_extended,third_party.torch-xpu-ops.test.xpu.extended.test_ops_xpu.TestCompositeComplianceXPU,test_operator_nn_functional_upsample_bilinear_xpu_float32
op_extended,third_party.torch-xpu-ops.test.xpu.extended.test_ops_xpu.TestCommonXPU,test_compare_cpu_floor_xpu_float32
op_extended,third_party.torch-xpu-ops.test.xpu.extended.test_ops_xpu.TestCommonXPU,test_compare_cpu_max_binary_xpu_int8
op_extended,third_party.torch-xpu-ops.test.xpu.extended.test_ops_xpu.TestCommonXPU,test_compare_cpu_split_with_sizes_copy_xpu_float16
op_extended,third_party.torch-xpu-ops.test.xpu.extended.test_ops_xpu.TestCommonXPU,test_compare_cpu_cosh_xpu_float64
op_extended,third_party.torch-xpu-ops.test.xpu.extended.test_ops_xpu.TestCompositeComplianceXPU,test_cow_input_clamp_max_xpu_float32
op_extended,third_party.torch-xpu-ops.test.xpu.extended.test_ops_xpu.TestCompositeComplianceXPU,test_operator_nn_functional_upsample_nearest_xpu_float32
op_extended,third_party.torch-xpu-ops.test.xpu.extended.test_ops_xpu.TestCommonXPU,test_compare_cpu_split_with_sizes_copy_xpu_float32
op_extended,third_party.torch-xpu-ops.test.xpu.extended.test_ops_xpu.TestCompositeComplianceXPU,test_cow_input_clamp_min_xpu_float32
op_extended,third_party.torch-xpu-ops.test.xpu.extended.test_ops_xpu.TestCommonXPU,test_compare_cpu_floor_xpu_float64
op_extended,third_party.torch-xpu-ops.test.xpu.extended.test_ops_xpu.TestCommonXPU,test_compare_cpu_cosh_xpu_int16
op_extended,third_party.torch-xpu-ops.test.xpu.extended.test_ops_xpu.TestCommonXPU,test_compare_cpu_max_binary_xpu_uint8
op_extended,third_party.torch-xpu-ops.test.xpu.extended.test_ops_xpu.TestCompositeComplianceXPU,test_operator_nonzero_xpu_float32
op_extended,third_party.torch-xpu-ops.test.xpu.extended.test_ops_xpu.TestCommonXPU,test_compare_cpu_split_with_sizes_copy_xpu_float64
op_extended,third_party.torch-xpu-ops.test.xpu.extended.test_ops_xpu.TestCommonXPU,test_compare_cpu_floor_xpu_int16
op_extended,third_party.torch-xpu-ops.test.xpu.extended.test_ops_xpu.TestCommonXPU,test_compare_cpu_cosh_xpu_int32
op_extended,third_party.torch-xpu-ops.test.xpu.extended.test_ops_xpu.TestCommonXPU,test_compare_cpu_split_with_sizes_copy_xpu_int16
op_extended,third_party.torch-xpu-ops.test.xpu.extended.test_ops_xpu.TestCompositeComplianceXPU,test_forward_ad__batch_norm_with_update_xpu_float32
op_extended,third_party.torch-xpu-ops.test.xpu.extended.test_ops_xpu.TestCommonXPU,test_compare_cpu_floor_xpu_int32
op_extended,third_party.torch-xpu-ops.test.xpu.extended.test_ops_xpu.TestCommonXPU,test_compare_cpu_cosh_xpu_int64
op_extended,third_party.torch-xpu-ops.test.xpu.extended.test_ops_xpu.TestCommonXPU,test_compare_cpu_split_with_sizes_copy_xpu_int32
op_extended,third_party.torch-xpu-ops.test.xpu.extended.test_ops_xpu.TestCompositeComplianceXPU,test_operator_norm_fro_xpu_float32
op_extended,third_party.torch-xpu-ops.test.xpu.extended.test_ops_xpu.TestCompositeComplianceXPU,test_cow_input_clamp_xpu_float32
op_extended,third_party.torch-xpu-ops.test.xpu.extended.test_ops_xpu.TestCommonXPU,test_compare_cpu_floor_xpu_int64
op_extended,third_party.torch-xpu-ops.test.xpu.extended.test_ops_xpu.TestCommonXPU,test_compare_cpu_cosh_xpu_int8
op_extended,third_party.torch-xpu-ops.test.xpu.extended.test_ops_xpu.TestCommonXPU,test_compare_cpu_split_with_sizes_copy_xpu_int64
op_extended,third_party.torch-xpu-ops.test.xpu.extended.test_ops_xpu.TestCompositeComplianceXPU,test_operator_norm_inf_xpu_float32
op_extended,third_party.torch-xpu-ops.test.xpu.extended.test_ops_xpu.TestCompositeComplianceXPU,test_cow_input_clone_xpu_float32
op_extended,third_party.torch-xpu-ops.test.xpu.extended.test_ops_xpu.TestCommonXPU,test_compare_cpu_floor_xpu_int8
op_extended,third_party.torch-xpu-ops.test.xpu.extended.test_ops_xpu.TestCommonXPU,test_compare_cpu_cosh_xpu_uint8
op_extended,third_party.torch-xpu-ops.test.xpu.extended.test_ops_xpu.TestCommonXPU,test_compare_cpu_split_with_sizes_copy_xpu_int8
op_extended,third_party.torch-xpu-ops.test.xpu.extended.test_ops_xpu.TestCompositeComplianceXPU,test_operator_norm_nuc_xpu_float32
op_extended,third_party.torch-xpu-ops.test.xpu.extended.test_ops_xpu.TestCompositeComplianceXPU,test_cow_input_conj_physical_xpu_float32
op_extended,third_party.torch-xpu-ops.test.xpu.extended.test_ops_xpu.TestCommonXPU,test_compare_cpu_floor_xpu_uint8
op_extended,third_party.torch-xpu-ops.test.xpu.extended.test_ops_xpu.TestCommonXPU,test_compare_cpu_count_nonzero_xpu_bfloat16
op_extended,third_party.torch-xpu-ops.test.xpu.extended.test_ops_xpu.TestCommonXPU,test_compare_cpu_split_with_sizes_copy_xpu_uint8
op_extended,third_party.torch-xpu-ops.test.xpu.extended.test_ops_xpu.TestCompositeComplianceXPU,test_operator_norm_xpu_float32
op_extended,third_party.torch-xpu-ops.test.xpu.extended.test_ops_xpu.TestCompositeComplianceXPU,test_cow_input_copysign_xpu_float32
op_extended,third_party.torch-xpu-ops.test.xpu.extended.test_ops_xpu.TestCommonXPU,test_compare_cpu_count_nonzero_xpu_bool
op_extended,third_party.torch-xpu-ops.test.xpu.extended.test_ops_xpu.TestCommonXPU,test_compare_cpu_sqrt_xpu_bfloat16
op_extended,third_party.torch-xpu-ops.test.xpu.extended.test_ops_xpu.TestCompositeComplianceXPU,test_operator_normal_in_place_xpu_float32
op_extended,third_party.torch-xpu-ops.test.xpu.extended.test_ops_xpu.TestCompositeComplianceXPU,test_cow_input_cos_xpu_float32
op_extended,third_party.torch-xpu-ops.test.xpu.extended.test_ops_xpu.TestCommonXPU,test_compare_cpu_fmax_xpu_bfloat16
op_extended,third_party.torch-xpu-ops.test.xpu.extended.test_ops_xpu.TestCommonXPU,test_compare_cpu_count_nonzero_xpu_complex128
op_extended,third_party.torch-xpu-ops.test.xpu.extended.test_ops_xpu.TestCommonXPU,test_compare_cpu_max_pool2d_with_indices_backward_xpu_bfloat16
op_extended,third_party.torch-xpu-ops.test.xpu.extended.test_ops_xpu.TestCommonXPU,test_compare_cpu_sqrt_xpu_bool
op_extended,third_party.torch-xpu-ops.test.xpu.extended.test_ops_xpu.TestCompositeComplianceXPU,test_cow_input_cosh_xpu_float32
op_extended,third_party.torch-xpu-ops.test.xpu.extended.test_ops_xpu.TestCompositeComplianceXPU,test_operator_normal_number_mean_xpu_float32
op_extended,third_party.torch-xpu-ops.test.xpu.extended.test_ops_xpu.TestCommonXPU,test_compare_cpu_count_nonzero_xpu_complex64
op_extended,third_party.torch-xpu-ops.test.xpu.extended.test_ops_xpu.TestCommonXPU,test_compare_cpu_fmax_xpu_bool
op_extended,third_party.torch-xpu-ops.test.xpu.extended.test_ops_xpu.TestCompositeComplianceXPU,test_backward_cdist_xpu_float32
op_extended,third_party.torch-xpu-ops.test.xpu.extended.test_ops_xpu.TestCompositeComplianceXPU,test_cow_input_count_nonzero_xpu_float32
op_extended,third_party.torch-xpu-ops.test.xpu.extended.test_ops_xpu.TestCompositeComplianceXPU,test_operator_normal_xpu_float32
op_extended,third_party.torch-xpu-ops.test.xpu.extended.test_ops_xpu.TestCommonXPU,test_compare_cpu_sqrt_xpu_complex128
op_extended,third_party.torch-xpu-ops.test.xpu.extended.test_ops_xpu.TestCommonXPU,test_compare_cpu_count_nonzero_xpu_float16
op_extended,third_party.torch-xpu-ops.test.xpu.extended.test_ops_xpu.TestCompositeComplianceXPU,test_cow_input_cross_xpu_float32
op_extended,third_party.torch-xpu-ops.test.xpu.extended.test_ops_xpu.TestCompositeComplianceXPU,test_backward_clamp_max_xpu_float32
op_extended,third_party.torch-xpu-ops.test.xpu.extended.test_ops_xpu.TestCompositeComplianceXPU,test_operator_polar_xpu_float32
op_extended,third_party.torch-xpu-ops.test.xpu.extended.test_ops_xpu.TestCommonXPU,test_compare_cpu_count_nonzero_xpu_float32
op_extended,third_party.torch-xpu-ops.test.xpu.extended.test_ops_xpu.TestCommonXPU,test_compare_cpu_sqrt_xpu_complex64
op_extended,third_party.torch-xpu-ops.test.xpu.extended.test_ops_xpu.TestCompositeComplianceXPU,test_cow_input_cummax_xpu_float32
op_extended,third_party.torch-xpu-ops.test.xpu.extended.test_ops_xpu.TestCommonXPU,test_compare_cpu_fmax_xpu_float16
op_extended,third_party.torch-xpu-ops.test.xpu.extended.test_ops_xpu.TestCompositeComplianceXPU,test_operator_polygamma_polygamma_n_0_xpu_float32
op_extended,third_party.torch-xpu-ops.test.xpu.extended.test_ops_xpu.TestCommonXPU,test_compare_cpu_count_nonzero_xpu_float64
op_extended,third_party.torch-xpu-ops.test.xpu.extended.test_ops_xpu.TestCompositeComplianceXPU,test_backward_clamp_min_xpu_float32
op_extended,third_party.torch-xpu-ops.test.xpu.extended.test_ops_xpu.TestCompositeComplianceXPU,test_view_replay_kthvalue_xpu_float32
op_extended,third_party.torch-xpu-ops.test.xpu.extended.test_ops_xpu.TestCompositeComplianceXPU,test_cow_input_cummin_xpu_float32
op_extended,third_party.torch-xpu-ops.test.xpu.extended.test_ops_xpu.TestCompositeComplianceXPU,test_operator_polygamma_polygamma_n_1_xpu_float32
op_extended,third_party.torch-xpu-ops.test.xpu.extended.test_ops_xpu.TestCommonXPU,test_compare_cpu_count_nonzero_xpu_int16
op_extended,third_party.torch-xpu-ops.test.xpu.extended.test_ops_xpu.TestCommonXPU,test_compare_cpu_fmax_xpu_float32
op_extended,third_party.torch-xpu-ops.test.xpu.extended.test_ops_xpu.TestCompositeComplianceXPU,test_view_replay_le_xpu_float32
op_extended,third_party.torch-xpu-ops.test.xpu.extended.test_ops_xpu.TestCompositeComplianceXPU,test_cow_input_cumprod_xpu_float32
op_extended,third_party.torch-xpu-ops.test.xpu.extended.test_ops_xpu.TestCompositeComplianceXPU,test_operator_polygamma_polygamma_n_2_xpu_float32
op_extended,third_party.torch-xpu-ops.test.xpu.extended.test_ops_xpu.TestCommonXPU,test_compare_cpu_count_nonzero_xpu_int32
op_extended,third_party.torch-xpu-ops.test.xpu.extended.test_ops_xpu.TestCompositeComplianceXPU,test_view_replay_lerp_xpu_float32
op_extended,third_party.torch-xpu-ops.test.xpu.extended.test_ops_xpu.TestCompositeComplianceXPU,test_backward_clamp_xpu_float32
op_extended,third_party.torch-xpu-ops.test.xpu.extended.test_ops_xpu.TestCompositeComplianceXPU,test_cow_input_cumsum_xpu_float32
op_extended,third_party.torch-xpu-ops.test.xpu.extended.test_ops_xpu.TestCommonXPU,test_compare_cpu_fmax_xpu_float64
op_extended,third_party.torch-xpu-ops.test.xpu.extended.test_ops_xpu.TestCompositeComplianceXPU,test_operator_polygamma_polygamma_n_3_xpu_float32
op_extended,third_party.torch-xpu-ops.test.xpu.extended.test_ops_xpu.TestCommonXPU,test_compare_cpu_count_nonzero_xpu_int64
op_extended,third_party.torch-xpu-ops.test.xpu.extended.test_ops_xpu.TestCompositeComplianceXPU,test_view_replay_lgamma_xpu_float32
op_extended,third_party.torch-xpu-ops.test.xpu.extended.test_ops_xpu.TestCompositeComplianceXPU,test_cow_input_digamma_xpu_float32
op_extended,third_party.torch-xpu-ops.test.xpu.extended.test_ops_xpu.TestCompositeComplianceXPU,test_backward_clone_xpu_float32
op_extended,third_party.torch-xpu-ops.test.xpu.extended.test_ops_xpu.TestCompositeComplianceXPU,test_operator_polygamma_polygamma_n_4_xpu_float32
op_extended,third_party.torch-xpu-ops.test.xpu.extended.test_ops_xpu.TestCommonXPU,test_compare_cpu_count_nonzero_xpu_int8
op_extended,third_party.torch-xpu-ops.test.xpu.extended.test_ops_xpu.TestCommonXPU,test_compare_cpu_fmax_xpu_int16
op_extended,third_party.torch-xpu-ops.test.xpu.extended.test_ops_xpu.TestCompositeComplianceXPU,test_backward_conj_physical_xpu_float32
op_extended,third_party.torch-xpu-ops.test.xpu.extended.test_ops_xpu.TestCompositeComplianceXPU,test_cow_input_div_floor_rounding_xpu_float32
op_extended,third_party.torch-xpu-ops.test.xpu.extended.test_ops_xpu.TestCommonXPU,test_compare_cpu_max_pool2d_with_indices_backward_xpu_float16
op_extended,third_party.torch-xpu-ops.test.xpu.extended.test_ops_xpu.TestCompositeComplianceXPU,test_view_replay_linspace_tensor_overload_xpu_float32
op_extended,third_party.torch-xpu-ops.test.xpu.extended.test_ops_xpu.TestCommonXPU,test_compare_cpu_count_nonzero_xpu_uint8
op_extended,third_party.torch-xpu-ops.test.xpu.extended.test_ops_xpu.TestCompositeComplianceXPU,test_operator_pow_xpu_float32
op_extended,third_party.torch-xpu-ops.test.xpu.extended.test_ops_xpu.TestCompositeComplianceXPU,test_cow_input_div_no_rounding_mode_xpu_float32
op_extended,third_party.torch-xpu-ops.test.xpu.extended.test_ops_xpu.TestCommonXPU,test_compare_cpu_fmax_xpu_int32
op_extended,third_party.torch-xpu-ops.test.xpu.extended.test_ops_xpu.TestCompositeComplianceXPU,test_view_replay_linspace_xpu_float32
op_extended,third_party.torch-xpu-ops.test.xpu.extended.test_ops_xpu.TestCompositeComplianceXPU,test_backward_copysign_xpu_float32
op_extended,third_party.torch-xpu-ops.test.xpu.extended.test_ops_xpu.TestCommonXPU,test_compare_cpu_cross_xpu_bfloat16
op_extended,third_party.torch-xpu-ops.test.xpu.extended.test_ops_xpu.TestCompositeComplianceXPU,test_operator_prod_xpu_float32
op_extended,third_party.torch-xpu-ops.test.xpu.extended.test_ops_xpu.TestCompositeComplianceXPU,test_cow_input_div_trunc_rounding_xpu_float32
op_extended,third_party.torch-xpu-ops.test.xpu.extended.test_ops_xpu.TestCommonXPU,test_compare_cpu_fmax_xpu_int64
op_extended,third_party.torch-xpu-ops.test.xpu.extended.test_ops_xpu.TestCompositeComplianceXPU,test_view_replay_log10_xpu_float32
op_extended,third_party.torch-xpu-ops.test.xpu.extended.test_ops_xpu.TestCompositeComplianceXPU,test_backward_cos_xpu_float32
op_extended,third_party.torch-xpu-ops.test.xpu.extended.test_ops_xpu.TestCommonXPU,test_compare_cpu_cross_xpu_complex128
op_extended,third_party.torch-xpu-ops.test.xpu.extended.test_ops_xpu.TestCompositeComplianceXPU,test_cow_input_empty_xpu_float32
op_extended,third_party.torch-xpu-ops.test.xpu.extended.test_ops_xpu.TestCompositeComplianceXPU,test_view_replay_log1p_xpu_float32
op_extended,third_party.torch-xpu-ops.test.xpu.extended.test_ops_xpu.TestCompositeComplianceXPU,test_operator_put_xpu_float32
op_extended,third_party.torch-xpu-ops.test.xpu.extended.test_ops_xpu.TestCompositeComplianceXPU,test_backward_cosh_xpu_float32
op_extended,third_party.torch-xpu-ops.test.xpu.extended.test_ops_xpu.TestCommonXPU,test_compare_cpu_cross_xpu_complex64
op_extended,third_party.torch-xpu-ops.test.xpu.extended.test_ops_xpu.TestCommonXPU,test_compare_cpu_fmax_xpu_int8
op_extended,third_party.torch-xpu-ops.test.xpu.extended.test_ops_xpu.TestCompositeComplianceXPU,test_cow_input_eq_xpu_float32
op_extended,third_party.torch-xpu-ops.test.xpu.extended.test_ops_xpu.TestCompositeComplianceXPU,test_view_replay_log2_xpu_float32
op_extended,third_party.torch-xpu-ops.test.xpu.extended.test_ops_xpu.TestCompositeComplianceXPU,test_operator_reciprocal_xpu_float32
op_extended,third_party.torch-xpu-ops.test.xpu.extended.test_ops_xpu.TestCompositeComplianceXPU,test_backward_cross_xpu_float32
op_extended,third_party.torch-xpu-ops.test.xpu.extended.test_ops_xpu.TestCommonXPU,test_compare_cpu_cross_xpu_float32
op_extended,third_party.torch-xpu-ops.test.xpu.extended.test_ops_xpu.TestCompositeComplianceXPU,test_cow_input_equal_xpu_float32
op_extended,third_party.torch-xpu-ops.test.xpu.extended.test_ops_xpu.TestCommonXPU,test_compare_cpu_fmax_xpu_uint8
op_extended,third_party.torch-xpu-ops.test.xpu.extended.test_ops_xpu.TestCompositeComplianceXPU,test_view_replay_log_normal_xpu_float32
op_extended,third_party.torch-xpu-ops.test.xpu.extended.test_ops_xpu.TestCompositeComplianceXPU,test_operator_remainder_xpu_float32
op_extended,third_party.torch-xpu-ops.test.xpu.extended.test_ops_xpu.TestCommonXPU,test_compare_cpu_cross_xpu_float64
op_extended,third_party.torch-xpu-ops.test.xpu.extended.test_ops_xpu.TestCompositeComplianceXPU,test_backward_cummax_xpu_float32
op_extended,third_party.torch-xpu-ops.test.xpu.extended.test_ops_xpu.TestCompositeComplianceXPU,test_cow_input_erf_xpu_float32
op_extended,third_party.torch-xpu-ops.test.xpu.extended.test_ops_xpu.TestCompositeComplianceXPU,test_view_replay_log_softmax_with_dtype_xpu_float32
op_extended,third_party.torch-xpu-ops.test.xpu.extended.test_ops_xpu.TestCommonXPU,test_compare_cpu_cross_xpu_int16
op_extended,third_party.torch-xpu-ops.test.xpu.extended.test_ops_xpu.TestCompositeComplianceXPU,test_operator_renorm_xpu_float32
op_extended,third_party.torch-xpu-ops.test.xpu.extended.test_ops_xpu.TestCommonXPU,test_compare_cpu_fmin_xpu_bfloat16
op_extended,third_party.torch-xpu-ops.test.xpu.extended.test_ops_xpu.TestCompositeComplianceXPU,test_backward_cummin_xpu_float32
op_extended,third_party.torch-xpu-ops.test.xpu.extended.test_ops_xpu.TestCompositeComplianceXPU,test_cow_input_erfc_xpu_float32
op_extended,third_party.torch-xpu-ops.test.xpu.extended.test_ops_xpu.TestCompositeComplianceXPU,test_view_replay_log_softmax_xpu_float32
op_extended,third_party.torch-xpu-ops.test.xpu.extended.test_ops_xpu.TestCommonXPU,test_compare_cpu_cross_xpu_int32
op_extended,third_party.torch-xpu-ops.test.xpu.extended.test_ops_xpu.TestCommonXPU,test_compare_cpu_max_pool2d_with_indices_backward_xpu_float32
op_extended,third_party.torch-xpu-ops.test.xpu.extended.test_ops_xpu.TestCompositeComplianceXPU,test_operator_repeat_interleave_xpu_float32
op_extended,third_party.torch-xpu-ops.test.xpu.extended.test_ops_xpu.TestCommonXPU,test_compare_cpu_fmin_xpu_bool
op_extended,third_party.torch-xpu-ops.test.xpu.extended.test_ops_xpu.TestCompositeComplianceXPU,test_cow_input_erfinv_xpu_float32
op_extended,third_party.torch-xpu-ops.test.xpu.extended.test_ops_xpu.TestCompositeComplianceXPU,test_view_replay_log_xpu_float32
op_extended,third_party.torch-xpu-ops.test.xpu.extended.test_ops_xpu.TestCompositeComplianceXPU,test_backward_cumprod_xpu_float32
op_extended,third_party.torch-xpu-ops.test.xpu.extended.test_ops_xpu.TestCommonXPU,test_compare_cpu_cross_xpu_int64
op_extended,third_party.torch-xpu-ops.test.xpu.extended.test_ops_xpu.TestCompositeComplianceXPU,test_operator_reshape_xpu_float32
op_extended,third_party.torch-xpu-ops.test.xpu.extended.test_ops_xpu.TestCompositeComplianceXPU,test_cow_input_exp2_xpu_float32
op_extended,third_party.torch-xpu-ops.test.xpu.extended.test_ops_xpu.TestCompositeComplianceXPU,test_view_replay_logaddexp2_xpu_float32
op_extended,third_party.torch-xpu-ops.test.xpu.extended.test_ops_xpu.TestCompositeComplianceXPU,test_backward_cumsum_xpu_float32
op_extended,third_party.torch-xpu-ops.test.xpu.extended.test_ops_xpu.TestCommonXPU,test_compare_cpu_cross_xpu_int8
op_extended,third_party.torch-xpu-ops.test.xpu.extended.test_ops_xpu.TestCompositeComplianceXPU,test_cow_input_exp_xpu_float32
op_extended,third_party.torch-xpu-ops.test.xpu.extended.test_ops_xpu.TestCommonXPU,test_compare_cpu_fmin_xpu_float16
op_extended,third_party.torch-xpu-ops.test.xpu.extended.test_ops_xpu.TestCompositeComplianceXPU,test_view_replay_logaddexp_xpu_float32
op_extended,third_party.torch-xpu-ops.test.xpu.extended.test_ops_xpu.TestCompositeComplianceXPU,test_operator_roll_xpu_float32
op_extended,third_party.torch-xpu-ops.test.xpu.extended.test_ops_xpu.TestCommonXPU,test_compare_cpu_cross_xpu_uint8
op_extended,third_party.torch-xpu-ops.test.xpu.extended.test_ops_xpu.TestCompositeComplianceXPU,test_backward_digamma_xpu_float32
op_extended,third_party.torch-xpu-ops.test.xpu.extended.test_ops_xpu.TestCompositeComplianceXPU,test_cow_input_expm1_xpu_float32
op_extended,third_party.torch-xpu-ops.test.xpu.extended.test_ops_xpu.TestCompositeComplianceXPU,test_view_replay_logcumsumexp_xpu_float32
op_extended,third_party.torch-xpu-ops.test.xpu.extended.test_ops_xpu.TestCompositeComplianceXPU,test_operator_round_decimals_0_xpu_float32
op_extended,third_party.torch-xpu-ops.test.xpu.extended.test_ops_xpu.TestCommonXPU,test_compare_cpu_fmin_xpu_float32
op_extended,third_party.torch-xpu-ops.test.xpu.extended.test_ops_xpu.TestCommonXPU,test_compare_cpu_cummax_xpu_bfloat16
op_extended,third_party.torch-xpu-ops.test.xpu.extended.test_ops_xpu.TestCompositeComplianceXPU,test_cow_input_exponential_xpu_float32
op_extended,third_party.torch-xpu-ops.test.xpu.extended.test_ops_xpu.TestCompositeComplianceXPU,test_backward_div_floor_rounding_xpu_float32
op_extended,third_party.torch-xpu-ops.test.xpu.extended.test_ops_xpu.TestCompositeComplianceXPU,test_operator_round_decimals_3_xpu_float32
op_extended,third_party.torch-xpu-ops.test.xpu.extended.test_ops_xpu.TestCommonXPU,test_compare_cpu_cummax_xpu_bool
op_extended,third_party.torch-xpu-ops.test.xpu.extended.test_ops_xpu.TestCompositeComplianceXPU,test_view_replay_logical_and_xpu_float32
op_extended,third_party.torch-xpu-ops.test.xpu.extended.test_ops_xpu.TestCommonXPU,test_compare_cpu_fmin_xpu_float64
op_extended,third_party.torch-xpu-ops.test.xpu.extended.test_ops_xpu.TestCompositeComplianceXPU,test_cow_input_eye_xpu_float32
op_extended,third_party.torch-xpu-ops.test.xpu.extended.test_ops_xpu.TestCompositeComplianceXPU,test_operator_round_decimals_neg_3_xpu_float32
op_extended,third_party.torch-xpu-ops.test.xpu.extended.test_ops_xpu.TestCompositeComplianceXPU,test_backward_div_no_rounding_mode_xpu_float32
op_extended,third_party.torch-xpu-ops.test.xpu.extended.test_ops_xpu.TestCompositeComplianceXPU,test_view_replay_logical_not_xpu_float32
op_extended,third_party.torch-xpu-ops.test.xpu.extended.test_ops_xpu.TestCommonXPU,test_compare_cpu_cummax_xpu_float16
op_extended,third_party.torch-xpu-ops.test.xpu.extended.test_ops_xpu.TestCompositeComplianceXPU,test_operator_round_xpu_float32
op_extended,third_party.torch-xpu-ops.test.xpu.extended.test_ops_xpu.TestCommonXPU,test_compare_cpu_fmin_xpu_int16
op_extended,third_party.torch-xpu-ops.test.xpu.extended.test_ops_xpu.TestCompositeComplianceXPU,test_cow_input_fft_fft2_xpu_float32
op_extended,third_party.torch-xpu-ops.test.xpu.extended.test_ops_xpu.TestCompositeComplianceXPU,test_view_replay_logical_or_xpu_float32
op_extended,third_party.torch-xpu-ops.test.xpu.extended.test_ops_xpu.TestCommonXPU,test_compare_cpu_cummax_xpu_float32
op_extended,third_party.torch-xpu-ops.test.xpu.extended.test_ops_xpu.TestCompositeComplianceXPU,test_backward_div_trunc_rounding_xpu_float32
op_extended,third_party.torch-xpu-ops.test.xpu.extended.test_ops_xpu.TestCompositeComplianceXPU,test_operator_rsqrt_xpu_float32
op_extended,third_party.torch-xpu-ops.test.xpu.extended.test_ops_xpu.TestCommonXPU,test_compare_cpu_max_pool2d_with_indices_backward_xpu_float64
op_extended,third_party.torch-xpu-ops.test.xpu.extended.test_ops_xpu.TestCompositeComplianceXPU,test_view_replay_logical_xor_xpu_float32
op_extended,third_party.torch-xpu-ops.test.xpu.extended.test_ops_xpu.TestCommonXPU,test_compare_cpu_fmin_xpu_int32
op_extended,third_party.torch-xpu-ops.test.xpu.extended.test_ops_xpu.TestCommonXPU,test_compare_cpu_cummax_xpu_float64
op_extended,third_party.torch-xpu-ops.test.xpu.extended.test_ops_xpu.TestCompositeComplianceXPU,test_cow_input_fft_fft_xpu_float32
op_extended,third_party.torch-xpu-ops.test.xpu.extended.test_ops_xpu.TestCompositeComplianceXPU,test_backward_erf_xpu_float32
op_extended,third_party.torch-xpu-ops.test.xpu.extended.test_ops_xpu.TestCompositeComplianceXPU,test_view_replay_logit_xpu_float32
op_extended,third_party.torch-xpu-ops.test.xpu.extended.test_ops_xpu.TestCompositeComplianceXPU,test_operator_scatter_reduce_amax_xpu_float32
op_extended,third_party.torch-xpu-ops.test.xpu.extended.test_ops_xpu.TestCommonXPU,test_compare_cpu_cummax_xpu_int16
op_extended,third_party.torch-xpu-ops.test.xpu.extended.test_ops_xpu.TestCompositeComplianceXPU,test_cow_input_fft_fftn_xpu_float32
op_extended,third_party.torch-xpu-ops.test.xpu.extended.test_ops_xpu.TestCommonXPU,test_compare_cpu_fmin_xpu_int64
op_extended,third_party.torch-xpu-ops.test.xpu.extended.test_ops_xpu.TestCompositeComplianceXPU,test_backward_erfc_xpu_float32
op_extended,third_party.torch-xpu-ops.test.xpu.extended.test_ops_xpu.TestCommonXPU,test_compare_cpu_cummax_xpu_int32
op_extended,third_party.torch-xpu-ops.test.xpu.extended.test_ops_xpu.TestCommonXPU,test_compare_cpu_max_reduction_no_dim_xpu_bfloat16
op_extended,third_party.torch-xpu-ops.test.xpu.extended.test_ops_xpu.TestCompositeComplianceXPU,test_cow_input_fft_fftshift_xpu_float32
op_extended,third_party.torch-xpu-ops.test.xpu.extended.test_ops_xpu.TestCompositeComplianceXPU,test_operator_scatter_reduce_amin_xpu_float32
op_extended,third_party.torch-xpu-ops.test.xpu.extended.test_ops_xpu.TestCompositeComplianceXPU,test_backward_erfinv_xpu_float32
op_extended,third_party.torch-xpu-ops.test.xpu.extended.test_ops_xpu.TestCommonXPU,test_compare_cpu_fmin_xpu_int8
op_extended,third_party.torch-xpu-ops.test.xpu.extended.test_ops_xpu.TestCommonXPU,test_compare_cpu_cummax_xpu_int64
op_extended,third_party.torch-xpu-ops.test.xpu.extended.test_ops_xpu.TestCommonXPU,test_compare_cpu_max_reduction_no_dim_xpu_bool
op_extended,third_party.torch-xpu-ops.test.xpu.extended.test_ops_xpu.TestCompositeComplianceXPU,test_backward_exp2_xpu_float32
op_extended,third_party.torch-xpu-ops.test.xpu.extended.test_ops_xpu.TestCommonXPU,test_compare_cpu_cummax_xpu_int8
op_extended,third_party.torch-xpu-ops.test.xpu.extended.test_ops_xpu.TestCompositeComplianceXPU,test_operator_scatter_reduce_mean_xpu_float32
op_extended,third_party.torch-xpu-ops.test.xpu.extended.test_ops_xpu.TestCommonXPU,test_compare_cpu_fmin_xpu_uint8
op_extended,third_party.torch-xpu-ops.test.xpu.extended.test_ops_xpu.TestCompositeComplianceXPU,test_backward_exp_xpu_float32
op_extended,third_party.torch-xpu-ops.test.xpu.extended.test_ops_xpu.TestCommonXPU,test_compare_cpu_max_reduction_no_dim_xpu_float16
op_extended,third_party.torch-xpu-ops.test.xpu.extended.test_ops_xpu.TestCommonXPU,test_compare_cpu_cummax_xpu_uint8
op_extended,third_party.torch-xpu-ops.test.xpu.extended.test_ops_xpu.TestCompositeComplianceXPU,test_view_replay_logspace_tensor_overload_xpu_float32
op_extended,third_party.torch-xpu-ops.test.xpu.extended.test_ops_xpu.TestCompositeComplianceXPU,test_backward_expm1_xpu_float32
op_extended,third_party.torch-xpu-ops.test.xpu.extended.test_ops_xpu.TestCompositeComplianceXPU,test_operator_scatter_reduce_prod_xpu_float32
op_extended,third_party.torch-xpu-ops.test.xpu.extended.test_ops_xpu.TestCommonXPU,test_compare_cpu_max_reduction_no_dim_xpu_float32
op_extended,third_party.torch-xpu-ops.test.xpu.extended.test_ops_xpu.TestCommonXPU,test_compare_cpu_cummin_xpu_bfloat16
op_extended,third_party.torch-xpu-ops.test.xpu.extended.test_ops_xpu.TestCommonXPU,test_compare_cpu_fmod_xpu_bfloat16
op_extended,third_party.torch-xpu-ops.test.xpu.extended.test_ops_xpu.TestCompositeComplianceXPU,test_backward_fft_fft2_xpu_float32
op_extended,third_party.torch-xpu-ops.test.xpu.extended.test_ops_xpu.TestCommonXPU,test_compare_cpu_cummin_xpu_bool
op_extended,third_party.torch-xpu-ops.test.xpu.extended.test_ops_xpu.TestCompositeComplianceXPU,test_view_replay_logspace_xpu_float32
op_extended,third_party.torch-xpu-ops.test.xpu.extended.test_ops_xpu.TestCommonXPU,test_compare_cpu_max_reduction_no_dim_xpu_float64
op_extended,third_party.torch-xpu-ops.test.xpu.extended.test_ops_xpu.TestCompositeComplianceXPU,test_operator_scatter_reduce_sum_xpu_float32
op_extended,third_party.torch-xpu-ops.test.xpu.extended.test_ops_xpu.TestCommonXPU,test_compare_cpu_max_reduction_no_dim_xpu_int16
op_extended,third_party.torch-xpu-ops.test.xpu.extended.test_ops_xpu.TestCompositeComplianceXPU,test_view_replay_lt_xpu_float32
op_extended,third_party.torch-xpu-ops.test.xpu.extended.test_ops_xpu.TestCompositeComplianceXPU,test_cow_input_fft_hfft2_xpu_float32
op_extended,third_party.torch-xpu-ops.test.xpu.extended.test_ops_xpu.TestCompositeComplianceXPU,test_backward_fft_fft_xpu_float32
op_extended,third_party.torch-xpu-ops.test.xpu.extended.test_ops_xpu.TestCommonXPU,test_compare_cpu_max_reduction_no_dim_xpu_int32
op_extended,third_party.torch-xpu-ops.test.xpu.extended.test_ops_xpu.TestCompositeComplianceXPU,test_view_replay_masked_fill_xpu_float32
op_extended,third_party.torch-xpu-ops.test.xpu.extended.test_ops_xpu.TestCompositeComplianceXPU,test_operator_scatter_xpu_float32
op_extended,third_party.torch-xpu-ops.test.xpu.extended.test_ops_xpu.TestCompositeComplianceXPU,test_cow_input_fft_hfft_xpu_float32
op_extended,third_party.torch-xpu-ops.test.xpu.extended.test_ops_xpu.TestCompositeComplianceXPU,test_backward_fft_fftn_xpu_float32
op_extended,third_party.torch-xpu-ops.test.xpu.extended.test_ops_xpu.TestCommonXPU,test_compare_cpu_cummin_xpu_float16
op_extended,third_party.torch-xpu-ops.test.xpu.extended.test_ops_xpu.TestCommonXPU,test_compare_cpu_max_reduction_no_dim_xpu_int64
op_extended,third_party.torch-xpu-ops.test.xpu.extended.test_ops_xpu.TestCompositeComplianceXPU,test_view_replay_masked_scatter_xpu_float32
op_extended,third_party.torch-xpu-ops.test.xpu.extended.test_ops_xpu.TestCommonXPU,test_compare_cpu_fmod_xpu_float16
op_extended,third_party.torch-xpu-ops.test.xpu.extended.test_ops_xpu.TestCompositeComplianceXPU,test_cow_input_fft_hfftn_xpu_float32
op_extended,third_party.torch-xpu-ops.test.xpu.extended.test_ops_xpu.TestCompositeComplianceXPU,test_backward_fft_fftshift_xpu_float32
op_extended,third_party.torch-xpu-ops.test.xpu.extended.test_ops_xpu.TestCommonXPU,test_compare_cpu_cummin_xpu_float32
op_extended,third_party.torch-xpu-ops.test.xpu.extended.test_ops_xpu.TestCommonXPU,test_compare_cpu_max_reduction_no_dim_xpu_int8
op_extended,third_party.torch-xpu-ops.test.xpu.extended.test_ops_xpu.TestCompositeComplianceXPU,test_view_replay_masked_select_xpu_float32
op_extended,third_party.torch-xpu-ops.test.xpu.extended.test_ops_xpu.TestCompositeComplianceXPU,test_cow_input_fft_ifft2_xpu_float32
op_extended,third_party.torch-xpu-ops.test.xpu.extended.test_ops_xpu.TestCommonXPU,test_compare_cpu_fmod_xpu_float32
op_extended,third_party.torch-xpu-ops.test.xpu.extended.test_ops_xpu.TestCommonXPU,test_compare_cpu_cummin_xpu_float64
op_extended,third_party.torch-xpu-ops.test.xpu.extended.test_ops_xpu.TestCompositeComplianceXPU,test_backward_fft_hfft2_xpu_float32
op_extended,third_party.torch-xpu-ops.test.xpu.extended.test_ops_xpu.TestCommonXPU,test_compare_cpu_max_reduction_no_dim_xpu_uint8
op_extended,third_party.torch-xpu-ops.test.xpu.extended.test_ops_xpu.TestCompositeComplianceXPU,test_view_replay_max_binary_xpu_float32
op_extended,third_party.torch-xpu-ops.test.xpu.extended.test_ops_xpu.TestCompositeComplianceXPU,test_cow_input_fft_ifft_xpu_float32
op_extended,third_party.torch-xpu-ops.test.xpu.extended.test_ops_xpu.TestCommonXPU,test_compare_cpu_cummin_xpu_int16
op_extended,third_party.torch-xpu-ops.test.xpu.extended.test_ops_xpu.TestCommonXPU,test_compare_cpu_max_reduction_with_dim_xpu_bfloat16
op_extended,third_party.torch-xpu-ops.test.xpu.extended.test_ops_xpu.TestCompositeComplianceXPU,test_backward_fft_hfft_xpu_float32
op_extended,third_party.torch-xpu-ops.test.xpu.extended.test_ops_xpu.TestCompositeComplianceXPU,test_cow_input_fft_ifftn_xpu_float32
op_extended,third_party.torch-xpu-ops.test.xpu.extended.test_ops_xpu.TestCommonXPU,test_compare_cpu_fmod_xpu_float64
op_extended,third_party.torch-xpu-ops.test.xpu.extended.test_ops_xpu.TestCommonXPU,test_compare_cpu_cummin_xpu_int32
op_extended,third_party.torch-xpu-ops.test.xpu.extended.test_ops_xpu.TestCommonXPU,test_compare_cpu_max_reduction_with_dim_xpu_bool
op_extended,third_party.torch-xpu-ops.test.xpu.extended.test_ops_xpu.TestCompositeComplianceXPU,test_backward_fft_hfftn_xpu_float32
op_extended,third_party.torch-xpu-ops.test.xpu.extended.test_ops_xpu.TestCompositeComplianceXPU,test_operator_searchsorted_xpu_float32
op_extended,third_party.torch-xpu-ops.test.xpu.extended.test_ops_xpu.TestCompositeComplianceXPU,test_cow_input_fft_ifftshift_xpu_float32
op_extended,third_party.torch-xpu-ops.test.xpu.extended.test_ops_xpu.TestCommonXPU,test_compare_cpu_cummin_xpu_int64
op_extended,third_party.torch-xpu-ops.test.xpu.extended.test_ops_xpu.TestCommonXPU,test_compare_cpu_fmod_xpu_int16
op_extended,third_party.torch-xpu-ops.test.xpu.extended.test_ops_xpu.TestCompositeComplianceXPU,test_operator_sgn_xpu_float32
op_extended,third_party.torch-xpu-ops.test.xpu.extended.test_ops_xpu.TestCommonXPU,test_compare_cpu_max_reduction_with_dim_xpu_float16
op_extended,third_party.torch-xpu-ops.test.xpu.extended.test_ops_xpu.TestCompositeComplianceXPU,test_backward_fft_ifft2_xpu_float32
op_extended,third_party.torch-xpu-ops.test.xpu.extended.test_ops_xpu.TestCompositeComplianceXPU,test_cow_input_fft_ihfft2_xpu_float32
op_extended,third_party.torch-xpu-ops.test.xpu.extended.test_ops_xpu.TestCommonXPU,test_compare_cpu_cummin_xpu_int8
op_extended,third_party.torch-xpu-ops.test.xpu.extended.test_ops_xpu.TestCompositeComplianceXPU,test_operator_sigmoid_xpu_float32
op_extended,third_party.torch-xpu-ops.test.xpu.extended.test_ops_xpu.TestCommonXPU,test_compare_cpu_max_reduction_with_dim_xpu_float32
op_extended,third_party.torch-xpu-ops.test.xpu.extended.test_ops_xpu.TestCommonXPU,test_compare_cpu_cummin_xpu_uint8
op_extended,third_party.torch-xpu-ops.test.xpu.extended.test_ops_xpu.TestCommonXPU,test_compare_cpu_fmod_xpu_int32
op_extended,third_party.torch-xpu-ops.test.xpu.extended.test_ops_xpu.TestCompositeComplianceXPU,test_cow_input_fft_ihfft_xpu_float32
op_extended,third_party.torch-xpu-ops.test.xpu.extended.test_ops_xpu.TestCompositeComplianceXPU,test_backward_fft_ifft_xpu_float32
op_extended,third_party.torch-xpu-ops.test.xpu.extended.test_ops_xpu.TestCompositeComplianceXPU,test_operator_sign_xpu_float32
op_extended,third_party.torch-xpu-ops.test.xpu.extended.test_ops_xpu.TestCommonXPU,test_compare_cpu_max_reduction_with_dim_xpu_float64
op_extended,third_party.torch-xpu-ops.test.xpu.extended.test_ops_xpu.TestCommonXPU,test_compare_cpu_cumprod_xpu_bfloat16
op_extended,third_party.torch-xpu-ops.test.xpu.extended.test_ops_xpu.TestCompositeComplianceXPU,test_view_replay_max_pool2d_with_indices_backward_xpu_float32
op_extended,third_party.torch-xpu-ops.test.xpu.extended.test_ops_xpu.TestCompositeComplianceXPU,test_cow_input_fft_ihfftn_xpu_float32
op_extended,third_party.torch-xpu-ops.test.xpu.extended.test_ops_xpu.TestCompositeComplianceXPU,test_backward_fft_ifftn_xpu_float32
op_extended,third_party.torch-xpu-ops.test.xpu.extended.test_ops_xpu.TestCompositeComplianceXPU,test_operator_signbit_xpu_float32
op_extended,third_party.torch-xpu-ops.test.xpu.extended.test_ops_xpu.TestCommonXPU,test_compare_cpu_fmod_xpu_int64
op_extended,third_party.torch-xpu-ops.test.xpu.extended.test_ops_xpu.TestCommonXPU,test_compare_cpu_max_reduction_with_dim_xpu_int16
op_extended,third_party.torch-xpu-ops.test.xpu.extended.test_ops_xpu.TestCommonXPU,test_compare_cpu_cumprod_xpu_complex128
op_extended,third_party.torch-xpu-ops.test.xpu.extended.test_ops_xpu.TestCompositeComplianceXPU,test_backward_fft_ifftshift_xpu_float32
op_extended,third_party.torch-xpu-ops.test.xpu.extended.test_ops_xpu.TestCompositeComplianceXPU,test_view_replay_max_reduction_no_dim_xpu_float32
op_extended,third_party.torch-xpu-ops.test.xpu.extended.test_ops_xpu.TestCompositeComplianceXPU,test_operator_sin_xpu_float32
op_extended,third_party.torch-xpu-ops.test.xpu.extended.test_ops_xpu.TestCommonXPU,test_compare_cpu_max_reduction_with_dim_xpu_int32
op_extended,third_party.torch-xpu-ops.test.xpu.extended.test_ops_xpu.TestCommonXPU,test_compare_cpu_fmod_xpu_int8
op_extended,third_party.torch-xpu-ops.test.xpu.extended.test_ops_xpu.TestCommonXPU,test_compare_cpu_cumprod_xpu_complex64
op_extended,third_party.torch-xpu-ops.test.xpu.extended.test_ops_xpu.TestCompositeComplianceXPU,test_view_replay_max_reduction_with_dim_xpu_float32
op_extended,third_party.torch-xpu-ops.test.xpu.extended.test_ops_xpu.TestCompositeComplianceXPU,test_backward_fft_ihfft2_xpu_float32
op_extended,third_party.torch-xpu-ops.test.xpu.extended.test_ops_xpu.TestCompositeComplianceXPU,test_operator_sinc_xpu_float32
op_extended,third_party.torch-xpu-ops.test.xpu.extended.test_ops_xpu.TestCommonXPU,test_compare_cpu_max_reduction_with_dim_xpu_int64
op_extended,third_party.torch-xpu-ops.test.xpu.extended.test_ops_xpu.TestCompositeComplianceXPU,test_cow_input_fft_irfft2_xpu_float32
op_extended,third_party.torch-xpu-ops.test.xpu.extended.test_ops_xpu.TestCommonXPU,test_compare_cpu_cumprod_xpu_float16
op_extended,third_party.torch-xpu-ops.test.xpu.extended.test_ops_xpu.TestCompositeComplianceXPU,test_view_replay_maximum_xpu_float32
op_extended,third_party.torch-xpu-ops.test.xpu.extended.test_ops_xpu.TestCompositeComplianceXPU,test_operator_sinh_xpu_float32
op_extended,third_party.torch-xpu-ops.test.xpu.extended.test_ops_xpu.TestCommonXPU,test_compare_cpu_max_reduction_with_dim_xpu_int8
op_extended,third_party.torch-xpu-ops.test.xpu.extended.test_ops_xpu.TestCommonXPU,test_compare_cpu_fmod_xpu_uint8
op_extended,third_party.torch-xpu-ops.test.xpu.extended.test_ops_xpu.TestCompositeComplianceXPU,test_backward_fft_ihfft_xpu_float32
op_extended,third_party.torch-xpu-ops.test.xpu.extended.test_ops_xpu.TestCompositeComplianceXPU,test_cow_input_fft_irfft_xpu_float32
op_extended,third_party.torch-xpu-ops.test.xpu.extended.test_ops_xpu.TestCommonXPU,test_compare_cpu_cumprod_xpu_float32
op_extended,third_party.torch-xpu-ops.test.xpu.extended.test_ops_xpu.TestCompositeComplianceXPU,test_view_replay_median_xpu_float32
op_extended,third_party.torch-xpu-ops.test.xpu.extended.test_ops_xpu.TestCompositeComplianceXPU,test_operator_softmax_with_dtype_xpu_float32
op_extended,third_party.torch-xpu-ops.test.xpu.extended.test_ops_xpu.TestCommonXPU,test_compare_cpu_max_reduction_with_dim_xpu_uint8
op_extended,third_party.torch-xpu-ops.test.xpu.extended.test_ops_xpu.TestCommonXPU,test_compare_cpu_frac_xpu_bfloat16
op_extended,third_party.torch-xpu-ops.test.xpu.extended.test_ops_xpu.TestCompositeComplianceXPU,test_backward_fft_ihfftn_xpu_float32
op_extended,third_party.torch-xpu-ops.test.xpu.extended.test_ops_xpu.TestCompositeComplianceXPU,test_cow_input_fft_irfftn_xpu_float32
op_extended,third_party.torch-xpu-ops.test.xpu.extended.test_ops_xpu.TestCommonXPU,test_compare_cpu_cumprod_xpu_float64
op_extended,third_party.torch-xpu-ops.test.xpu.extended.test_ops_xpu.TestCompositeComplianceXPU,test_view_replay_min_binary_xpu_float32
op_extended,third_party.torch-xpu-ops.test.xpu.extended.test_ops_xpu.TestCompositeComplianceXPU,test_operator_softmax_xpu_float32
op_extended,third_party.torch-xpu-ops.test.xpu.extended.test_ops_xpu.TestCommonXPU,test_compare_cpu_maximum_xpu_bfloat16
op_extended,third_party.torch-xpu-ops.test.xpu.extended.test_ops_xpu.TestCommonXPU,test_compare_cpu_cumprod_xpu_int16
op_extended,third_party.torch-xpu-ops.test.xpu.extended.test_ops_xpu.TestCompositeComplianceXPU,test_cow_input_fft_rfft2_xpu_float32
op_extended,third_party.torch-xpu-ops.test.xpu.extended.test_ops_xpu.TestCompositeComplianceXPU,test_backward_fft_irfft2_xpu_float32
op_extended,third_party.torch-xpu-ops.test.xpu.extended.test_ops_xpu.TestCompositeComplianceXPU,test_forward_ad__native_batch_norm_legit_xpu_float32
op_extended,third_party.torch-xpu-ops.test.xpu.extended.test_ops_xpu.TestCompositeComplianceXPU,test_operator_split_with_sizes_copy_xpu_float32
op_extended,third_party.torch-xpu-ops.test.xpu.extended.test_ops_xpu.TestCommonXPU,test_compare_cpu_frac_xpu_float16
op_extended,third_party.torch-xpu-ops.test.xpu.extended.test_ops_xpu.TestCompositeComplianceXPU,test_view_replay_min_reduction_no_dim_xpu_float32
op_extended,third_party.torch-xpu-ops.test.xpu.extended.test_ops_xpu.TestCommonXPU,test_compare_cpu_cumprod_xpu_int32
op_extended,third_party.torch-xpu-ops.test.xpu.extended.test_ops_xpu.TestCompositeComplianceXPU,test_cow_input_fft_rfft_xpu_float32
op_extended,third_party.torch-xpu-ops.test.xpu.extended.test_ops_xpu.TestCommonXPU,test_compare_cpu_maximum_xpu_bool
op_extended,third_party.torch-xpu-ops.test.xpu.extended.test_ops_xpu.TestCompositeComplianceXPU,test_backward_fft_irfft_xpu_float32
op_extended,third_party.torch-xpu-ops.test.xpu.extended.test_ops_xpu.TestCompositeComplianceXPU,test_operator_sqrt_xpu_float32
op_extended,third_party.torch-xpu-ops.test.xpu.extended.test_ops_xpu.TestCommonXPU,test_compare_cpu_frac_xpu_float32
op_extended,third_party.torch-xpu-ops.test.xpu.extended.test_ops_xpu.TestCompositeComplianceXPU,test_view_replay_min_reduction_with_dim_xpu_float32
op_extended,third_party.torch-xpu-ops.test.xpu.extended.test_ops_xpu.TestCommonXPU,test_compare_cpu_cumprod_xpu_int64
op_extended,third_party.torch-xpu-ops.test.xpu.extended.test_ops_xpu.TestCompositeComplianceXPU,test_cow_input_fft_rfftn_xpu_float32
op_extended,third_party.torch-xpu-ops.test.xpu.extended.test_ops_xpu.TestCompositeComplianceXPU,test_operator_square_xpu_float32
op_extended,third_party.torch-xpu-ops.test.xpu.extended.test_ops_xpu.TestCompositeComplianceXPU,test_forward_ad__softmax_backward_data_xpu_float32
op_extended,third_party.torch-xpu-ops.test.xpu.extended.test_ops_xpu.TestCompositeComplianceXPU,test_backward_fft_irfftn_xpu_float32
op_extended,third_party.torch-xpu-ops.test.xpu.extended.test_ops_xpu.TestCompositeComplianceXPU,test_view_replay_minimum_xpu_float32
op_extended,third_party.torch-xpu-ops.test.xpu.extended.test_ops_xpu.TestCommonXPU,test_compare_cpu_cumprod_xpu_int8
op_extended,third_party.torch-xpu-ops.test.xpu.extended.test_ops_xpu.TestCommonXPU,test_compare_cpu_frac_xpu_float64
op_extended,third_party.torch-xpu-ops.test.xpu.extended.test_ops_xpu.TestCompositeComplianceXPU,test_cow_input_fill_xpu_float32
op_extended,third_party.torch-xpu-ops.test.xpu.extended.test_ops_xpu.TestCommonXPU,test_compare_cpu_maximum_xpu_float16
op_extended,third_party.torch-xpu-ops.test.xpu.extended.test_ops_xpu.TestCompositeComplianceXPU,test_operator_std_mean_unbiased_xpu_float32
op_extended,third_party.torch-xpu-ops.test.xpu.extended.test_ops_xpu.TestCompositeComplianceXPU,test_forward_ad__upsample_bilinear2d_aa_xpu_float32
op_extended,third_party.torch-xpu-ops.test.xpu.extended.test_ops_xpu.TestCompositeComplianceXPU,test_backward_fft_rfft2_xpu_float32
op_extended,third_party.torch-xpu-ops.test.xpu.extended.test_ops_xpu.TestCompositeComplianceXPU,test_view_replay_mode_xpu_float32
op_extended,third_party.torch-xpu-ops.test.xpu.extended.test_ops_xpu.TestCommonXPU,test_compare_cpu_cumprod_xpu_uint8
op_extended,third_party.torch-xpu-ops.test.xpu.extended.test_ops_xpu.TestCompositeComplianceXPU,test_cow_input_flip_xpu_float32
op_extended,third_party.torch-xpu-ops.test.xpu.extended.test_ops_xpu.TestCompositeComplianceXPU,test_operator_std_mean_xpu_float32
op_extended,third_party.torch-xpu-ops.test.xpu.extended.test_ops_xpu.TestCompositeComplianceXPU,test_forward_ad_abs_xpu_float32
op_extended,third_party.torch-xpu-ops.test.xpu.extended.test_ops_xpu.TestCommonXPU,test_compare_cpu_maximum_xpu_float32
op_extended,third_party.torch-xpu-ops.test.xpu.extended.test_ops_xpu.TestCompositeComplianceXPU,test_view_replay_mul_xpu_float32
op_extended,third_party.torch-xpu-ops.test.xpu.extended.test_ops_xpu.TestCompositeComplianceXPU,test_backward_fft_rfft_xpu_float32
op_extended,third_party.torch-xpu-ops.test.xpu.extended.test_ops_xpu.TestCompositeComplianceXPU,test_cow_input_floor_divide_xpu_float32
op_extended,third_party.torch-xpu-ops.test.xpu.extended.test_ops_xpu.TestCommonXPU,test_compare_cpu_cumsum_xpu_complex128
op_extended,third_party.torch-xpu-ops.test.xpu.extended.test_ops_xpu.TestCompositeComplianceXPU,test_operator_std_unbiased_xpu_float32
op_extended,third_party.torch-xpu-ops.test.xpu.extended.test_ops_xpu.TestCommonXPU,test_compare_cpu_frexp_xpu_bfloat16
op_extended,third_party.torch-xpu-ops.test.xpu.extended.test_ops_xpu.TestCompositeComplianceXPU,test_forward_ad_acos_xpu_float32
op_extended,third_party.torch-xpu-ops.test.xpu.extended.test_ops_xpu.TestCompositeComplianceXPU,test_cow_input_floor_xpu_float32
op_extended,third_party.torch-xpu-ops.test.xpu.extended.test_ops_xpu.TestCompositeComplianceXPU,test_view_replay_multinomial_xpu_float32
op_extended,third_party.torch-xpu-ops.test.xpu.extended.test_ops_xpu.TestCommonXPU,test_compare_cpu_cumsum_xpu_complex64
op_extended,third_party.torch-xpu-ops.test.xpu.extended.test_ops_xpu.TestCommonXPU,test_compare_cpu_maximum_xpu_float64
op_extended,third_party.torch-xpu-ops.test.xpu.extended.test_ops_xpu.TestCompositeComplianceXPU,test_backward_fft_rfftn_xpu_float32
op_extended,third_party.torch-xpu-ops.test.xpu.extended.test_ops_xpu.TestCompositeComplianceXPU,test_operator_std_xpu_float32
op_extended,third_party.torch-xpu-ops.test.xpu.extended.test_ops_xpu.TestCompositeComplianceXPU,test_forward_ad_acosh_xpu_float32
op_extended,third_party.torch-xpu-ops.test.xpu.extended.test_ops_xpu.TestCompositeComplianceXPU,test_cow_input_fmax_xpu_float32
op_extended,third_party.torch-xpu-ops.test.xpu.extended.test_ops_xpu.TestCompositeComplianceXPU,test_view_replay_nan_to_num_xpu_float32
op_extended,third_party.torch-xpu-ops.test.xpu.extended.test_ops_xpu.TestCommonXPU,test_compare_cpu_cumsum_xpu_float32
op_extended,third_party.torch-xpu-ops.test.xpu.extended.test_ops_xpu.TestCompositeComplianceXPU,test_backward_fill_xpu_float32
op_extended,third_party.torch-xpu-ops.test.xpu.extended.test_ops_xpu.TestCommonXPU,test_compare_cpu_maximum_xpu_int16
op_extended,third_party.torch-xpu-ops.test.xpu.extended.test_ops_xpu.TestCompositeComplianceXPU,test_operator_sub_xpu_float32
op_extended,third_party.torch-xpu-ops.test.xpu.extended.test_ops_xpu.TestCommonXPU,test_compare_cpu_frexp_xpu_float16
op_extended,third_party.torch-xpu-ops.test.xpu.extended.test_ops_xpu.TestCommonXPU,test_compare_cpu_cumsum_xpu_float64
op_extended,third_party.torch-xpu-ops.test.xpu.extended.test_ops_xpu.TestCompositeComplianceXPU,test_cow_input_fmin_xpu_float32
op_extended,third_party.torch-xpu-ops.test.xpu.extended.test_ops_xpu.TestCompositeComplianceXPU,test_view_replay_nanmean_xpu_float32
op_extended,third_party.torch-xpu-ops.test.xpu.extended.test_ops_xpu.TestCompositeComplianceXPU,test_backward_flip_xpu_float32
op_extended,third_party.torch-xpu-ops.test.xpu.extended.test_ops_xpu.TestCompositeComplianceXPU,test_operator_sum_xpu_float32
op_extended,third_party.torch-xpu-ops.test.xpu.extended.test_ops_xpu.TestCommonXPU,test_compare_cpu_maximum_xpu_int32
op_extended,third_party.torch-xpu-ops.test.xpu.extended.test_ops_xpu.TestCommonXPU,test_compare_cpu_frexp_xpu_float32
op_extended,third_party.torch-xpu-ops.test.xpu.extended.test_ops_xpu.TestCommonXPU,test_compare_cpu_cumsum_xpu_int16
op_extended,third_party.torch-xpu-ops.test.xpu.extended.test_ops_xpu.TestCompositeComplianceXPU,test_forward_ad_add_xpu_float32
op_extended,third_party.torch-xpu-ops.test.xpu.extended.test_ops_xpu.TestCompositeComplianceXPU,test_cow_input_fmod_xpu_float32
op_extended,third_party.torch-xpu-ops.test.xpu.extended.test_ops_xpu.TestCompositeComplianceXPU,test_view_replay_nanmedian_xpu_float32
op_extended,third_party.torch-xpu-ops.test.xpu.extended.test_ops_xpu.TestCompositeComplianceXPU,test_backward_floor_xpu_float32
op_extended,third_party.torch-xpu-ops.test.xpu.extended.test_ops_xpu.TestCommonXPU,test_compare_cpu_cumsum_xpu_int32
op_extended,third_party.torch-xpu-ops.test.xpu.extended.test_ops_xpu.TestCompositeComplianceXPU,test_operator_take_xpu_float32
op_extended,third_party.torch-xpu-ops.test.xpu.extended.test_ops_xpu.TestCompositeComplianceXPU,test_cow_input_frac_xpu_float32
op_extended,third_party.torch-xpu-ops.test.xpu.extended.test_ops_xpu.TestCompositeComplianceXPU,test_view_replay_nansum_xpu_float32
op_extended,third_party.torch-xpu-ops.test.xpu.extended.test_ops_xpu.TestCommonXPU,test_compare_cpu_frexp_xpu_float64
op_extended,third_party.torch-xpu-ops.test.xpu.extended.test_ops_xpu.TestCommonXPU,test_compare_cpu_maximum_xpu_int64
op_extended,third_party.torch-xpu-ops.test.xpu.extended.test_ops_xpu.TestCompositeComplianceXPU,test_backward_fmax_xpu_float32
op_extended,third_party.torch-xpu-ops.test.xpu.extended.test_ops_xpu.TestCommonXPU,test_compare_cpu_cumsum_xpu_int64
op_extended,third_party.torch-xpu-ops.test.xpu.extended.test_ops_xpu.TestCompositeComplianceXPU,test_operator_tan_xpu_float32
op_extended,third_party.torch-xpu-ops.test.xpu.extended.test_ops_xpu.TestCompositeComplianceXPU,test_view_replay_native_batch_norm_xpu_float32
op_extended,third_party.torch-xpu-ops.test.xpu.extended.test_ops_xpu.TestCommonXPU,test_compare_cpu_maximum_xpu_int8
op_extended,third_party.torch-xpu-ops.test.xpu.extended.test_ops_xpu.TestCommonXPU,test_compare_cpu_cumsum_xpu_int8
op_extended,third_party.torch-xpu-ops.test.xpu.extended.test_ops_xpu.TestCompositeComplianceXPU,test_operator_tanh_xpu_float32
op_extended,third_party.torch-xpu-ops.test.xpu.extended.test_ops_xpu.TestCompositeComplianceXPU,test_cow_input_frexp_xpu_float32
op_extended,third_party.torch-xpu-ops.test.xpu.extended.test_ops_xpu.TestCompositeComplianceXPU,test_view_replay_native_dropout_backward_xpu_float32
op_extended,third_party.torch-xpu-ops.test.xpu.extended.test_ops_xpu.TestCompositeComplianceXPU,test_backward_fmin_xpu_float32
op_extended,third_party.torch-xpu-ops.test.xpu.extended.test_ops_xpu.TestCommonXPU,test_compare_cpu_cumsum_xpu_uint8
op_extended,third_party.torch-xpu-ops.test.xpu.extended.test_ops_xpu.TestCompositeComplianceXPU,test_operator_trace_xpu_float32
op_extended,third_party.torch-xpu-ops.test.xpu.extended.test_ops_xpu.TestCompositeComplianceXPU,test_cow_input_gather_xpu_float32
op_extended,third_party.torch-xpu-ops.test.xpu.extended.test_ops_xpu.TestCommonXPU,test_compare_cpu_maximum_xpu_uint8
op_extended,third_party.torch-xpu-ops.test.xpu.extended.test_ops_xpu.TestCommonXPU,test_compare_cpu_gather_xpu_bfloat16
op_extended,third_party.torch-xpu-ops.test.xpu.extended.test_ops_xpu.TestCompositeComplianceXPU,test_view_replay_native_layer_norm_xpu_float32
op_extended,third_party.torch-xpu-ops.test.xpu.extended.test_ops_xpu.TestCompositeComplianceXPU,test_backward_fmod_xpu_float32
op_extended,third_party.torch-xpu-ops.test.xpu.extended.test_ops_xpu.TestCompositeComplianceXPU,test_cow_input_ge_xpu_float32
op_extended,third_party.torch-xpu-ops.test.xpu.extended.test_ops_xpu.TestCompositeComplianceXPU,test_operator_tril_xpu_float32
op_extended,third_party.torch-xpu-ops.test.xpu.extended.test_ops_xpu.TestCommonXPU,test_compare_cpu_median_xpu_bfloat16
op_extended,third_party.torch-xpu-ops.test.xpu.extended.test_ops_xpu.TestCommonXPU,test_compare_cpu_gather_xpu_bool
op_extended,third_party.torch-xpu-ops.test.xpu.extended.test_ops_xpu.TestCommonXPU,test_compare_cpu_digamma_xpu_bfloat16
op_extended,third_party.torch-xpu-ops.test.xpu.extended.test_ops_xpu.TestCompositeComplianceXPU,test_view_replay_ne_xpu_float32
op_extended,third_party.torch-xpu-ops.test.xpu.extended.test_ops_xpu.TestCompositeComplianceXPU,test_backward_frac_xpu_float32
op_extended,third_party.torch-xpu-ops.test.xpu.extended.test_ops_xpu.TestCompositeComplianceXPU,test_cow_input_geometric_xpu_float32
op_extended,third_party.torch-xpu-ops.test.xpu.extended.test_ops_xpu.TestCompositeComplianceXPU,test_operator_triu_xpu_float32
op_extended,third_party.torch-xpu-ops.test.xpu.extended.test_ops_xpu.TestCommonXPU,test_compare_cpu_gather_xpu_complex128
op_extended,third_party.torch-xpu-ops.test.xpu.extended.test_ops_xpu.TestCompositeComplianceXPU,test_view_replay_neg_xpu_float32
op_extended,third_party.torch-xpu-ops.test.xpu.extended.test_ops_xpu.TestCompositeComplianceXPU,test_backward_frexp_xpu_float32
op_extended,third_party.torch-xpu-ops.test.xpu.extended.test_ops_xpu.TestCompositeComplianceXPU,test_operator_trunc_xpu_float32
op_extended,third_party.torch-xpu-ops.test.xpu.extended.test_ops_xpu.TestCompositeComplianceXPU,test_cow_input_grid_sampler_2d_xpu_float32
op_extended,third_party.torch-xpu-ops.test.xpu.extended.test_ops_xpu.TestCommonXPU,test_compare_cpu_digamma_xpu_bool
op_extended,third_party.torch-xpu-ops.test.xpu.extended.test_ops_xpu.TestCommonXPU,test_compare_cpu_median_xpu_float16
op_extended,third_party.torch-xpu-ops.test.xpu.extended.test_ops_xpu.TestCommonXPU,test_compare_cpu_gather_xpu_complex64
op_extended,third_party.torch-xpu-ops.test.xpu.extended.test_ops_xpu.TestCompositeComplianceXPU,test_view_replay_nextafter_xpu_float32
op_extended,third_party.torch-xpu-ops.test.xpu.extended.test_ops_xpu.TestCompositeComplianceXPU,test_backward_gather_xpu_float32
op_extended,third_party.torch-xpu-ops.test.xpu.extended.test_ops_xpu.TestCompositeComplianceXPU,test_cow_input_gt_xpu_float32
op_extended,third_party.torch-xpu-ops.test.xpu.extended.test_ops_xpu.TestCommonXPU,test_compare_cpu_gather_xpu_float16
op_extended,third_party.torch-xpu-ops.test.xpu.extended.test_ops_xpu.TestCompositeComplianceXPU,test_operator_unfold_xpu_float32
op_extended,third_party.torch-xpu-ops.test.xpu.extended.test_ops_xpu.TestCommonXPU,test_compare_cpu_median_xpu_float32
op_extended,third_party.torch-xpu-ops.test.xpu.extended.test_ops_xpu.TestCompositeComplianceXPU,test_view_replay_nn_functional_adaptive_avg_pool2d_xpu_float32
op_extended,third_party.torch-xpu-ops.test.xpu.extended.test_ops_xpu.TestCommonXPU,test_compare_cpu_gather_xpu_float32
op_extended,third_party.torch-xpu-ops.test.xpu.extended.test_ops_xpu.TestCommonXPU,test_compare_cpu_median_xpu_float64
op_extended,third_party.torch-xpu-ops.test.xpu.extended.test_ops_xpu.TestCompositeComplianceXPU,test_operator_uniform_xpu_float32
op_extended,third_party.torch-xpu-ops.test.xpu.extended.test_ops_xpu.TestCompositeComplianceXPU,test_cow_input_heaviside_xpu_float32
op_extended,third_party.torch-xpu-ops.test.xpu.extended.test_ops_xpu.TestCompositeComplianceXPU,test_forward_ad_log_xpu_float32
op_extended,third_party.torch-xpu-ops.test.xpu.extended.test_ops_xpu.TestCompositeComplianceXPU,test_view_replay_nn_functional_adaptive_avg_pool3d_xpu_float32
op_extended,third_party.torch-xpu-ops.test.xpu.extended.test_ops_xpu.TestCompositeComplianceXPU,test_backward_grid_sampler_2d_xpu_float32
op_extended,third_party.torch-xpu-ops.test.xpu.extended.test_ops_xpu.TestCommonXPU,test_compare_cpu_gather_xpu_float64
op_extended,third_party.torch-xpu-ops.test.xpu.extended.test_ops_xpu.TestCompositeComplianceXPU,test_forward_ad_addcdiv_xpu_float32
op_extended,third_party.torch-xpu-ops.test.xpu.extended.test_ops_xpu.TestCommonXPU,test_compare_cpu_min_binary_xpu_bfloat16
op_extended,third_party.torch-xpu-ops.test.xpu.extended.test_ops_xpu.TestCompositeComplianceXPU,test_cow_input_histc_xpu_float32
op_extended,third_party.torch-xpu-ops.test.xpu.extended.test_ops_xpu.TestCompositeComplianceXPU,test_view_replay_nn_functional_adaptive_max_pool2d_xpu_float32
op_extended,third_party.torch-xpu-ops.test.xpu.extended.test_ops_xpu.TestCommonXPU,test_compare_cpu_gather_xpu_int16
op_extended,third_party.torch-xpu-ops.test.xpu.extended.test_ops_xpu.TestCompositeComplianceXPU,test_backward_hypot_xpu_float32
op_extended,third_party.torch-xpu-ops.test.xpu.extended.test_ops_xpu.TestCompositeComplianceXPU,test_view_replay_nn_functional_adaptive_max_pool3d_xpu_float32
op_extended,third_party.torch-xpu-ops.test.xpu.extended.test_ops_xpu.TestCompositeComplianceXPU,test_forward_ad_logaddexp2_xpu_float32
op_extended,third_party.torch-xpu-ops.test.xpu.extended.test_ops_xpu.TestCommonXPU,test_compare_cpu_min_binary_xpu_bool
op_extended,third_party.torch-xpu-ops.test.xpu.extended.test_ops_xpu.TestCommonXPU,test_compare_cpu_gather_xpu_int32
op_extended,third_party.torch-xpu-ops.test.xpu.extended.test_ops_xpu.TestCompositeComplianceXPU,test_backward_i0_xpu_float32
op_extended,third_party.torch-xpu-ops.test.xpu.extended.test_ops_xpu.TestCompositeComplianceXPU,test_cow_input_histogram_xpu_float32
op_extended,third_party.torch-xpu-ops.test.xpu.extended.test_ops_xpu.TestCompositeComplianceXPU,test_view_replay_nn_functional_avg_pool1d_xpu_float32
op_extended,third_party.torch-xpu-ops.test.xpu.extended.test_ops_xpu.TestCommonXPU,test_compare_cpu_gather_xpu_int64
op_extended,third_party.torch-xpu-ops.test.xpu.extended.test_ops_xpu.TestCompositeComplianceXPU,test_cow_input_hypot_xpu_float32
op_extended,third_party.torch-xpu-ops.test.xpu.extended.test_ops_xpu.TestCompositeComplianceXPU,test_view_replay_nn_functional_avg_pool2d_xpu_float32
op_extended,third_party.torch-xpu-ops.test.xpu.extended.test_ops_xpu.TestCommonXPU,test_compare_cpu_gather_xpu_int8
op_extended,third_party.torch-xpu-ops.test.xpu.extended.test_ops_xpu.TestCommonXPU,test_compare_cpu_min_binary_xpu_float16
op_extended,third_party.torch-xpu-ops.test.xpu.extended.test_ops_xpu.TestCompositeComplianceXPU,test_backward_index_add_xpu_float32
op_extended,third_party.torch-xpu-ops.test.xpu.extended.test_ops_xpu.TestCompositeComplianceXPU,test_forward_ad_logaddexp_xpu_float32
op_extended,third_party.torch-xpu-ops.test.xpu.extended.test_ops_xpu.TestCompositeComplianceXPU,test_cow_input_i0_xpu_float32
op_extended,third_party.torch-xpu-ops.test.xpu.extended.test_ops_xpu.TestCompositeComplianceXPU,test_view_replay_nn_functional_avg_pool3d_xpu_float32
op_extended,third_party.torch-xpu-ops.test.xpu.extended.test_ops_xpu.TestCompositeComplianceXPU,test_operator_unique_consecutive_xpu_float32
op_extended,third_party.torch-xpu-ops.test.xpu.extended.test_ops_xpu.TestCommonXPU,test_compare_cpu_gather_xpu_uint8
op_extended,third_party.torch-xpu-ops.test.xpu.extended.test_ops_xpu.TestCompositeComplianceXPU,test_backward_index_copy_xpu_float32
op_extended,third_party.torch-xpu-ops.test.xpu.extended.test_ops_xpu.TestCommonXPU,test_compare_cpu_min_binary_xpu_float32
op_extended,third_party.torch-xpu-ops.test.xpu.extended.test_ops_xpu.TestCompositeComplianceXPU,test_view_replay_nn_functional_batch_norm_without_cudnn_xpu_float32
op_extended,third_party.torch-xpu-ops.test.xpu.extended.test_ops_xpu.TestCompositeComplianceXPU,test_forward_ad_logcumsumexp_xpu_float32
op_extended,third_party.torch-xpu-ops.test.xpu.extended.test_ops_xpu.TestCompositeComplianceXPU,test_cow_input_igamma_xpu_float32
op_extended,third_party.torch-xpu-ops.test.xpu.extended.test_ops_xpu.TestCompositeComplianceXPU,test_view_replay_nn_functional_batch_norm_xpu_float32
op_extended,third_party.torch-xpu-ops.test.xpu.extended.test_ops_xpu.TestCompositeComplianceXPU,test_backward_index_fill_xpu_float32
op_extended,third_party.torch-xpu-ops.test.xpu.extended.test_ops_xpu.TestCommonXPU,test_compare_cpu_min_binary_xpu_float64
op_extended,third_party.torch-xpu-ops.test.xpu.extended.test_ops_xpu.TestCompositeComplianceXPU,test_cow_input_igammac_xpu_float32
op_extended,third_party.torch-xpu-ops.test.xpu.extended.test_ops_xpu.TestCompositeComplianceXPU,test_backward_index_put_xpu_float32
op_extended,third_party.torch-xpu-ops.test.xpu.extended.test_ops_xpu.TestCompositeComplianceXPU,test_cow_input_index_add_xpu_float32
op_extended,third_party.torch-xpu-ops.test.xpu.extended.test_ops_xpu.TestCommonXPU,test_compare_cpu_min_binary_xpu_int16
op_extended,third_party.torch-xpu-ops.test.xpu.extended.test_ops_xpu.TestCompositeComplianceXPU,test_view_replay_nn_functional_binary_cross_entropy_xpu_float32
op_extended,third_party.torch-xpu-ops.test.xpu.extended.test_ops_xpu.TestCommonXPU,test_compare_cpu_gcd_xpu_int16
op_extended,third_party.torch-xpu-ops.test.xpu.extended.test_ops_xpu.TestCompositeComplianceXPU,test_cow_input_index_copy_xpu_float32
op_extended,third_party.torch-xpu-ops.test.xpu.extended.test_ops_xpu.TestCompositeComplianceXPU,test_forward_ad_logit_xpu_float32
op_extended,third_party.torch-xpu-ops.test.xpu.extended.test_ops_xpu.TestCompositeComplianceXPU,test_forward_ad_addcmul_xpu_float32
op_extended,third_party.torch-xpu-ops.test.xpu.extended.test_ops_xpu.TestCompositeComplianceXPU,test_view_replay_nn_functional_channel_shuffle_xpu_float32
op_extended,third_party.torch-xpu-ops.test.xpu.extended.test_ops_xpu.TestCommonXPU,test_compare_cpu_min_binary_xpu_int32
op_extended,third_party.torch-xpu-ops.test.xpu.extended.test_ops_xpu.TestCompositeComplianceXPU,test_cow_input_index_fill_xpu_float32
op_extended,third_party.torch-xpu-ops.test.xpu.extended.test_ops_xpu.TestCommonXPU,test_compare_cpu_gcd_xpu_int32
op_extended,third_party.torch-xpu-ops.test.xpu.extended.test_ops_xpu.TestCompositeComplianceXPU,test_backward_index_reduce_amax_xpu_float32
op_extended,third_party.torch-xpu-ops.test.xpu.extended.test_ops_xpu.TestCompositeComplianceXPU,test_view_replay_nn_functional_ctc_loss_xpu_float32
op_extended,third_party.torch-xpu-ops.test.xpu.extended.test_ops_xpu.TestCompositeComplianceXPU,test_cow_input_index_put_xpu_float32
op_extended,third_party.torch-xpu-ops.test.xpu.extended.test_ops_xpu.TestCommonXPU,test_compare_cpu_min_binary_xpu_int64
op_extended,third_party.torch-xpu-ops.test.xpu.extended.test_ops_xpu.TestCommonXPU,test_compare_cpu_gcd_xpu_int64
op_extended,third_party.torch-xpu-ops.test.xpu.extended.test_ops_xpu.TestCompositeComplianceXPU,test_view_replay_nn_functional_dropout_xpu_float32
op_extended,third_party.torch-xpu-ops.test.xpu.extended.test_ops_xpu.TestCompositeComplianceXPU,test_cow_input_index_reduce_amax_xpu_float32
op_extended,third_party.torch-xpu-ops.test.xpu.extended.test_ops_xpu.TestCompositeComplianceXPU,test_forward_ad_masked_fill_xpu_float32
op_extended,third_party.torch-xpu-ops.test.xpu.extended.test_ops_xpu.TestCompositeComplianceXPU,test_backward_index_reduce_amin_xpu_float32
op_extended,third_party.torch-xpu-ops.test.xpu.extended.test_ops_xpu.TestCommonXPU,test_compare_cpu_min_binary_xpu_int8
op_extended,third_party.torch-xpu-ops.test.xpu.extended.test_ops_xpu.TestCompositeComplianceXPU,test_view_replay_nn_functional_elu_xpu_float32
op_extended,third_party.torch-xpu-ops.test.xpu.extended.test_ops_xpu.TestCommonXPU,test_compare_cpu_gcd_xpu_int8
op_extended,third_party.torch-xpu-ops.test.xpu.extended.test_ops_xpu.TestCompositeComplianceXPU,test_cow_input_index_reduce_amin_xpu_float32
op_extended,third_party.torch-xpu-ops.test.xpu.extended.test_ops_xpu.TestCompositeComplianceXPU,test_forward_ad_addr_xpu_float32
op_extended,third_party.torch-xpu-ops.test.xpu.extended.test_ops_xpu.TestCommonXPU,test_compare_cpu_min_binary_xpu_uint8
op_extended,third_party.torch-xpu-ops.test.xpu.extended.test_ops_xpu.TestCompositeComplianceXPU,test_view_replay_nn_functional_embedding_bag_xpu_float32
op_extended,third_party.torch-xpu-ops.test.xpu.extended.test_ops_xpu.TestCompositeComplianceXPU,test_cow_input_index_reduce_mean_xpu_float32
op_extended,third_party.torch-xpu-ops.test.xpu.extended.test_ops_xpu.TestCommonXPU,test_compare_cpu_gcd_xpu_uint8
op_extended,third_party.torch-xpu-ops.test.xpu.extended.test_ops_xpu.TestCompositeComplianceXPU,test_forward_ad_masked_scatter_xpu_float32
op_extended,third_party.torch-xpu-ops.test.xpu.extended.test_ops_xpu.TestCompositeComplianceXPU,test_backward_index_reduce_mean_xpu_float32
op_extended,third_party.torch-xpu-ops.test.xpu.extended.test_ops_xpu.TestCommonXPU,test_compare_cpu_min_reduction_no_dim_xpu_bfloat16
op_extended,third_party.torch-xpu-ops.test.xpu.extended.test_ops_xpu.TestCompositeComplianceXPU,test_operator_unique_xpu_float32
op_extended,third_party.torch-xpu-ops.test.xpu.extended.test_ops_xpu.TestCompositeComplianceXPU,test_view_replay_nn_functional_embedding_xpu_float32
op_extended,third_party.torch-xpu-ops.test.xpu.extended.test_ops_xpu.TestCompositeComplianceXPU,test_cow_input_index_reduce_prod_xpu_float32
op_extended,third_party.torch-xpu-ops.test.xpu.extended.test_ops_xpu.TestCompositeComplianceXPU,test_forward_ad_masked_select_xpu_float32
op_extended,third_party.torch-xpu-ops.test.xpu.extended.test_ops_xpu.TestCommonXPU,test_compare_cpu_ge_xpu_bfloat16
op_extended,third_party.torch-xpu-ops.test.xpu.extended.test_ops_xpu.TestCommonXPU,test_compare_cpu_min_reduction_no_dim_xpu_bool
op_extended,third_party.torch-xpu-ops.test.xpu.extended.test_ops_xpu.TestCompositeComplianceXPU,test_operator_var_mean_unbiased_xpu_float32
op_extended,third_party.torch-xpu-ops.test.xpu.extended.test_ops_xpu.TestCompositeComplianceXPU,test_view_replay_nn_functional_fractional_max_pool2d_xpu_float32
op_extended,third_party.torch-xpu-ops.test.xpu.extended.test_ops_xpu.TestCompositeComplianceXPU,test_cow_input_index_select_xpu_float32
op_extended,third_party.torch-xpu-ops.test.xpu.extended.test_ops_xpu.TestCompositeComplianceXPU,test_forward_ad_amax_xpu_float32
op_extended,third_party.torch-xpu-ops.test.xpu.extended.test_ops_xpu.TestCompositeComplianceXPU,test_operator_var_mean_xpu_float32
op_extended,third_party.torch-xpu-ops.test.xpu.extended.test_ops_xpu.TestCompositeComplianceXPU,test_cow_input_isin_xpu_float32
op_extended,third_party.torch-xpu-ops.test.xpu.extended.test_ops_xpu.TestCommonXPU,test_compare_cpu_ge_xpu_bool
op_extended,third_party.torch-xpu-ops.test.xpu.extended.test_ops_xpu.TestCompositeComplianceXPU,test_view_replay_nn_functional_fractional_max_pool3d_xpu_float32
op_extended,third_party.torch-xpu-ops.test.xpu.extended.test_ops_xpu.TestCommonXPU,test_compare_cpu_min_reduction_no_dim_xpu_float16
op_extended,third_party.torch-xpu-ops.test.xpu.extended.test_ops_xpu.TestCompositeComplianceXPU,test_backward_index_reduce_prod_xpu_float32
op_extended,third_party.torch-xpu-ops.test.xpu.extended.test_ops_xpu.TestCompositeComplianceXPU,test_operator_var_unbiased_xpu_float32
op_extended,third_party.torch-xpu-ops.test.xpu.extended.test_ops_xpu.TestCompositeComplianceXPU,test_cow_input_isnan_xpu_float32
op_extended,third_party.torch-xpu-ops.test.xpu.extended.test_ops_xpu.TestCompositeComplianceXPU,test_forward_ad_max_binary_xpu_float32
op_extended,third_party.torch-xpu-ops.test.xpu.extended.test_ops_xpu.TestCompositeComplianceXPU,test_view_replay_nn_functional_glu_xpu_float32
op_extended,third_party.torch-xpu-ops.test.xpu.extended.test_ops_xpu.TestCommonXPU,test_compare_cpu_min_reduction_no_dim_xpu_float32
op_extended,third_party.torch-xpu-ops.test.xpu.extended.test_ops_xpu.TestCompositeComplianceXPU,test_forward_ad_amin_xpu_float32
op_extended,third_party.torch-xpu-ops.test.xpu.extended.test_ops_xpu.TestCompositeComplianceXPU,test_backward_index_select_xpu_float32
op_extended,third_party.torch-xpu-ops.test.xpu.extended.test_ops_xpu.TestCompositeComplianceXPU,test_cow_input_isneginf_xpu_float32
op_extended,third_party.torch-xpu-ops.test.xpu.extended.test_ops_xpu.TestCompositeComplianceXPU,test_operator_var_xpu_float32
op_extended,third_party.torch-xpu-ops.test.xpu.extended.test_ops_xpu.TestCommonXPU,test_compare_cpu_ge_xpu_float16
op_extended,third_party.torch-xpu-ops.test.xpu.extended.test_ops_xpu.TestCommonXPU,test_compare_cpu_min_reduction_no_dim_xpu_float64
op_extended,third_party.torch-xpu-ops.test.xpu.extended.test_ops_xpu.TestCompositeComplianceXPU,test_view_replay_nn_functional_grid_sample_xpu_float32
op_extended,third_party.torch-xpu-ops.test.xpu.extended.test_ops_xpu.TestCompositeComplianceXPU,test_cow_input_isposinf_xpu_float32
op_extended,third_party.torch-xpu-ops.test.xpu.extended.test_ops_xpu.TestCompositeComplianceXPU,test_forward_ad_aminmax_xpu_float32
op_extended,third_party.torch-xpu-ops.test.xpu.extended.test_ops_xpu.TestCompositeComplianceXPU,test_backward_kthvalue_xpu_float32
op_extended,third_party.torch-xpu-ops.test.xpu.extended.test_ops_xpu.TestCompositeComplianceXPU,test_operator_view_as_complex_xpu_float32
op_extended,third_party.torch-xpu-ops.test.xpu.extended.test_ops_xpu.TestCommonXPU,test_compare_cpu_min_reduction_no_dim_xpu_int16
op_extended,third_party.torch-xpu-ops.test.xpu.extended.test_ops_xpu.TestCommonXPU,test_compare_cpu_ge_xpu_float32
op_extended,third_party.torch-xpu-ops.test.xpu.extended.test_ops_xpu.TestCompositeComplianceXPU,test_view_replay_nn_functional_group_norm_xpu_float32
op_extended,third_party.torch-xpu-ops.test.xpu.extended.test_ops_xpu.TestCompositeComplianceXPU,test_forward_ad_angle_xpu_float32
op_extended,third_party.torch-xpu-ops.test.xpu.extended.test_ops_xpu.TestCompositeComplianceXPU,test_operator_view_xpu_float32
op_extended,third_party.torch-xpu-ops.test.xpu.extended.test_ops_xpu.TestCompositeComplianceXPU,test_cow_input_kthvalue_xpu_float32
op_extended,third_party.torch-xpu-ops.test.xpu.extended.test_ops_xpu.TestCommonXPU,test_compare_cpu_min_reduction_no_dim_xpu_int32
op_extended,third_party.torch-xpu-ops.test.xpu.extended.test_ops_xpu.TestCompositeComplianceXPU,test_view_replay_nn_functional_hardshrink_xpu_float32
op_extended,third_party.torch-xpu-ops.test.xpu.extended.test_ops_xpu.TestCompositeComplianceXPU,test_cow_input_le_xpu_float32
op_extended,third_party.torch-xpu-ops.test.xpu.extended.test_ops_xpu.TestCompositeComplianceXPU,test_operator_where_xpu_float32
op_extended,third_party.torch-xpu-ops.test.xpu.extended.test_ops_xpu.TestCommonXPU,test_compare_cpu_ge_xpu_float64
op_extended,third_party.torch-xpu-ops.test.xpu.extended.test_ops_xpu.TestCommonXPU,test_compare_cpu_min_reduction_no_dim_xpu_int64
op_extended,third_party.torch-xpu-ops.test.xpu.extended.test_ops_xpu.TestCompositeComplianceXPU,test_backward_lerp_xpu_float32
op_extended,third_party.torch-xpu-ops.test.xpu.extended.test_ops_xpu.TestCompositeComplianceXPU,test_view_replay_nn_functional_hardsigmoid_xpu_float32
op_extended,third_party.torch-xpu-ops.test.xpu.extended.test_ops_xpu.TestCommonXPU,test_compare_cpu_min_reduction_no_dim_xpu_int8
op_extended,third_party.torch-xpu-ops.test.xpu.extended.test_ops_xpu.TestCompositeComplianceXPU,test_forward_ad_as_strided_partial_views_xpu_float32
op_extended,third_party.torch-xpu-ops.test.xpu.extended.test_ops_xpu.TestCompositeComplianceXPU,test_cow_input_lerp_xpu_float32
op_extended,third_party.torch-xpu-ops.test.xpu.extended.test_ops_xpu.TestCompositeComplianceXPU,test_operator_xlogy_xpu_float32
op_extended,third_party.torch-xpu-ops.test.xpu.extended.test_ops_xpu.TestCompositeComplianceXPU,test_backward_lgamma_xpu_float32
op_extended,third_party.torch-xpu-ops.test.xpu.extended.test_ops_xpu.TestCommonXPU,test_compare_cpu_ge_xpu_int16
op_extended,third_party.torch-xpu-ops.test.xpu.extended.test_ops_xpu.TestCompositeComplianceXPU,test_view_replay_nn_functional_huber_loss_xpu_float32
op_extended,third_party.torch-xpu-ops.test.xpu.extended.test_ops_xpu.TestCommonXPU,test_compare_cpu_min_reduction_no_dim_xpu_uint8
op_extended,third_party.torch-xpu-ops.test.xpu.extended.test_ops_xpu.TestCompositeComplianceXPU,test_cow_input_lgamma_xpu_float32
op_extended,third_party.torch-xpu-ops.test.xpu.extended.test_ops_xpu.TestCompositeComplianceXPU,test_operator_zeros_like_xpu_float32
op_extended,third_party.torch-xpu-ops.test.xpu.extended.test_ops_xpu.TestCompositeComplianceXPU,test_forward_ad_as_strided_xpu_float32
op_extended,third_party.torch-xpu-ops.test.xpu.extended.test_ops_xpu.TestCompositeComplianceXPU,test_backward_log10_xpu_float32
op_extended,third_party.torch-xpu-ops.test.xpu.extended.test_ops_xpu.TestCompositeComplianceXPU,test_view_replay_nn_functional_interpolate_area_xpu_float32
op_extended,third_party.torch-xpu-ops.test.xpu.extended.test_ops_xpu.TestCommonXPU,test_compare_cpu_ge_xpu_int32
op_extended,third_party.torch-xpu-ops.test.xpu.extended.test_ops_xpu.TestCommonXPU,test_compare_cpu_min_reduction_with_dim_xpu_bfloat16
op_extended,third_party.torch-xpu-ops.test.xpu.extended.test_ops_xpu.TestCompositeComplianceXPU,test_operator_zeros_xpu_float32
op_extended,third_party.torch-xpu-ops.test.xpu.extended.test_ops_xpu.TestCompositeComplianceXPU,test_forward_ad_asin_xpu_float32
op_extended,third_party.torch-xpu-ops.test.xpu.extended.test_ops_xpu.TestCompositeComplianceXPU,test_backward_log1p_xpu_float32
op_extended,third_party.torch-xpu-ops.test.xpu.extended.test_ops_xpu.TestCompositeComplianceXPU,test_view_replay_nn_functional_interpolate_bicubic_xpu_float32
op_extended,third_party.torch-xpu-ops.test.xpu.extended.test_ops_xpu.TestCompositeComplianceXPU,test_cow_input_linspace_tensor_overload_xpu_float32
op_extended,third_party.torch-xpu-ops.test.xpu.extended.test_ops_xpu.TestCommonXPU,test_compare_cpu_min_reduction_with_dim_xpu_bool
op_extended,third_party.torch-xpu-ops.test.xpu.extended.test_ops_xpu.TestCompositeComplianceXPU,test_view_replay___rmod___xpu_float32
op_extended,third_party.torch-xpu-ops.test.xpu.extended.test_ops_xpu.TestCompositeComplianceXPU,test_forward_ad_asinh_xpu_float32
op_extended,third_party.torch-xpu-ops.test.xpu.extended.test_ops_xpu.TestCompositeComplianceXPU,test_backward_log2_xpu_float32
op_extended,third_party.torch-xpu-ops.test.xpu.extended.test_ops_xpu.TestCommonXPU,test_compare_cpu_ge_xpu_int64
op_extended,third_party.torch-xpu-ops.test.xpu.extended.test_ops_xpu.TestCompositeComplianceXPU,test_view_replay_nn_functional_interpolate_bilinear_xpu_float32
op_extended,third_party.torch-xpu-ops.test.xpu.extended.test_ops_xpu.TestCompositeComplianceXPU,test_cow_input_linspace_xpu_float32
op_extended,third_party.torch-xpu-ops.test.xpu.extended.test_ops_xpu.TestCompositeComplianceXPU,test_view_replay__batch_norm_with_update_xpu_float32
op_extended,third_party.torch-xpu-ops.test.xpu.extended.test_ops_xpu.TestCompositeComplianceXPU,test_backward_log_softmax_with_dtype_xpu_float32
op_extended,third_party.torch-xpu-ops.test.xpu.extended.test_ops_xpu.TestCompositeComplianceXPU,test_view_replay_nn_functional_interpolate_linear_xpu_float32
op_extended,third_party.torch-xpu-ops.test.xpu.extended.test_ops_xpu.TestCommonXPU,test_compare_cpu_min_reduction_with_dim_xpu_float16
op_extended,third_party.torch-xpu-ops.test.xpu.extended.test_ops_xpu.TestCompositeComplianceXPU,test_cow_input_log10_xpu_float32
op_extended,third_party.torch-xpu-ops.test.xpu.extended.test_ops_xpu.TestCommonXPU,test_compare_cpu_ge_xpu_int8
op_extended,third_party.torch-xpu-ops.test.xpu.extended.test_ops_xpu.TestCompositeComplianceXPU,test_view_replay__chunk_cat_xpu_float32
op_extended,third_party.torch-xpu-ops.test.xpu.extended.test_ops_xpu.TestCompositeComplianceXPU,test_backward_log_softmax_xpu_float32
op_extended,third_party.torch-xpu-ops.test.xpu.extended.test_ops_xpu.TestCompositeComplianceXPU,test_view_replay_nn_functional_interpolate_nearest-exact_xpu_float32
op_extended,third_party.torch-xpu-ops.test.xpu.extended.test_ops_xpu.TestCommonXPU,test_compare_cpu_min_reduction_with_dim_xpu_float32
op_extended,third_party.torch-xpu-ops.test.xpu.extended.test_ops_xpu.TestCompositeComplianceXPU,test_forward_ad_atan2_xpu_float32
op_extended,third_party.torch-xpu-ops.test.xpu.extended.test_ops_xpu.TestCompositeComplianceXPU,test_cow_input_log1p_xpu_float32
op_extended,third_party.torch-xpu-ops.test.xpu.extended.test_ops_xpu.TestCompositeComplianceXPU,test_view_replay__native_batch_norm_legit_xpu_float32
op_extended,third_party.torch-xpu-ops.test.xpu.extended.test_ops_xpu.TestCommonXPU,test_compare_cpu_ge_xpu_uint8
op_extended,third_party.torch-xpu-ops.test.xpu.extended.test_ops_xpu.TestCompositeComplianceXPU,test_backward_log_xpu_float32
op_extended,third_party.torch-xpu-ops.test.xpu.extended.test_ops_xpu.TestCommonXPU,test_compare_cpu_min_reduction_with_dim_xpu_float64
op_extended,third_party.torch-xpu-ops.test.xpu.extended.test_ops_xpu.TestCompositeComplianceXPU,test_view_replay_nn_functional_interpolate_nearest_xpu_float32
op_extended,third_party.torch-xpu-ops.test.xpu.extended.test_ops_xpu.TestCompositeComplianceXPU,test_cow_input_log2_xpu_float32
op_extended,third_party.torch-xpu-ops.test.xpu.extended.test_ops_xpu.TestCompositeComplianceXPU,test_forward_ad_atan_xpu_float32
op_extended,third_party.torch-xpu-ops.test.xpu.extended.test_ops_xpu.TestCompositeComplianceXPU,test_view_replay__refs_rsub_xpu_float32
op_extended,third_party.torch-xpu-ops.test.xpu.extended.test_ops_xpu.TestCommonXPU,test_compare_cpu_min_reduction_with_dim_xpu_int16
op_extended,third_party.torch-xpu-ops.test.xpu.extended.test_ops_xpu.TestCompositeComplianceXPU,test_view_replay_nn_functional_interpolate_trilinear_xpu_float32
op_extended,third_party.torch-xpu-ops.test.xpu.extended.test_ops_xpu.TestCompositeComplianceXPU,test_backward_logaddexp2_xpu_float32
op_extended,third_party.torch-xpu-ops.test.xpu.extended.test_ops_xpu.TestCompositeComplianceXPU,test_cow_input_log_normal_xpu_float32
op_extended,third_party.torch-xpu-ops.test.xpu.extended.test_ops_xpu.TestCompositeComplianceXPU,test_forward_ad_atanh_xpu_float32
op_extended,third_party.torch-xpu-ops.test.xpu.extended.test_ops_xpu.TestCompositeComplianceXPU,test_view_replay__segment_reduce_lengths_xpu_float32
op_extended,third_party.torch-xpu-ops.test.xpu.extended.test_ops_xpu.TestCommonXPU,test_compare_cpu_min_reduction_with_dim_xpu_int32
op_extended,third_party.torch-xpu-ops.test.xpu.extended.test_ops_xpu.TestCompositeComplianceXPU,test_view_replay_nn_functional_leaky_relu_xpu_float32
op_extended,third_party.torch-xpu-ops.test.xpu.extended.test_ops_xpu.TestCompositeComplianceXPU,test_cow_input_log_softmax_with_dtype_xpu_float32
op_extended,third_party.torch-xpu-ops.test.xpu.extended.test_ops_xpu.TestCompositeComplianceXPU,test_forward_ad_bernoulli_xpu_float32
op_extended,third_party.torch-xpu-ops.test.xpu.extended.test_ops_xpu.TestCompositeComplianceXPU,test_backward_logaddexp_xpu_float32
op_extended,third_party.torch-xpu-ops.test.xpu.extended.test_ops_xpu.TestCommonXPU,test_compare_cpu_min_reduction_with_dim_xpu_int64
op_extended,third_party.torch-xpu-ops.test.xpu.extended.test_ops_xpu.TestCompositeComplianceXPU,test_view_replay_nn_functional_local_response_norm_xpu_float32
op_extended,third_party.torch-xpu-ops.test.xpu.extended.test_ops_xpu.TestCompositeComplianceXPU,test_view_replay__segment_reduce_offsets_xpu_float32
op_extended,third_party.torch-xpu-ops.test.xpu.extended.test_ops_xpu.TestCompositeComplianceXPU,test_cow_input_log_softmax_xpu_float32
op_extended,third_party.torch-xpu-ops.test.xpu.extended.test_ops_xpu.TestCompositeComplianceXPU,test_forward_ad_cat_xpu_float32
op_extended,third_party.torch-xpu-ops.test.xpu.extended.test_ops_xpu.TestCommonXPU,test_compare_cpu_min_reduction_with_dim_xpu_int8
op_extended,third_party.torch-xpu-ops.test.xpu.extended.test_ops_xpu.TestCompositeComplianceXPU,test_backward_logcumsumexp_xpu_float32
op_extended,third_party.torch-xpu-ops.test.xpu.extended.test_ops_xpu.TestCompositeComplianceXPU,test_view_replay__softmax_backward_data_xpu_float32
op_extended,third_party.torch-xpu-ops.test.xpu.extended.test_ops_xpu.TestCompositeComplianceXPU,test_cow_input_log_xpu_float32
op_extended,third_party.torch-xpu-ops.test.xpu.extended.test_ops_xpu.TestCommonXPU,test_compare_cpu_min_reduction_with_dim_xpu_uint8
op_extended,third_party.torch-xpu-ops.test.xpu.extended.test_ops_xpu.TestCompositeComplianceXPU,test_view_replay__upsample_bilinear2d_aa_xpu_float32
op_extended,third_party.torch-xpu-ops.test.xpu.extended.test_ops_xpu.TestCompositeComplianceXPU,test_backward_logit_xpu_float32
op_extended,third_party.torch-xpu-ops.test.xpu.extended.test_ops_xpu.TestCommonXPU,test_compare_cpu_grid_sampler_2d_xpu_float32
op_extended,third_party.torch-xpu-ops.test.xpu.extended.test_ops_xpu.TestCompositeComplianceXPU,test_view_replay_abs_xpu_float32
op_extended,third_party.torch-xpu-ops.test.xpu.extended.test_ops_xpu.TestCompositeComplianceXPU,test_cow_input_logaddexp2_xpu_float32
op_extended,third_party.torch-xpu-ops.test.xpu.extended.test_ops_xpu.TestCommonXPU,test_compare_cpu_minimum_xpu_bfloat16
op_extended,third_party.torch-xpu-ops.test.xpu.extended.test_ops_xpu.TestCompositeComplianceXPU,test_backward_masked_fill_xpu_float32
op_extended,third_party.torch-xpu-ops.test.xpu.extended.test_ops_xpu.TestCommonXPU,test_compare_cpu_grid_sampler_2d_xpu_float64
op_extended,third_party.torch-xpu-ops.test.xpu.extended.test_ops_xpu.TestCompositeComplianceXPU,test_view_replay_acos_xpu_float32
op_extended,third_party.torch-xpu-ops.test.xpu.extended.test_ops_xpu.TestCompositeComplianceXPU,test_forward_ad_clamp_max_xpu_float32
op_extended,third_party.torch-xpu-ops.test.xpu.extended.test_ops_xpu.TestCompositeComplianceXPU,test_cow_input_logaddexp_xpu_float32
op_extended,third_party.torch-xpu-ops.test.xpu.extended.test_ops_xpu.TestCommonXPU,test_compare_cpu_minimum_xpu_bool
op_extended,third_party.torch-xpu-ops.test.xpu.extended.test_ops_xpu.TestCompositeComplianceXPU,test_backward_masked_scatter_xpu_float32
op_extended,third_party.torch-xpu-ops.test.xpu.extended.test_ops_xpu.TestCompositeComplianceXPU,test_view_replay_acosh_xpu_float32
op_extended,third_party.torch-xpu-ops.test.xpu.extended.test_ops_xpu.TestCompositeComplianceXPU,test_view_replay_nn_functional_max_pool2d_xpu_float32
op_extended,third_party.torch-xpu-ops.test.xpu.extended.test_ops_xpu.TestCompositeComplianceXPU,test_cow_input_logcumsumexp_xpu_float32
op_extended,third_party.torch-xpu-ops.test.xpu.extended.test_ops_xpu.TestCompositeComplianceXPU,test_view_replay_add_xpu_float32
op_extended,third_party.torch-xpu-ops.test.xpu.extended.test_ops_xpu.TestCompositeComplianceXPU,test_backward_masked_select_xpu_float32
op_extended,third_party.torch-xpu-ops.test.xpu.extended.test_ops_xpu.TestCompositeComplianceXPU,test_forward_ad_clamp_min_xpu_float32
op_extended,third_party.torch-xpu-ops.test.xpu.extended.test_ops_xpu.TestCompositeComplianceXPU,test_cow_input_logical_and_xpu_float32
op_extended,third_party.torch-xpu-ops.test.xpu.extended.test_ops_xpu.TestCommonXPU,test_compare_cpu_gt_xpu_bfloat16
op_extended,third_party.torch-xpu-ops.test.xpu.extended.test_ops_xpu.TestCommonXPU,test_compare_cpu_minimum_xpu_float16
op_extended,third_party.torch-xpu-ops.test.xpu.extended.test_ops_xpu.TestCompositeComplianceXPU,test_view_replay_addcdiv_xpu_float32
op_extended,third_party.torch-xpu-ops.test.xpu.extended.test_ops_xpu.TestCompositeComplianceXPU,test_view_replay_nn_functional_max_pool3d_xpu_float32
op_extended,third_party.torch-xpu-ops.test.xpu.extended.test_ops_xpu.TestCompositeComplianceXPU,test_backward_max_binary_xpu_float32
op_extended,third_party.torch-xpu-ops.test.xpu.extended.test_ops_xpu.TestCompositeComplianceXPU,test_view_replay_addcmul_xpu_float32
op_extended,third_party.torch-xpu-ops.test.xpu.extended.test_ops_xpu.TestCompositeComplianceXPU,test_cow_input_logical_not_xpu_float32
op_extended,third_party.torch-xpu-ops.test.xpu.extended.test_ops_xpu.TestCommonXPU,test_compare_cpu_gt_xpu_bool
op_extended,third_party.torch-xpu-ops.test.xpu.extended.test_ops_xpu.TestCommonXPU,test_compare_cpu_minimum_xpu_float32
op_extended,third_party.torch-xpu-ops.test.xpu.extended.test_ops_xpu.TestCompositeComplianceXPU,test_view_replay_addr_xpu_float32
op_extended,third_party.torch-xpu-ops.test.xpu.extended.test_ops_xpu.TestCompositeComplianceXPU,test_cow_input_logical_or_xpu_float32
op_extended,third_party.torch-xpu-ops.test.xpu.extended.test_ops_xpu.TestCompositeComplianceXPU,test_view_replay_nn_functional_max_unpool2d_grad_xpu_float32
op_extended,third_party.torch-xpu-ops.test.xpu.extended.test_ops_xpu.TestCommonXPU,test_compare_cpu_minimum_xpu_float64
op_extended,third_party.torch-xpu-ops.test.xpu.extended.test_ops_xpu.TestCompositeComplianceXPU,test_view_replay_all_xpu_float32
op_extended,third_party.torch-xpu-ops.test.xpu.extended.test_ops_xpu.TestCompositeComplianceXPU,test_cow_input_logical_xor_xpu_float32
op_extended,third_party.torch-xpu-ops.test.xpu.extended.test_ops_xpu.TestCommonXPU,test_compare_cpu_gt_xpu_float16
op_extended,third_party.torch-xpu-ops.test.xpu.extended.test_ops_xpu.TestCompositeComplianceXPU,test_forward_ad_clamp_xpu_float32
op_extended,third_party.torch-xpu-ops.test.xpu.extended.test_ops_xpu.TestCompositeComplianceXPU,test_view_replay_amax_xpu_float32
op_extended,third_party.torch-xpu-ops.test.xpu.extended.test_ops_xpu.TestCompositeComplianceXPU,test_cow_input_logit_xpu_float32
op_extended,third_party.torch-xpu-ops.test.xpu.extended.test_ops_xpu.TestCompositeComplianceXPU,test_view_replay_nn_functional_max_unpool2d_xpu_float32
op_extended,third_party.torch-xpu-ops.test.xpu.extended.test_ops_xpu.TestCommonXPU,test_compare_cpu_minimum_xpu_int16
op_extended,third_party.torch-xpu-ops.test.xpu.extended.test_ops_xpu.TestCommonXPU,test_compare_cpu_gt_xpu_float32
op_extended,third_party.torch-xpu-ops.test.xpu.extended.test_ops_xpu.TestCompositeComplianceXPU,test_forward_ad_clone_xpu_float32
op_extended,third_party.torch-xpu-ops.test.xpu.extended.test_ops_xpu.TestCompositeComplianceXPU,test_view_replay_amin_xpu_float32
op_extended,third_party.torch-xpu-ops.test.xpu.extended.test_ops_xpu.TestCompositeComplianceXPU,test_view_replay_nn_functional_max_unpool3d_grad_xpu_float32
op_extended,third_party.torch-xpu-ops.test.xpu.extended.test_ops_xpu.TestCommonXPU,test_compare_cpu_minimum_xpu_int32
op_extended,third_party.torch-xpu-ops.test.xpu.extended.test_ops_xpu.TestCompositeComplianceXPU,test_forward_ad_conj_physical_xpu_float32
op_extended,third_party.torch-xpu-ops.test.xpu.extended.test_ops_xpu.TestCompositeComplianceXPU,test_view_replay_aminmax_xpu_float32
op_extended,third_party.torch-xpu-ops.test.xpu.extended.test_ops_xpu.TestCommonXPU,test_compare_cpu_gt_xpu_float64
op_extended,third_party.torch-xpu-ops.test.xpu.extended.test_ops_xpu.TestCompositeComplianceXPU,test_view_replay_nn_functional_max_unpool3d_xpu_float32
op_extended,third_party.torch-xpu-ops.test.xpu.extended.test_ops_xpu.TestCompositeComplianceXPU,test_view_replay_angle_xpu_float32
op_extended,third_party.torch-xpu-ops.test.xpu.extended.test_ops_xpu.TestCommonXPU,test_compare_cpu_minimum_xpu_int64
op_extended,third_party.torch-xpu-ops.test.xpu.extended.test_ops_xpu.TestCompositeComplianceXPU,test_view_replay_nn_functional_mish_xpu_float32
op_extended,third_party.torch-xpu-ops.test.xpu.extended.test_ops_xpu.TestCommonXPU,test_compare_cpu_gt_xpu_int16
op_extended,third_party.torch-xpu-ops.test.xpu.extended.test_ops_xpu.TestCompositeComplianceXPU,test_view_replay_any_xpu_float32
op_extended,third_party.torch-xpu-ops.test.xpu.extended.test_ops_xpu.TestCompositeComplianceXPU,test_forward_ad_copysign_xpu_float32
op_extended,third_party.torch-xpu-ops.test.xpu.extended.test_ops_xpu.TestCompositeComplianceXPU,test_view_replay_nn_functional_mse_loss_xpu_float32
op_extended,third_party.torch-xpu-ops.test.xpu.extended.test_ops_xpu.TestCommonXPU,test_compare_cpu_minimum_xpu_int8
op_extended,third_party.torch-xpu-ops.test.xpu.extended.test_ops_xpu.TestCompositeComplianceXPU,test_view_replay_arange_xpu_float32
op_extended,third_party.torch-xpu-ops.test.xpu.extended.test_ops_xpu.TestCompositeComplianceXPU,test_cow_input_logspace_tensor_overload_xpu_float32
op_extended,third_party.torch-xpu-ops.test.xpu.extended.test_ops_xpu.TestCompositeComplianceXPU,test_forward_ad_cos_xpu_float32
op_extended,third_party.torch-xpu-ops.test.xpu.extended.test_ops_xpu.TestCommonXPU,test_compare_cpu_gt_xpu_int32
op_extended,third_party.torch-xpu-ops.test.xpu.extended.test_ops_xpu.TestCompositeComplianceXPU,test_view_replay_argmin_xpu_float32
op_extended,third_party.torch-xpu-ops.test.xpu.extended.test_ops_xpu.TestCommonXPU,test_compare_cpu_minimum_xpu_uint8
op_extended,third_party.torch-xpu-ops.test.xpu.extended.test_ops_xpu.TestCompositeComplianceXPU,test_forward_ad_cosh_xpu_float32
op_extended,third_party.torch-xpu-ops.test.xpu.extended.test_ops_xpu.TestCommonXPU,test_compare_cpu_gt_xpu_int64
op_extended,third_party.torch-xpu-ops.test.xpu.extended.test_ops_xpu.TestCompositeComplianceXPU,test_view_replay_argsort_xpu_float32
op_extended,third_party.torch-xpu-ops.test.xpu.extended.test_ops_xpu.TestCommonXPU,test_compare_cpu_mode_xpu_bfloat16
op_extended,third_party.torch-xpu-ops.test.xpu.extended.test_ops_xpu.TestCompositeComplianceXPU,test_cow_input_logspace_xpu_float32
op_extended,third_party.torch-xpu-ops.test.xpu.extended.test_ops_xpu.TestCompositeComplianceXPU,test_forward_ad_cross_xpu_float32
op_extended,third_party.torch-xpu-ops.test.xpu.extended.test_ops_xpu.TestCompositeComplianceXPU,test_view_replay_as_strided_partial_views_xpu_float32
op_extended,third_party.torch-xpu-ops.test.xpu.extended.test_ops_xpu.TestCommonXPU,test_compare_cpu_mode_xpu_bool
op_extended,third_party.torch-xpu-ops.test.xpu.extended.test_ops_xpu.TestCompositeComplianceXPU,test_cow_input_lt_xpu_float32
op_extended,third_party.torch-xpu-ops.test.xpu.extended.test_ops_xpu.TestCommonXPU,test_compare_cpu_gt_xpu_int8
op_extended,third_party.torch-xpu-ops.test.xpu.extended.test_ops_xpu.TestCompositeComplianceXPU,test_view_replay_as_strided_xpu_float32
op_extended,third_party.torch-xpu-ops.test.xpu.extended.test_ops_xpu.TestCompositeComplianceXPU,test_forward_ad_cummax_xpu_float32
op_extended,third_party.torch-xpu-ops.test.xpu.extended.test_ops_xpu.TestCompositeComplianceXPU,test_cow_input_masked_fill_xpu_float32
op_extended,third_party.torch-xpu-ops.test.xpu.extended.test_ops_xpu.TestCompositeComplianceXPU,test_view_replay_nn_functional_multi_head_attention_forward_xpu_float32
op_extended,third_party.torch-xpu-ops.test.xpu.extended.test_ops_xpu.TestCommonXPU,test_compare_cpu_gt_xpu_uint8
op_extended,third_party.torch-xpu-ops.test.xpu.extended.test_ops_xpu.TestCommonXPU,test_compare_cpu_mode_xpu_float16
op_extended,third_party.torch-xpu-ops.test.xpu.extended.test_ops_xpu.TestCompositeComplianceXPU,test_view_replay_asin_xpu_float32
op_extended,third_party.torch-xpu-ops.test.xpu.extended.test_ops_xpu.TestCompositeComplianceXPU,test_forward_ad_cummin_xpu_float32
op_extended,third_party.torch-xpu-ops.test.xpu.extended.test_ops_xpu.TestCompositeComplianceXPU,test_cow_input_masked_scatter_xpu_float32
op_extended,third_party.torch-xpu-ops.test.xpu.extended.test_ops_xpu.TestCompositeComplianceXPU,test_view_replay_nn_functional_multi_margin_loss_xpu_float32
op_extended,third_party.torch-xpu-ops.test.xpu.extended.test_ops_xpu.TestCompositeComplianceXPU,test_view_replay_asinh_xpu_float32
op_extended,third_party.torch-xpu-ops.test.xpu.extended.test_ops_xpu.TestCommonXPU,test_compare_cpu_mode_xpu_float64
op_extended,third_party.torch-xpu-ops.test.xpu.extended.test_ops_xpu.TestCompositeComplianceXPU,test_cow_input_masked_select_xpu_float32
op_extended,third_party.torch-xpu-ops.test.xpu.extended.test_ops_xpu.TestCommonXPU,test_compare_cpu_heaviside_xpu_bfloat16
op_extended,third_party.torch-xpu-ops.test.xpu.extended.test_ops_xpu.TestCompositeComplianceXPU,test_view_replay_nn_functional_multilabel_margin_loss_xpu_float32
op_extended,third_party.torch-xpu-ops.test.xpu.extended.test_ops_xpu.TestCompositeComplianceXPU,test_view_replay_atan2_xpu_float32
op_extended,third_party.torch-xpu-ops.test.xpu.extended.test_ops_xpu.TestCommonXPU,test_compare_cpu_mode_xpu_int16
op_extended,third_party.torch-xpu-ops.test.xpu.extended.test_ops_xpu.TestCompositeComplianceXPU,test_forward_ad_cumprod_xpu_float32
op_extended,third_party.torch-xpu-ops.test.xpu.extended.test_ops_xpu.TestCompositeComplianceXPU,test_cow_input_max_binary_xpu_float32
op_extended,third_party.torch-xpu-ops.test.xpu.extended.test_ops_xpu.TestCompositeComplianceXPU,test_view_replay_nn_functional_nll_loss_xpu_float32
op_extended,third_party.torch-xpu-ops.test.xpu.extended.test_ops_xpu.TestCommonXPU,test_compare_cpu_heaviside_xpu_bool
op_extended,third_party.torch-xpu-ops.test.xpu.extended.test_ops_xpu.TestCompositeComplianceXPU,test_view_replay_atan_xpu_float32
op_extended,third_party.torch-xpu-ops.test.xpu.extended.test_ops_xpu.TestCommonXPU,test_compare_cpu_mode_xpu_int32
op_extended,third_party.torch-xpu-ops.test.xpu.extended.test_ops_xpu.TestCompositeComplianceXPU,test_forward_ad_cumsum_xpu_float32
op_extended,third_party.torch-xpu-ops.test.xpu.extended.test_ops_xpu.TestCompositeComplianceXPU,test_view_replay_nn_functional_pad_circular_xpu_float32
op_extended,third_party.torch-xpu-ops.test.xpu.extended.test_ops_xpu.TestCompositeComplianceXPU,test_view_replay_atanh_xpu_float32
op_extended,third_party.torch-xpu-ops.test.xpu.extended.test_ops_xpu.TestCommonXPU,test_compare_cpu_mode_xpu_int64
op_extended,third_party.torch-xpu-ops.test.xpu.extended.test_ops_xpu.TestCompositeComplianceXPU,test_view_replay_nn_functional_pad_constant_xpu_float32
op_extended,third_party.torch-xpu-ops.test.xpu.extended.test_ops_xpu.TestCompositeComplianceXPU,test_view_replay_bernoulli_xpu_float32
op_extended,third_party.torch-xpu-ops.test.xpu.extended.test_ops_xpu.TestCompositeComplianceXPU,test_forward_ad_digamma_xpu_float32
op_extended,third_party.torch-xpu-ops.test.xpu.extended.test_ops_xpu.TestCommonXPU,test_compare_cpu_mode_xpu_int8
op_extended,third_party.torch-xpu-ops.test.xpu.extended.test_ops_xpu.TestCommonXPU,test_compare_cpu_heaviside_xpu_float16
op_extended,third_party.torch-xpu-ops.test.xpu.extended.test_ops_xpu.TestCompositeComplianceXPU,test_view_replay_nn_functional_pad_reflect_xpu_float32
op_extended,third_party.torch-xpu-ops.test.xpu.extended.test_ops_xpu.TestCompositeComplianceXPU,test_view_replay_bucketize_xpu_float32
op_extended,third_party.torch-xpu-ops.test.xpu.extended.test_ops_xpu.TestCommonXPU,test_compare_cpu_mode_xpu_uint8
op_extended,third_party.torch-xpu-ops.test.xpu.extended.test_ops_xpu.TestCompositeComplianceXPU,test_view_replay_nn_functional_pad_replicate_negative_xpu_float32
op_extended,third_party.torch-xpu-ops.test.xpu.extended.test_ops_xpu.TestCommonXPU,test_compare_cpu_heaviside_xpu_float32
op_extended,third_party.torch-xpu-ops.test.xpu.extended.test_ops_xpu.TestCompositeComplianceXPU,test_view_replay_cat_xpu_float32
op_extended,third_party.torch-xpu-ops.test.xpu.extended.test_ops_xpu.TestCompositeComplianceXPU,test_forward_ad_div_floor_rounding_xpu_float32
op_extended,third_party.torch-xpu-ops.test.xpu.extended.test_ops_xpu.TestCommonXPU,test_compare_cpu_mul_xpu_bfloat16
op_extended,third_party.torch-xpu-ops.test.xpu.extended.test_ops_xpu.TestCompositeComplianceXPU,test_view_replay_nn_functional_pad_replicate_xpu_float32
op_extended,third_party.torch-xpu-ops.test.xpu.extended.test_ops_xpu.TestCompositeComplianceXPU,test_view_replay_cauchy_xpu_float32
op_extended,third_party.torch-xpu-ops.test.xpu.extended.test_ops_xpu.TestCommonXPU,test_compare_cpu_heaviside_xpu_float64
op_extended,third_party.torch-xpu-ops.test.xpu.extended.test_ops_xpu.TestCompositeComplianceXPU,test_view_replay_nn_functional_pdist_xpu_float32
op_extended,third_party.torch-xpu-ops.test.xpu.extended.test_ops_xpu.TestCommonXPU,test_compare_cpu_mul_xpu_bool
op_extended,third_party.torch-xpu-ops.test.xpu.extended.test_ops_xpu.TestCompositeComplianceXPU,test_forward_ad_div_no_rounding_mode_xpu_float32
op_extended,third_party.torch-xpu-ops.test.xpu.extended.test_ops_xpu.TestCompositeComplianceXPU,test_view_replay_cdist_xpu_float32
op_extended,third_party.torch-xpu-ops.test.xpu.extended.test_ops_xpu.TestCompositeComplianceXPU,test_view_replay_nn_functional_prelu_xpu_float32
op_extended,third_party.torch-xpu-ops.test.xpu.extended.test_ops_xpu.TestCommonXPU,test_compare_cpu_heaviside_xpu_int16
op_extended,third_party.torch-xpu-ops.test.xpu.extended.test_ops_xpu.TestCompositeComplianceXPU,test_view_replay_clamp_max_xpu_float32
op_extended,third_party.torch-xpu-ops.test.xpu.extended.test_ops_xpu.TestCompositeComplianceXPU,test_view_replay_nn_functional_rrelu_xpu_float32
op_extended,third_party.torch-xpu-ops.test.xpu.extended.test_ops_xpu.TestCommonXPU,test_compare_cpu_mul_xpu_complex128
op_extended,third_party.torch-xpu-ops.test.xpu.extended.test_ops_xpu.TestCommonXPU,test_compare_cpu_heaviside_xpu_int32
op_extended,third_party.torch-xpu-ops.test.xpu.extended.test_ops_xpu.TestCompositeComplianceXPU,test_view_replay_clamp_min_xpu_float32
op_extended,third_party.torch-xpu-ops.test.xpu.extended.test_ops_xpu.TestCompositeComplianceXPU,test_forward_ad_div_trunc_rounding_xpu_float32
op_extended,third_party.torch-xpu-ops.test.xpu.extended.test_ops_xpu.TestCompositeComplianceXPU,test_view_replay_nn_functional_silu_xpu_float32
op_extended,third_party.torch-xpu-ops.test.xpu.extended.test_ops_xpu.TestCompositeComplianceXPU,test_cow_input_max_pool2d_with_indices_backward_xpu_float32
op_extended,third_party.torch-xpu-ops.test.xpu.extended.test_ops_xpu.TestCommonXPU,test_compare_cpu_mul_xpu_float16
op_extended,third_party.torch-xpu-ops.test.xpu.extended.test_ops_xpu.TestCompositeComplianceXPU,test_view_replay_clamp_xpu_float32
op_extended,third_party.torch-xpu-ops.test.xpu.extended.test_ops_xpu.TestCompositeComplianceXPU,test_view_replay_nn_functional_smooth_l1_loss_xpu_float32
op_extended,third_party.torch-xpu-ops.test.xpu.extended.test_ops_xpu.TestCommonXPU,test_compare_cpu_heaviside_xpu_int64
op_extended,third_party.torch-xpu-ops.test.xpu.extended.test_ops_xpu.TestCompositeComplianceXPU,test_cow_input_max_reduction_no_dim_xpu_float32
op_extended,third_party.torch-xpu-ops.test.xpu.extended.test_ops_xpu.TestCompositeComplianceXPU,test_forward_ad_erf_xpu_float32
op_extended,third_party.torch-xpu-ops.test.xpu.extended.test_ops_xpu.TestCompositeComplianceXPU,test_view_replay_clone_xpu_float32
op_extended,third_party.torch-xpu-ops.test.xpu.extended.test_ops_xpu.TestCompositeComplianceXPU,test_view_replay_nn_functional_softplus_xpu_float32
op_extended,third_party.torch-xpu-ops.test.xpu.extended.test_ops_xpu.TestCommonXPU,test_compare_cpu_mul_xpu_float32
op_extended,third_party.torch-xpu-ops.test.xpu.extended.test_ops_xpu.TestCommonXPU,test_compare_cpu_heaviside_xpu_int8
op_extended,third_party.torch-xpu-ops.test.xpu.extended.test_ops_xpu.TestCompositeComplianceXPU,test_cow_input_max_reduction_with_dim_xpu_float32
op_extended,third_party.torch-xpu-ops.test.xpu.extended.test_ops_xpu.TestCompositeComplianceXPU,test_view_replay_conj_physical_xpu_float32
op_extended,third_party.torch-xpu-ops.test.xpu.extended.test_ops_xpu.TestCompositeComplianceXPU,test_view_replay_nn_functional_softshrink_xpu_float32
op_extended,third_party.torch-xpu-ops.test.xpu.extended.test_ops_xpu.TestCompositeComplianceXPU,test_forward_ad_erfc_xpu_float32
op_extended,third_party.torch-xpu-ops.test.xpu.extended.test_ops_xpu.TestCompositeComplianceXPU,test_cow_input_maximum_xpu_float32
op_extended,third_party.torch-xpu-ops.test.xpu.extended.test_ops_xpu.TestCompositeComplianceXPU,test_backward_max_pool2d_with_indices_backward_xpu_float32
op_extended,third_party.torch-xpu-ops.test.xpu.extended.test_ops_xpu.TestCommonXPU,test_compare_cpu_heaviside_xpu_uint8
op_extended,third_party.torch-xpu-ops.test.xpu.extended.test_ops_xpu.TestCompositeComplianceXPU,test_view_replay_copysign_xpu_float32
op_extended,third_party.torch-xpu-ops.test.xpu.extended.test_ops_xpu.TestCompositeComplianceXPU,test_view_replay_nn_functional_threshold_xpu_float32
op_extended,third_party.torch-xpu-ops.test.xpu.extended.test_ops_xpu.TestCompositeComplianceXPU,test_forward_ad_erfinv_xpu_float32
op_extended,third_party.torch-xpu-ops.test.xpu.extended.test_ops_xpu.TestCommonXPU,test_compare_cpu_mul_xpu_float64
op_extended,third_party.torch-xpu-ops.test.xpu.extended.test_ops_xpu.TestCompositeComplianceXPU,test_cow_input_median_xpu_float32
op_extended,third_party.torch-xpu-ops.test.xpu.extended.test_ops_xpu.TestCompositeComplianceXPU,test_backward_max_reduction_no_dim_xpu_float32
op_extended,third_party.torch-xpu-ops.test.xpu.extended.test_ops_xpu.TestCompositeComplianceXPU,test_view_replay_cos_xpu_float32
op_extended,third_party.torch-xpu-ops.test.xpu.extended.test_ops_xpu.TestCompositeComplianceXPU,test_forward_ad_exp2_xpu_float32
op_extended,third_party.torch-xpu-ops.test.xpu.extended.test_ops_xpu.TestCompositeComplianceXPU,test_view_replay_nn_functional_unfold_xpu_float32
op_extended,third_party.torch-xpu-ops.test.xpu.extended.test_ops_xpu.TestCommonXPU,test_compare_cpu_mul_xpu_int16
op_extended,third_party.torch-xpu-ops.test.xpu.extended.test_ops_xpu.TestCompositeComplianceXPU,test_cow_input_min_binary_xpu_float32
op_extended,third_party.torch-xpu-ops.test.xpu.extended.test_ops_xpu.TestCompositeComplianceXPU,test_view_replay_cosh_xpu_float32
op_extended,third_party.torch-xpu-ops.test.xpu.extended.test_ops_xpu.TestCompositeComplianceXPU,test_backward_max_reduction_with_dim_xpu_float32
op_extended,third_party.torch-xpu-ops.test.xpu.extended.test_ops_xpu.TestCompositeComplianceXPU,test_forward_ad_exp_xpu_float32
op_extended,third_party.torch-xpu-ops.test.xpu.extended.test_ops_xpu.TestCompositeComplianceXPU,test_view_replay_nn_functional_upsample_bilinear_xpu_float32
op_extended,third_party.torch-xpu-ops.test.xpu.extended.test_ops_xpu.TestCompositeComplianceXPU,test_cow_input_min_reduction_no_dim_xpu_float32
op_extended,third_party.torch-xpu-ops.test.xpu.extended.test_ops_xpu.TestCompositeComplianceXPU,test_view_replay_count_nonzero_xpu_float32
op_extended,third_party.torch-xpu-ops.test.xpu.extended.test_ops_xpu.TestCompositeComplianceXPU,test_forward_ad_expm1_xpu_float32
op_extended,third_party.torch-xpu-ops.test.xpu.extended.test_ops_xpu.TestCommonXPU,test_compare_cpu_mul_xpu_int32
op_extended,third_party.torch-xpu-ops.test.xpu.extended.test_ops_xpu.TestCompositeComplianceXPU,test_view_replay_nn_functional_upsample_nearest_xpu_float32
op_extended,third_party.torch-xpu-ops.test.xpu.extended.test_ops_xpu.TestCompositeComplianceXPU,test_backward_maximum_xpu_float32
op_extended,third_party.torch-xpu-ops.test.xpu.extended.test_ops_xpu.TestCommonXPU,test_compare_cpu_histc_xpu_float32
op_extended,third_party.torch-xpu-ops.test.xpu.extended.test_ops_xpu.TestCompositeComplianceXPU,test_cow_input_min_reduction_with_dim_xpu_float32
op_extended,third_party.torch-xpu-ops.test.xpu.extended.test_ops_xpu.TestCompositeComplianceXPU,test_view_replay_cross_xpu_float32
op_extended,third_party.torch-xpu-ops.test.xpu.extended.test_ops_xpu.TestCompositeComplianceXPU,test_view_replay_nonzero_xpu_float32
op_extended,third_party.torch-xpu-ops.test.xpu.extended.test_ops_xpu.TestCommonXPU,test_compare_cpu_mul_xpu_int64
op_extended,third_party.torch-xpu-ops.test.xpu.extended.test_ops_xpu.TestCompositeComplianceXPU,test_cow_input_minimum_xpu_float32
op_extended,third_party.torch-xpu-ops.test.xpu.extended.test_ops_xpu.TestCompositeComplianceXPU,test_backward_median_xpu_float32
op_extended,third_party.torch-xpu-ops.test.xpu.extended.test_ops_xpu.TestCompositeComplianceXPU,test_view_replay_cummax_xpu_float32
op_extended,third_party.torch-xpu-ops.test.xpu.extended.test_ops_xpu.TestCommonXPU,test_compare_cpu_histc_xpu_float64
op_extended,third_party.torch-xpu-ops.test.xpu.extended.test_ops_xpu.TestCompositeComplianceXPU,test_view_replay_norm_fro_xpu_float32
op_extended,third_party.torch-xpu-ops.test.xpu.extended.test_ops_xpu.TestCompositeComplianceXPU,test_forward_ad_fft_fft2_xpu_float32
op_extended,third_party.torch-xpu-ops.test.xpu.extended.test_ops_xpu.TestCompositeComplianceXPU,test_view_replay_cummin_xpu_float32
op_extended,third_party.torch-xpu-ops.test.xpu.extended.test_ops_xpu.TestCompositeComplianceXPU,test_cow_input_mode_xpu_float32
op_extended,third_party.torch-xpu-ops.test.xpu.extended.test_ops_xpu.TestCommonXPU,test_compare_cpu_mul_xpu_int8
op_extended,third_party.torch-xpu-ops.test.xpu.extended.test_ops_xpu.TestCompositeComplianceXPU,test_view_replay_norm_inf_xpu_float32
op_extended,third_party.torch-xpu-ops.test.xpu.extended.test_ops_xpu.TestCompositeComplianceXPU,test_backward_min_binary_xpu_float32
op_extended,third_party.torch-xpu-ops.test.xpu.extended.test_ops_xpu.TestCompositeComplianceXPU,test_view_replay_cumprod_xpu_float32
op_extended,third_party.torch-xpu-ops.test.xpu.extended.test_ops_xpu.TestCompositeComplianceXPU,test_cow_input_mul_xpu_float32
op_extended,third_party.torch-xpu-ops.test.xpu.extended.test_ops_xpu.TestCompositeComplianceXPU,test_forward_ad_fft_fft_xpu_float32
op_extended,third_party.torch-xpu-ops.test.xpu.extended.test_ops_xpu.TestCommonXPU,test_compare_cpu_histogram_xpu_bfloat16
op_extended,third_party.torch-xpu-ops.test.xpu.extended.test_ops_xpu.TestCompositeComplianceXPU,test_view_replay_norm_nuc_xpu_float32
op_extended,third_party.torch-xpu-ops.test.xpu.extended.test_ops_xpu.TestCommonXPU,test_compare_cpu_histogram_xpu_bool
op_extended,third_party.torch-xpu-ops.test.xpu.extended.test_ops_xpu.TestCompositeComplianceXPU,test_backward_min_reduction_no_dim_xpu_float32
op_extended,third_party.torch-xpu-ops.test.xpu.extended.test_ops_xpu.TestCommonXPU,test_compare_cpu_mul_xpu_uint8
op_extended,third_party.torch-xpu-ops.test.xpu.extended.test_ops_xpu.TestCommonXPU,test_compare_cpu_histogram_xpu_complex128
op_extended,third_party.torch-xpu-ops.test.xpu.extended.test_ops_xpu.TestCompositeComplianceXPU,test_view_replay_cumsum_xpu_float32
op_extended,third_party.torch-xpu-ops.test.xpu.extended.test_ops_xpu.TestCommonXPU,test_compare_cpu_histogram_xpu_complex64
op_extended,third_party.torch-xpu-ops.test.xpu.extended.test_ops_xpu.TestCompositeComplianceXPU,test_view_replay_norm_xpu_float32
op_extended,third_party.torch-xpu-ops.test.xpu.extended.test_ops_xpu.TestCompositeComplianceXPU,test_cow_input_multinomial_xpu_float32
op_extended,third_party.torch-xpu-ops.test.xpu.extended.test_ops_xpu.TestCommonXPU,test_compare_cpu_histogram_xpu_float16
op_extended,third_party.torch-xpu-ops.test.xpu.extended.test_ops_xpu.TestCompositeComplianceXPU,test_forward_ad_fft_fftn_xpu_float32
op_extended,third_party.torch-xpu-ops.test.xpu.extended.test_ops_xpu.TestCompositeComplianceXPU,test_backward_min_reduction_with_dim_xpu_float32
op_extended,third_party.torch-xpu-ops.test.xpu.extended.test_ops_xpu.TestCompositeComplianceXPU,test_view_replay_digamma_xpu_float32
op_extended,third_party.torch-xpu-ops.test.xpu.extended.test_ops_xpu.TestCompositeComplianceXPU,test_view_replay_normal_in_place_xpu_float32
op_extended,third_party.torch-xpu-ops.test.xpu.extended.test_ops_xpu.TestCompositeComplianceXPU,test_cow_input_nan_to_num_xpu_float32
op_extended,third_party.torch-xpu-ops.test.xpu.extended.test_ops_xpu.TestCompositeComplianceXPU,test_forward_ad_fft_fftshift_xpu_float32
op_extended,third_party.torch-xpu-ops.test.xpu.extended.test_ops_xpu.TestCompositeComplianceXPU,test_view_replay_div_floor_rounding_xpu_float32
op_extended,third_party.torch-xpu-ops.test.xpu.extended.test_ops_xpu.TestCompositeComplianceXPU,test_backward_minimum_xpu_float32
op_extended,third_party.torch-xpu-ops.test.xpu.extended.test_ops_xpu.TestCompositeComplianceXPU,test_view_replay_normal_number_mean_xpu_float32
op_extended,third_party.torch-xpu-ops.test.xpu.extended.test_ops_xpu.TestCompositeComplianceXPU,test_cow_input_nanmean_xpu_float32
op_extended,third_party.torch-xpu-ops.test.xpu.extended.test_ops_xpu.TestCompositeComplianceXPU,test_view_replay_div_no_rounding_mode_xpu_float32
op_extended,third_party.torch-xpu-ops.test.xpu.extended.test_ops_xpu.TestCompositeComplianceXPU,test_view_replay_normal_xpu_float32
op_extended,third_party.torch-xpu-ops.test.xpu.extended.test_ops_xpu.TestCompositeComplianceXPU,test_backward_mode_xpu_float32
op_extended,third_party.torch-xpu-ops.test.xpu.extended.test_ops_xpu.TestCompositeComplianceXPU,test_forward_ad_fft_hfft2_xpu_float32
op_extended,third_party.torch-xpu-ops.test.xpu.extended.test_ops_xpu.TestCompositeComplianceXPU,test_cow_input_nanmedian_xpu_float32
op_extended,third_party.torch-xpu-ops.test.xpu.extended.test_ops_xpu.TestCommonXPU,test_compare_cpu_histogram_xpu_float32
op_extended,third_party.torch-xpu-ops.test.xpu.extended.test_ops_xpu.TestCompositeComplianceXPU,test_view_replay_div_trunc_rounding_xpu_float32
op_extended,third_party.torch-xpu-ops.test.xpu.extended.test_ops_xpu.TestCompositeComplianceXPU,test_view_replay_polar_xpu_float32
op_extended,third_party.torch-xpu-ops.test.xpu.extended.test_ops_xpu.TestCommonXPU,test_compare_cpu_nan_to_num_xpu_bfloat16
op_extended,third_party.torch-xpu-ops.test.xpu.extended.test_ops_xpu.TestCompositeComplianceXPU,test_backward_mul_xpu_float32
op_extended,third_party.torch-xpu-ops.test.xpu.extended.test_ops_xpu.TestCompositeComplianceXPU,test_cow_input_nansum_xpu_float32
op_extended,third_party.torch-xpu-ops.test.xpu.extended.test_ops_xpu.TestCompositeComplianceXPU,test_view_replay_empty_xpu_float32
op_extended,third_party.torch-xpu-ops.test.xpu.extended.test_ops_xpu.TestCompositeComplianceXPU,test_forward_ad_fft_hfft_xpu_float32
op_extended,third_party.torch-xpu-ops.test.xpu.extended.test_ops_xpu.TestCompositeComplianceXPU,test_view_replay_polygamma_polygamma_n_0_xpu_float32
op_extended,third_party.torch-xpu-ops.test.xpu.extended.test_ops_xpu.TestCompositeComplianceXPU,test_backward_nan_to_num_xpu_float32
op_extended,third_party.torch-xpu-ops.test.xpu.extended.test_ops_xpu.TestCompositeComplianceXPU,test_view_replay_eq_xpu_float32
op_extended,third_party.torch-xpu-ops.test.xpu.extended.test_ops_xpu.TestCompositeComplianceXPU,test_cow_input_native_batch_norm_xpu_float32
op_extended,third_party.torch-xpu-ops.test.xpu.extended.test_ops_xpu.TestCommonXPU,test_compare_cpu_histogram_xpu_float64
op_extended,third_party.torch-xpu-ops.test.xpu.extended.test_ops_xpu.TestCommonXPU,test_compare_cpu_nan_to_num_xpu_bool
op_extended,third_party.torch-xpu-ops.test.xpu.extended.test_ops_xpu.TestCommonXPU,test_compare_cpu_histogram_xpu_int16
op_extended,third_party.torch-xpu-ops.test.xpu.extended.test_ops_xpu.TestCompositeComplianceXPU,test_view_replay_polygamma_polygamma_n_1_xpu_float32
op_extended,third_party.torch-xpu-ops.test.xpu.extended.test_ops_xpu.TestCommonXPU,test_compare_cpu_histogram_xpu_int32
op_extended,third_party.torch-xpu-ops.test.xpu.extended.test_ops_xpu.TestCompositeComplianceXPU,test_forward_ad_fft_hfftn_xpu_float32
op_extended,third_party.torch-xpu-ops.test.xpu.extended.test_ops_xpu.TestCompositeComplianceXPU,test_view_replay_equal_xpu_float32
op_extended,third_party.torch-xpu-ops.test.xpu.extended.test_ops_xpu.TestCompositeComplianceXPU,test_cow_input_native_dropout_backward_xpu_float32
op_extended,third_party.torch-xpu-ops.test.xpu.extended.test_ops_xpu.TestCommonXPU,test_compare_cpu_histogram_xpu_int64
op_extended,third_party.torch-xpu-ops.test.xpu.extended.test_ops_xpu.TestCommonXPU,test_compare_cpu_histogram_xpu_int8
op_extended,third_party.torch-xpu-ops.test.xpu.extended.test_ops_xpu.TestCompositeComplianceXPU,test_view_replay_polygamma_polygamma_n_2_xpu_float32
op_extended,third_party.torch-xpu-ops.test.xpu.extended.test_ops_xpu.TestCommonXPU,test_compare_cpu_histogram_xpu_uint8
op_extended,third_party.torch-xpu-ops.test.xpu.extended.test_ops_xpu.TestCompositeComplianceXPU,test_backward_nanmean_xpu_float32
op_extended,third_party.torch-xpu-ops.test.xpu.extended.test_ops_xpu.TestCompositeComplianceXPU,test_view_replay_erf_xpu_float32
op_extended,third_party.torch-xpu-ops.test.xpu.extended.test_ops_xpu.TestCompositeComplianceXPU,test_forward_ad_fft_ifft2_xpu_float32
op_extended,third_party.torch-xpu-ops.test.xpu.extended.test_ops_xpu.TestCompositeComplianceXPU,test_cow_input_native_layer_norm_xpu_float32
op_extended,third_party.torch-xpu-ops.test.xpu.extended.test_ops_xpu.TestCompositeComplianceXPU,test_view_replay_polygamma_polygamma_n_3_xpu_float32
op_extended,third_party.torch-xpu-ops.test.xpu.extended.test_ops_xpu.TestCommonXPU,test_compare_cpu_nan_to_num_xpu_float16
op_extended,third_party.torch-xpu-ops.test.xpu.extended.test_ops_xpu.TestCompositeComplianceXPU,test_view_replay_erfc_xpu_float32
op_extended,third_party.torch-xpu-ops.test.xpu.extended.test_ops_xpu.TestCompositeComplianceXPU,test_backward_nanmedian_xpu_float32
op_extended,third_party.torch-xpu-ops.test.xpu.extended.test_ops_xpu.TestCompositeComplianceXPU,test_cow_input_ne_xpu_float32
op_extended,third_party.torch-xpu-ops.test.xpu.extended.test_ops_xpu.TestCompositeComplianceXPU,test_view_replay_polygamma_polygamma_n_4_xpu_float32
op_extended,third_party.torch-xpu-ops.test.xpu.extended.test_ops_xpu.TestCompositeComplianceXPU,test_forward_ad_fft_ifft_xpu_float32
op_extended,third_party.torch-xpu-ops.test.xpu.extended.test_ops_xpu.TestCommonXPU,test_compare_cpu_nan_to_num_xpu_float32
op_extended,third_party.torch-xpu-ops.test.xpu.extended.test_ops_xpu.TestCompositeComplianceXPU,test_view_replay_erfinv_xpu_float32
op_extended,third_party.torch-xpu-ops.test.xpu.extended.test_ops_xpu.TestCommonXPU,test_compare_cpu_hypot_xpu_float16
op_extended,third_party.torch-xpu-ops.test.xpu.extended.test_ops_xpu.TestCompositeComplianceXPU,test_cow_input_neg_xpu_float32
op_extended,third_party.torch-xpu-ops.test.xpu.extended.test_ops_xpu.TestCompositeComplianceXPU,test_view_replay_pow_xpu_float32
op_extended,third_party.torch-xpu-ops.test.xpu.extended.test_ops_xpu.TestCompositeComplianceXPU,test_view_replay_exp2_xpu_float32
op_extended,third_party.torch-xpu-ops.test.xpu.extended.test_ops_xpu.TestCompositeComplianceXPU,test_backward_nansum_xpu_float32
op_extended,third_party.torch-xpu-ops.test.xpu.extended.test_ops_xpu.TestCommonXPU,test_compare_cpu_nan_to_num_xpu_float64
op_extended,third_party.torch-xpu-ops.test.xpu.extended.test_ops_xpu.TestCompositeComplianceXPU,test_forward_ad_fft_ifftn_xpu_float32
op_extended,third_party.torch-xpu-ops.test.xpu.extended.test_ops_xpu.TestCompositeComplianceXPU,test_cow_input_nextafter_xpu_float32
op_extended,third_party.torch-xpu-ops.test.xpu.extended.test_ops_xpu.TestCompositeComplianceXPU,test_view_replay_prod_xpu_float32
op_extended,third_party.torch-xpu-ops.test.xpu.extended.test_ops_xpu.TestCompositeComplianceXPU,test_view_replay_exp_xpu_float32
op_extended,third_party.torch-xpu-ops.test.xpu.extended.test_ops_xpu.TestCommonXPU,test_compare_cpu_nan_to_num_xpu_int16
op_extended,third_party.torch-xpu-ops.test.xpu.extended.test_ops_xpu.TestCompositeComplianceXPU,test_forward_ad_fft_ifftshift_xpu_float32
op_extended,third_party.torch-xpu-ops.test.xpu.extended.test_ops_xpu.TestCompositeComplianceXPU,test_cow_input_nn_functional_adaptive_avg_pool2d_xpu_float32
op_extended,third_party.torch-xpu-ops.test.xpu.extended.test_ops_xpu.TestCompositeComplianceXPU,test_view_replay_put_xpu_float32
op_extended,third_party.torch-xpu-ops.test.xpu.extended.test_ops_xpu.TestCompositeComplianceXPU,test_view_replay_expm1_xpu_float32
op_extended,third_party.torch-xpu-ops.test.xpu.extended.test_ops_xpu.TestCommonXPU,test_compare_cpu_hypot_xpu_float32
op_extended,third_party.torch-xpu-ops.test.xpu.extended.test_ops_xpu.TestCommonXPU,test_compare_cpu_nan_to_num_xpu_int32
op_extended,third_party.torch-xpu-ops.test.xpu.extended.test_ops_xpu.TestCompositeComplianceXPU,test_view_replay_reciprocal_xpu_float32
op_extended,third_party.torch-xpu-ops.test.xpu.extended.test_ops_xpu.TestCompositeComplianceXPU,test_cow_input_nn_functional_adaptive_avg_pool3d_xpu_float32
op_extended,third_party.torch-xpu-ops.test.xpu.extended.test_ops_xpu.TestCompositeComplianceXPU,test_forward_ad_fft_ihfft2_xpu_float32
op_extended,third_party.torch-xpu-ops.test.xpu.extended.test_ops_xpu.TestCompositeComplianceXPU,test_view_replay_exponential_xpu_float32
op_extended,third_party.torch-xpu-ops.test.xpu.extended.test_ops_xpu.TestCompositeComplianceXPU,test_view_replay_remainder_xpu_float32
op_extended,third_party.torch-xpu-ops.test.xpu.extended.test_ops_xpu.TestCommonXPU,test_compare_cpu_hypot_xpu_float64
op_extended,third_party.torch-xpu-ops.test.xpu.extended.test_ops_xpu.TestCommonXPU,test_compare_cpu_nan_to_num_xpu_int64
op_extended,third_party.torch-xpu-ops.test.xpu.extended.test_ops_xpu.TestCompositeComplianceXPU,test_cow_input_nn_functional_adaptive_max_pool2d_xpu_float32
op_extended,third_party.torch-xpu-ops.test.xpu.extended.test_ops_xpu.TestCompositeComplianceXPU,test_view_replay_eye_xpu_float32
op_extended,third_party.torch-xpu-ops.test.xpu.extended.test_ops_xpu.TestCompositeComplianceXPU,test_forward_ad_fft_ihfft_xpu_float32
op_extended,third_party.torch-xpu-ops.test.xpu.extended.test_ops_xpu.TestCompositeComplianceXPU,test_view_replay_renorm_xpu_float32
op_extended,third_party.torch-xpu-ops.test.xpu.extended.test_ops_xpu.TestCompositeComplianceXPU,test_cow_input_nn_functional_adaptive_max_pool3d_xpu_float32
op_extended,third_party.torch-xpu-ops.test.xpu.extended.test_ops_xpu.TestCommonXPU,test_compare_cpu_nan_to_num_xpu_int8
op_extended,third_party.torch-xpu-ops.test.xpu.extended.test_ops_xpu.TestCompositeComplianceXPU,test_backward_native_batch_norm_xpu_float32
op_extended,third_party.torch-xpu-ops.test.xpu.extended.test_ops_xpu.TestCompositeComplianceXPU,test_view_replay_fft_fft2_xpu_float32
op_extended,third_party.torch-xpu-ops.test.xpu.extended.test_ops_xpu.TestCompositeComplianceXPU,test_view_replay_repeat_interleave_xpu_float32
op_extended,third_party.torch-xpu-ops.test.xpu.extended.test_ops_xpu.TestCompositeComplianceXPU,test_forward_ad_fft_ihfftn_xpu_float32
op_extended,third_party.torch-xpu-ops.test.xpu.extended.test_ops_xpu.TestCompositeComplianceXPU,test_cow_input_nn_functional_avg_pool1d_xpu_float32
op_extended,third_party.torch-xpu-ops.test.xpu.extended.test_ops_xpu.TestCommonXPU,test_compare_cpu_nan_to_num_xpu_uint8
op_extended,third_party.torch-xpu-ops.test.xpu.extended.test_ops_xpu.TestCompositeComplianceXPU,test_view_replay_fft_fft_xpu_float32
op_extended,third_party.torch-xpu-ops.test.xpu.extended.test_ops_xpu.TestCompositeComplianceXPU,test_backward_native_dropout_backward_xpu_float32
op_extended,third_party.torch-xpu-ops.test.xpu.extended.test_ops_xpu.TestCompositeComplianceXPU,test_forward_ad_max_pool2d_with_indices_backward_xpu_float32
op_extended,third_party.torch-xpu-ops.test.xpu.extended.test_ops_xpu.TestCommonXPU,test_compare_cpu_i0_xpu_bfloat16
op_extended,third_party.torch-xpu-ops.test.xpu.extended.test_ops_xpu.TestCompositeComplianceXPU,test_view_replay_reshape_xpu_float32
op_extended,third_party.torch-xpu-ops.test.xpu.extended.test_ops_xpu.TestCompositeComplianceXPU,test_cow_input_nn_functional_avg_pool2d_xpu_float32
op_extended,third_party.torch-xpu-ops.test.xpu.extended.test_ops_xpu.TestCompositeComplianceXPU,test_view_replay_fft_fftn_xpu_float32
op_extended,third_party.torch-xpu-ops.test.xpu.extended.test_ops_xpu.TestCompositeComplianceXPU,test_forward_ad_fft_irfft2_xpu_float32
op_extended,third_party.torch-xpu-ops.test.xpu.extended.test_ops_xpu.TestCompositeComplianceXPU,test_view_replay_resize__xpu_float32
op_extended,third_party.torch-xpu-ops.test.xpu.extended.test_ops_xpu.TestCommonXPU,test_compare_cpu_i0_xpu_bool
op_extended,third_party.torch-xpu-ops.test.xpu.extended.test_ops_xpu.TestCompositeComplianceXPU,test_forward_ad_max_reduction_no_dim_xpu_float32
op_extended,third_party.torch-xpu-ops.test.xpu.extended.test_ops_xpu.TestCompositeComplianceXPU,test_cow_input_nn_functional_avg_pool3d_xpu_float32
op_extended,third_party.torch-xpu-ops.test.xpu.extended.test_ops_xpu.TestCompositeComplianceXPU,test_view_replay_fft_fftshift_xpu_float32
op_extended,third_party.torch-xpu-ops.test.xpu.extended.test_ops_xpu.TestCompositeComplianceXPU,test_backward_native_layer_norm_xpu_float32
op_extended,third_party.torch-xpu-ops.test.xpu.extended.test_ops_xpu.TestCompositeComplianceXPU,test_view_replay_resize_as__xpu_float32
op_extended,third_party.torch-xpu-ops.test.xpu.extended.test_ops_xpu.TestCompositeComplianceXPU,test_forward_ad_fft_irfft_xpu_float32
op_extended,third_party.torch-xpu-ops.test.xpu.extended.test_ops_xpu.TestCompositeComplianceXPU,test_forward_ad_max_reduction_with_dim_xpu_float32
op_extended,third_party.torch-xpu-ops.test.xpu.extended.test_ops_xpu.TestCompositeComplianceXPU,test_cow_input_nn_functional_batch_norm_without_cudnn_xpu_float32
op_extended,third_party.torch-xpu-ops.test.xpu.extended.test_ops_xpu.TestCompositeComplianceXPU,test_view_replay_fft_hfft2_xpu_float32
op_extended,third_party.torch-xpu-ops.test.xpu.extended.test_ops_xpu.TestCommonXPU,test_compare_cpu_nanmean_xpu_float16
op_extended,third_party.torch-xpu-ops.test.xpu.extended.test_ops_xpu.TestCompositeComplianceXPU,test_backward_neg_xpu_float32
op_extended,third_party.torch-xpu-ops.test.xpu.extended.test_ops_xpu.TestCompositeComplianceXPU,test_view_replay_roll_xpu_float32
op_extended,third_party.torch-xpu-ops.test.xpu.extended.test_ops_xpu.TestCommonXPU,test_compare_cpu_i0_xpu_float16
op_extended,third_party.torch-xpu-ops.test.xpu.extended.test_ops_xpu.TestCompositeComplianceXPU,test_forward_ad_fft_irfftn_xpu_float32
op_extended,third_party.torch-xpu-ops.test.xpu.extended.test_ops_xpu.TestCompositeComplianceXPU,test_cow_input_nn_functional_batch_norm_xpu_float32
op_extended,third_party.torch-xpu-ops.test.xpu.extended.test_ops_xpu.TestCompositeComplianceXPU,test_view_replay_fft_hfft_xpu_float32
op_extended,third_party.torch-xpu-ops.test.xpu.extended.test_ops_xpu.TestCommonXPU,test_compare_cpu_nanmean_xpu_float32
op_extended,third_party.torch-xpu-ops.test.xpu.extended.test_ops_xpu.TestCompositeComplianceXPU,test_view_replay_round_decimals_0_xpu_float32
op_extended,third_party.torch-xpu-ops.test.xpu.extended.test_ops_xpu.TestCommonXPU,test_compare_cpu_i0_xpu_float32
op_extended,third_party.torch-xpu-ops.test.xpu.extended.test_ops_xpu.TestCompositeComplianceXPU,test_backward_nextafter_xpu_float32
op_extended,third_party.torch-xpu-ops.test.xpu.extended.test_ops_xpu.TestCompositeComplianceXPU,test_view_replay_fft_hfftn_xpu_float32
op_extended,third_party.torch-xpu-ops.test.xpu.extended.test_ops_xpu.TestCompositeComplianceXPU,test_cow_input_nn_functional_channel_shuffle_xpu_float32
op_extended,third_party.torch-xpu-ops.test.xpu.extended.test_ops_xpu.TestCompositeComplianceXPU,test_view_replay_round_decimals_3_xpu_float32
op_extended,third_party.torch-xpu-ops.test.xpu.extended.test_ops_xpu.TestCompositeComplianceXPU,test_forward_ad_fft_rfft2_xpu_float32
op_extended,third_party.torch-xpu-ops.test.xpu.extended.test_ops_xpu.TestCompositeComplianceXPU,test_forward_ad_maximum_xpu_float32
op_extended,third_party.torch-xpu-ops.test.xpu.extended.test_ops_xpu.TestCommonXPU,test_compare_cpu_nanmean_xpu_float64
op_extended,third_party.torch-xpu-ops.test.xpu.extended.test_ops_xpu.TestCompositeComplianceXPU,test_backward_nn_functional_adaptive_avg_pool2d_xpu_float32
op_extended,third_party.torch-xpu-ops.test.xpu.extended.test_ops_xpu.TestCommonXPU,test_compare_cpu_i0_xpu_float64
op_extended,third_party.torch-xpu-ops.test.xpu.extended.test_ops_xpu.TestCompositeComplianceXPU,test_view_replay_fft_ifft2_xpu_float32
op_extended,third_party.torch-xpu-ops.test.xpu.extended.test_ops_xpu.TestCompositeComplianceXPU,test_view_replay_round_decimals_neg_3_xpu_float32
op_extended,third_party.torch-xpu-ops.test.xpu.extended.test_ops_xpu.TestCompositeComplianceXPU,test_cow_input_nn_functional_ctc_loss_xpu_float32
op_extended,third_party.torch-xpu-ops.test.xpu.extended.test_ops_xpu.TestCompositeComplianceXPU,test_forward_ad_fft_rfft_xpu_float32
op_extended,third_party.torch-xpu-ops.test.xpu.extended.test_ops_xpu.TestCommonXPU,test_compare_cpu_i0_xpu_int16
op_extended,third_party.torch-xpu-ops.test.xpu.extended.test_ops_xpu.TestCompositeComplianceXPU,test_backward_nn_functional_adaptive_avg_pool3d_xpu_float32
op_extended,third_party.torch-xpu-ops.test.xpu.extended.test_ops_xpu.TestCompositeComplianceXPU,test_view_replay_fft_ifft_xpu_float32
op_extended,third_party.torch-xpu-ops.test.xpu.extended.test_ops_xpu.TestCompositeComplianceXPU,test_forward_ad_median_xpu_float32
op_extended,third_party.torch-xpu-ops.test.xpu.extended.test_ops_xpu.TestCompositeComplianceXPU,test_view_replay_round_xpu_float32
op_extended,third_party.torch-xpu-ops.test.xpu.extended.test_ops_xpu.TestCompositeComplianceXPU,test_cow_input_nn_functional_dropout_xpu_float32
op_extended,third_party.torch-xpu-ops.test.xpu.extended.test_ops_xpu.TestCompositeComplianceXPU,test_forward_ad_fft_rfftn_xpu_float32
op_extended,third_party.torch-xpu-ops.test.xpu.extended.test_ops_xpu.TestCompositeComplianceXPU,test_view_replay_fft_ifftn_xpu_float32
op_extended,third_party.torch-xpu-ops.test.xpu.extended.test_ops_xpu.TestCompositeComplianceXPU,test_view_replay_rsqrt_xpu_float32
op_extended,third_party.torch-xpu-ops.test.xpu.extended.test_ops_xpu.TestCommonXPU,test_compare_cpu_i0_xpu_int32
op_extended,third_party.torch-xpu-ops.test.xpu.extended.test_ops_xpu.TestCommonXPU,test_compare_cpu_nanmedian_xpu_bfloat16
op_extended,third_party.torch-xpu-ops.test.xpu.extended.test_ops_xpu.TestCompositeComplianceXPU,test_cow_input_nn_functional_elu_xpu_float32
op_extended,third_party.torch-xpu-ops.test.xpu.extended.test_ops_xpu.TestCompositeComplianceXPU,test_backward_nn_functional_adaptive_max_pool2d_xpu_float32
op_extended,third_party.torch-xpu-ops.test.xpu.extended.test_ops_xpu.TestCompositeComplianceXPU,test_view_replay_fft_ifftshift_xpu_float32
op_extended,third_party.torch-xpu-ops.test.xpu.extended.test_ops_xpu.TestCompositeComplianceXPU,test_forward_ad_fill_xpu_float32
op_extended,third_party.torch-xpu-ops.test.xpu.extended.test_ops_xpu.TestCompositeComplianceXPU,test_view_replay_scatter_reduce_amax_xpu_float32
op_extended,third_party.torch-xpu-ops.test.xpu.extended.test_ops_xpu.TestCommonXPU,test_compare_cpu_i0_xpu_int64
op_extended,third_party.torch-xpu-ops.test.xpu.extended.test_ops_xpu.TestCompositeComplianceXPU,test_forward_ad_min_binary_xpu_float32
op_extended,third_party.torch-xpu-ops.test.xpu.extended.test_ops_xpu.TestCompositeComplianceXPU,test_cow_input_nn_functional_embedding_bag_xpu_float32
op_extended,third_party.torch-xpu-ops.test.xpu.extended.test_ops_xpu.TestCompositeComplianceXPU,test_backward_nn_functional_adaptive_max_pool3d_xpu_float32
op_extended,third_party.torch-xpu-ops.test.xpu.extended.test_ops_xpu.TestCompositeComplianceXPU,test_view_replay_fft_ihfft2_xpu_float32
op_extended,third_party.torch-xpu-ops.test.xpu.extended.test_ops_xpu.TestCompositeComplianceXPU,test_view_replay_scatter_reduce_amin_xpu_float32
op_extended,third_party.torch-xpu-ops.test.xpu.extended.test_ops_xpu.TestCompositeComplianceXPU,test_forward_ad_flip_xpu_float32
op_extended,third_party.torch-xpu-ops.test.xpu.extended.test_ops_xpu.TestCommonXPU,test_compare_cpu_i0_xpu_int8
op_extended,third_party.torch-xpu-ops.test.xpu.extended.test_ops_xpu.TestCompositeComplianceXPU,test_forward_ad_min_reduction_no_dim_xpu_float32
op_extended,third_party.torch-xpu-ops.test.xpu.extended.test_ops_xpu.TestCompositeComplianceXPU,test_cow_input_nn_functional_embedding_xpu_float32
op_extended,third_party.torch-xpu-ops.test.xpu.extended.test_ops_xpu.TestCompositeComplianceXPU,test_backward_nn_functional_avg_pool1d_xpu_float32
op_extended,third_party.torch-xpu-ops.test.xpu.extended.test_ops_xpu.TestCompositeComplianceXPU,test_view_replay_fft_ihfft_xpu_float32
op_extended,third_party.torch-xpu-ops.test.xpu.extended.test_ops_xpu.TestCompositeComplianceXPU,test_view_replay_scatter_reduce_mean_xpu_float32
op_extended,third_party.torch-xpu-ops.test.xpu.extended.test_ops_xpu.TestCommonXPU,test_compare_cpu_nanmedian_xpu_float16
op_extended,third_party.torch-xpu-ops.test.xpu.extended.test_ops_xpu.TestCommonXPU,test_compare_cpu_i0_xpu_uint8
op_extended,third_party.torch-xpu-ops.test.xpu.extended.test_ops_xpu.TestCompositeComplianceXPU,test_forward_ad_floor_xpu_float32
op_extended,third_party.torch-xpu-ops.test.xpu.extended.test_ops_xpu.TestCompositeComplianceXPU,test_forward_ad_min_reduction_with_dim_xpu_float32
op_extended,third_party.torch-xpu-ops.test.xpu.extended.test_ops_xpu.TestCompositeComplianceXPU,test_cow_input_nn_functional_fractional_max_pool2d_xpu_float32
op_extended,third_party.torch-xpu-ops.test.xpu.extended.test_ops_xpu.TestCompositeComplianceXPU,test_view_replay_fft_ihfftn_xpu_float32
op_extended,third_party.torch-xpu-ops.test.xpu.extended.test_ops_xpu.TestCompositeComplianceXPU,test_backward_nn_functional_avg_pool2d_xpu_float32
op_extended,third_party.torch-xpu-ops.test.xpu.extended.test_ops_xpu.TestCompositeComplianceXPU,test_view_replay_scatter_reduce_prod_xpu_float32
op_extended,third_party.torch-xpu-ops.test.xpu.extended.test_ops_xpu.TestCommonXPU,test_compare_cpu_nanmedian_xpu_float32
op_extended,third_party.torch-xpu-ops.test.xpu.extended.test_ops_xpu.TestCompositeComplianceXPU,test_view_replay_fft_irfft2_xpu_float32
op_extended,third_party.torch-xpu-ops.test.xpu.extended.test_ops_xpu.TestCompositeComplianceXPU,test_backward_nn_functional_avg_pool3d_xpu_float32
op_extended,third_party.torch-xpu-ops.test.xpu.extended.test_ops_xpu.TestCompositeComplianceXPU,test_view_replay_scatter_reduce_sum_xpu_float32
op_extended,third_party.torch-xpu-ops.test.xpu.extended.test_ops_xpu.TestCompositeComplianceXPU,test_cow_input_nn_functional_fractional_max_pool3d_xpu_float32
op_extended,third_party.torch-xpu-ops.test.xpu.extended.test_ops_xpu.TestCommonXPU,test_compare_cpu_nanmedian_xpu_float64
op_extended,third_party.torch-xpu-ops.test.xpu.extended.test_ops_xpu.TestCompositeComplianceXPU,test_view_replay_fft_irfft_xpu_float32
op_extended,third_party.torch-xpu-ops.test.xpu.extended.test_ops_xpu.TestCompositeComplianceXPU,test_forward_ad_fmax_xpu_float32
op_extended,third_party.torch-xpu-ops.test.xpu.extended.test_ops_xpu.TestCompositeComplianceXPU,test_forward_ad_minimum_xpu_float32
op_extended,third_party.torch-xpu-ops.test.xpu.extended.test_ops_xpu.TestCompositeComplianceXPU,test_view_replay_scatter_xpu_float32
op_extended,third_party.torch-xpu-ops.test.xpu.extended.test_ops_xpu.TestCompositeComplianceXPU,test_cow_input_nn_functional_glu_xpu_float32
op_extended,third_party.torch-xpu-ops.test.xpu.extended.test_ops_xpu.TestCommonXPU,test_compare_cpu_nansum_xpu_bool
op_extended,third_party.torch-xpu-ops.test.xpu.extended.test_ops_xpu.TestCompositeComplianceXPU,test_view_replay_fft_irfftn_xpu_float32
op_extended,third_party.torch-xpu-ops.test.xpu.extended.test_ops_xpu.TestCommonXPU,test_compare_cpu_igamma_xpu_float32
op_extended,third_party.torch-xpu-ops.test.xpu.extended.test_ops_xpu.TestCompositeComplianceXPU,test_forward_ad_mode_xpu_float32
op_extended,third_party.torch-xpu-ops.test.xpu.extended.test_ops_xpu.TestCompositeComplianceXPU,test_cow_input_nn_functional_grid_sample_xpu_float32
op_extended,third_party.torch-xpu-ops.test.xpu.extended.test_ops_xpu.TestCompositeComplianceXPU,test_view_replay_fft_rfft2_xpu_float32
op_extended,third_party.torch-xpu-ops.test.xpu.extended.test_ops_xpu.TestCompositeComplianceXPU,test_view_replay_searchsorted_xpu_float32
op_extended,third_party.torch-xpu-ops.test.xpu.extended.test_ops_xpu.TestCommonXPU,test_compare_cpu_nansum_xpu_float16
op_extended,third_party.torch-xpu-ops.test.xpu.extended.test_ops_xpu.TestCompositeComplianceXPU,test_forward_ad_fmin_xpu_float32
op_extended,third_party.torch-xpu-ops.test.xpu.extended.test_ops_xpu.TestCompositeComplianceXPU,test_cow_input_nn_functional_group_norm_xpu_float32
op_extended,third_party.torch-xpu-ops.test.xpu.extended.test_ops_xpu.TestCompositeComplianceXPU,test_view_replay_fft_rfft_xpu_float32
op_extended,third_party.torch-xpu-ops.test.xpu.extended.test_ops_xpu.TestCompositeComplianceXPU,test_view_replay_sgn_xpu_float32
op_extended,third_party.torch-xpu-ops.test.xpu.extended.test_ops_xpu.TestCommonXPU,test_compare_cpu_igamma_xpu_float64
op_extended,third_party.torch-xpu-ops.test.xpu.extended.test_ops_xpu.TestCommonXPU,test_compare_cpu_nansum_xpu_float32
op_extended,third_party.torch-xpu-ops.test.xpu.extended.test_ops_xpu.TestCompositeComplianceXPU,test_cow_input_nn_functional_hardshrink_xpu_float32
op_extended,third_party.torch-xpu-ops.test.xpu.extended.test_ops_xpu.TestCompositeComplianceXPU,test_forward_ad_mul_xpu_float32
op_extended,third_party.torch-xpu-ops.test.xpu.extended.test_ops_xpu.TestCompositeComplianceXPU,test_view_replay_sigmoid_xpu_float32
op_extended,third_party.torch-xpu-ops.test.xpu.extended.test_ops_xpu.TestCompositeComplianceXPU,test_view_replay_fft_rfftn_xpu_float32
op_extended,third_party.torch-xpu-ops.test.xpu.extended.test_ops_xpu.TestCompositeComplianceXPU,test_backward_nn_functional_batch_norm_without_cudnn_xpu_float32
op_extended,third_party.torch-xpu-ops.test.xpu.extended.test_ops_xpu.TestCommonXPU,test_compare_cpu_nansum_xpu_float64
op_extended,third_party.torch-xpu-ops.test.xpu.extended.test_ops_xpu.TestCompositeComplianceXPU,test_cow_input_nn_functional_hardsigmoid_xpu_float32
op_extended,third_party.torch-xpu-ops.test.xpu.extended.test_ops_xpu.TestCompositeComplianceXPU,test_forward_ad_fmod_xpu_float32
op_extended,third_party.torch-xpu-ops.test.xpu.extended.test_ops_xpu.TestCompositeComplianceXPU,test_view_replay_sign_xpu_float32
op_extended,third_party.torch-xpu-ops.test.xpu.extended.test_ops_xpu.TestCompositeComplianceXPU,test_view_replay_fill_xpu_float32
op_extended,third_party.torch-xpu-ops.test.xpu.extended.test_ops_xpu.TestCompositeComplianceXPU,test_forward_ad_nan_to_num_xpu_float32
op_extended,third_party.torch-xpu-ops.test.xpu.extended.test_ops_xpu.TestCommonXPU,test_compare_cpu_nansum_xpu_int16
op_extended,third_party.torch-xpu-ops.test.xpu.extended.test_ops_xpu.TestCompositeComplianceXPU,test_cow_input_nn_functional_huber_loss_xpu_float32
op_extended,third_party.torch-xpu-ops.test.xpu.extended.test_ops_xpu.TestCompositeComplianceXPU,test_forward_ad_frac_xpu_float32
op_extended,third_party.torch-xpu-ops.test.xpu.extended.test_ops_xpu.TestCompositeComplianceXPU,test_view_replay_signbit_xpu_float32
op_extended,third_party.torch-xpu-ops.test.xpu.extended.test_ops_xpu.TestCompositeComplianceXPU,test_view_replay_flip_xpu_float32
op_extended,third_party.torch-xpu-ops.test.xpu.extended.test_ops_xpu.TestCommonXPU,test_compare_cpu_nansum_xpu_int32
op_extended,third_party.torch-xpu-ops.test.xpu.extended.test_ops_xpu.TestCompositeComplianceXPU,test_view_replay_sin_xpu_float32
op_extended,third_party.torch-xpu-ops.test.xpu.extended.test_ops_xpu.TestCompositeComplianceXPU,test_view_replay_floor_divide_xpu_float32
op_extended,third_party.torch-xpu-ops.test.xpu.extended.test_ops_xpu.TestCompositeComplianceXPU,test_cow_input_nn_functional_interpolate_area_xpu_float32
op_extended,third_party.torch-xpu-ops.test.xpu.extended.test_ops_xpu.TestCommonXPU,test_compare_cpu_nansum_xpu_int64
op_extended,third_party.torch-xpu-ops.test.xpu.extended.test_ops_xpu.TestCompositeComplianceXPU,test_view_replay_sinc_xpu_float32
op_extended,third_party.torch-xpu-ops.test.xpu.extended.test_ops_xpu.TestCompositeComplianceXPU,test_view_replay_floor_xpu_float32
op_extended,third_party.torch-xpu-ops.test.xpu.extended.test_ops_xpu.TestCompositeComplianceXPU,test_forward_ad_frexp_xpu_float32
op_extended,third_party.torch-xpu-ops.test.xpu.extended.test_ops_xpu.TestCompositeComplianceXPU,test_cow_input_nn_functional_interpolate_bicubic_xpu_float32
op_extended,third_party.torch-xpu-ops.test.xpu.extended.test_ops_xpu.TestCommonXPU,test_compare_cpu_igammac_xpu_float32
op_extended,third_party.torch-xpu-ops.test.xpu.extended.test_ops_xpu.TestCommonXPU,test_compare_cpu_nansum_xpu_int8
op_extended,third_party.torch-xpu-ops.test.xpu.extended.test_ops_xpu.TestCompositeComplianceXPU,test_view_replay_sinh_xpu_float32
op_extended,third_party.torch-xpu-ops.test.xpu.extended.test_ops_xpu.TestCompositeComplianceXPU,test_forward_ad_nanmean_xpu_float32
op_extended,third_party.torch-xpu-ops.test.xpu.extended.test_ops_xpu.TestCompositeComplianceXPU,test_backward_nn_functional_batch_norm_xpu_float32
op_extended,third_party.torch-xpu-ops.test.xpu.extended.test_ops_xpu.TestCompositeComplianceXPU,test_view_replay_fmax_xpu_float32
op_extended,third_party.torch-xpu-ops.test.xpu.extended.test_ops_xpu.TestCompositeComplianceXPU,test_cow_input_nn_functional_interpolate_bilinear_xpu_float32
op_extended,third_party.torch-xpu-ops.test.xpu.extended.test_ops_xpu.TestCompositeComplianceXPU,test_forward_ad_gather_xpu_float32
op_extended,third_party.torch-xpu-ops.test.xpu.extended.test_ops_xpu.TestCompositeComplianceXPU,test_view_replay_softmax_with_dtype_xpu_float32
op_extended,third_party.torch-xpu-ops.test.xpu.extended.test_ops_xpu.TestCommonXPU,test_compare_cpu_nansum_xpu_uint8
op_extended,third_party.torch-xpu-ops.test.xpu.extended.test_ops_xpu.TestCompositeComplianceXPU,test_view_replay_fmin_xpu_float32
op_extended,third_party.torch-xpu-ops.test.xpu.extended.test_ops_xpu.TestCommonXPU,test_compare_cpu_igammac_xpu_float64
op_extended,third_party.torch-xpu-ops.test.xpu.extended.test_ops_xpu.TestCompositeComplianceXPU,test_cow_input_nn_functional_interpolate_linear_xpu_float32
op_extended,third_party.torch-xpu-ops.test.xpu.extended.test_ops_xpu.TestCompositeComplianceXPU,test_forward_ad_nanmedian_xpu_float32
op_extended,third_party.torch-xpu-ops.test.xpu.extended.test_ops_xpu.TestCompositeComplianceXPU,test_backward_nn_functional_binary_cross_entropy_xpu_float32
op_extended,third_party.torch-xpu-ops.test.xpu.extended.test_ops_xpu.TestCompositeComplianceXPU,test_view_replay_softmax_xpu_float32
op_extended,third_party.torch-xpu-ops.test.xpu.extended.test_ops_xpu.TestCompositeComplianceXPU,test_view_replay_fmod_xpu_float32
op_extended,third_party.torch-xpu-ops.test.xpu.extended.test_ops_xpu.TestCompositeComplianceXPU,test_cow_input_nn_functional_interpolate_nearest-exact_xpu_float32
op_extended,third_party.torch-xpu-ops.test.xpu.extended.test_ops_xpu.TestCompositeComplianceXPU,test_view_replay_split_with_sizes_copy_xpu_float32
op_extended,third_party.torch-xpu-ops.test.xpu.extended.test_ops_xpu.TestCompositeComplianceXPU,test_view_replay_frac_xpu_float32
op_extended,third_party.torch-xpu-ops.test.xpu.extended.test_ops_xpu.TestCompositeComplianceXPU,test_forward_ad_nansum_xpu_float32
op_extended,third_party.torch-xpu-ops.test.xpu.extended.test_ops_xpu.TestCompositeComplianceXPU,test_cow_input_nn_functional_interpolate_nearest_xpu_float32
op_extended,third_party.torch-xpu-ops.test.xpu.extended.test_ops_xpu.TestCompositeComplianceXPU,test_view_replay_sqrt_xpu_float32
op_extended,third_party.torch-xpu-ops.test.xpu.extended.test_ops_xpu.TestCommonXPU,test_compare_cpu_index_add_xpu_bfloat16
op_extended,third_party.torch-xpu-ops.test.xpu.extended.test_ops_xpu.TestCompositeComplianceXPU,test_view_replay_frexp_xpu_float32
op_extended,third_party.torch-xpu-ops.test.xpu.extended.test_ops_xpu.TestCompositeComplianceXPU,test_forward_ad_nn_functional_max_unpool3d_grad_xpu_float32
op_extended,third_party.torch-xpu-ops.test.xpu.extended.test_ops_xpu.TestCompositeComplianceXPU,test_cow_input_nn_functional_leaky_relu_xpu_float32
op_extended,third_party.torch-xpu-ops.test.xpu.extended.test_ops_xpu.TestCompositeComplianceXPU,test_view_replay_square_xpu_float32
op_extended,third_party.torch-xpu-ops.test.xpu.extended.test_ops_xpu.TestCommonXPU,test_compare_cpu_index_add_xpu_bool
op_extended,third_party.torch-xpu-ops.test.xpu.extended.test_ops_xpu.TestCompositeComplianceXPU,test_view_replay_gather_xpu_float32
op_extended,third_party.torch-xpu-ops.test.xpu.extended.test_ops_xpu.TestCompositeComplianceXPU,test_forward_ad_hypot_xpu_float32
op_extended,third_party.torch-xpu-ops.test.xpu.extended.test_ops_xpu.TestCompositeComplianceXPU,test_cow_input_nn_functional_local_response_norm_xpu_float32
op_extended,third_party.torch-xpu-ops.test.xpu.extended.test_ops_xpu.TestCompositeComplianceXPU,test_view_replay_std_mean_unbiased_xpu_float32
op_extended,third_party.torch-xpu-ops.test.xpu.extended.test_ops_xpu.TestCompositeComplianceXPU,test_forward_ad_nn_functional_mish_xpu_float32
op_extended,third_party.torch-xpu-ops.test.xpu.extended.test_ops_xpu.TestCompositeComplianceXPU,test_view_replay_ge_xpu_float32
op_extended,third_party.torch-xpu-ops.test.xpu.extended.test_ops_xpu.TestCommonXPU,test_compare_cpu_index_add_xpu_complex128
op_extended,third_party.torch-xpu-ops.test.xpu.extended.test_ops_xpu.TestCompositeComplianceXPU,test_forward_ad_i0_xpu_float32
op_extended,third_party.torch-xpu-ops.test.xpu.extended.test_ops_xpu.TestCompositeComplianceXPU,test_view_replay_std_mean_xpu_float32
op_extended,third_party.torch-xpu-ops.test.xpu.extended.test_ops_xpu.TestCompositeComplianceXPU,test_view_replay_geometric_xpu_float32
op_extended,third_party.torch-xpu-ops.test.xpu.extended.test_ops_xpu.TestCommonXPU,test_compare_cpu_index_add_xpu_complex64
op_extended,third_party.torch-xpu-ops.test.xpu.extended.test_ops_xpu.TestCompositeComplianceXPU,test_view_replay_std_unbiased_xpu_float32
op_extended,third_party.torch-xpu-ops.test.xpu.extended.test_ops_xpu.TestCompositeComplianceXPU,test_forward_ad_nn_functional_mse_loss_xpu_float32
op_extended,third_party.torch-xpu-ops.test.xpu.extended.test_ops_xpu.TestCompositeComplianceXPU,test_view_replay_grid_sampler_2d_xpu_float32
op_extended,third_party.torch-xpu-ops.test.xpu.extended.test_ops_xpu.TestCompositeComplianceXPU,test_view_replay_std_xpu_float32
op_extended,third_party.torch-xpu-ops.test.xpu.extended.test_ops_xpu.TestCommonXPU,test_compare_cpu_index_add_xpu_float16
op_extended,third_party.torch-xpu-ops.test.xpu.extended.test_ops_xpu.TestCompositeComplianceXPU,test_view_replay_gt_xpu_float32
op_extended,third_party.torch-xpu-ops.test.xpu.extended.test_ops_xpu.TestCompositeComplianceXPU,test_view_replay_sub_xpu_float32
op_extended,third_party.torch-xpu-ops.test.xpu.extended.test_ops_xpu.TestCompositeComplianceXPU,test_cow_input_nn_functional_upsample_nearest_xpu_float32
op_extended,third_party.torch-xpu-ops.test.xpu.extended.test_ops_xpu.TestCompositeComplianceXPU,test_view_replay_heaviside_xpu_float32
op_extended,third_party.torch-xpu-ops.test.xpu.extended.test_ops_xpu.TestCompositeComplianceXPU,test_forward_ad_index_add_xpu_float32
op_extended,third_party.torch-xpu-ops.test.xpu.extended.test_ops_xpu.TestCompositeComplianceXPU,test_view_replay_sum_xpu_float32
op_extended,third_party.torch-xpu-ops.test.xpu.extended.test_ops_xpu.TestCompositeComplianceXPU,test_cow_input_nonzero_xpu_float32
op_extended,third_party.torch-xpu-ops.test.xpu.extended.test_ops_xpu.TestCompositeComplianceXPU,test_view_replay_histc_xpu_float32
op_extended,third_party.torch-xpu-ops.test.xpu.extended.test_ops_xpu.TestCompositeComplianceXPU,test_view_replay_take_xpu_float32
op_extended,third_party.torch-xpu-ops.test.xpu.extended.test_ops_xpu.TestCompositeComplianceXPU,test_forward_ad_index_copy_xpu_float32
op_extended,third_party.torch-xpu-ops.test.xpu.extended.test_ops_xpu.TestCompositeComplianceXPU,test_forward_ad_nn_functional_fractional_max_pool2d_xpu_float32
op_extended,third_party.torch-xpu-ops.test.xpu.extended.test_ops_xpu.TestCompositeComplianceXPU,test_view_replay_tan_xpu_float32
op_extended,third_party.torch-xpu-ops.test.xpu.extended.test_ops_xpu.TestCompositeComplianceXPU,test_view_replay_histogram_xpu_float32
op_extended,third_party.torch-xpu-ops.test.xpu.extended.test_ops_xpu.TestCompositeComplianceXPU,test_cow_input_norm_fro_xpu_float32
op_extended,third_party.torch-xpu-ops.test.xpu.extended.test_ops_xpu.TestCompositeComplianceXPU,test_view_replay_tanh_xpu_float32
op_extended,third_party.torch-xpu-ops.test.xpu.extended.test_ops_xpu.TestCompositeComplianceXPU,test_view_replay_hypot_xpu_float32
op_extended,third_party.torch-xpu-ops.test.xpu.extended.test_ops_xpu.TestCompositeComplianceXPU,test_forward_ad_index_fill_xpu_float32
op_extended,third_party.torch-xpu-ops.test.xpu.extended.test_ops_xpu.TestCompositeComplianceXPU,test_view_replay_trace_xpu_float32
op_extended,third_party.torch-xpu-ops.test.xpu.extended.test_ops_xpu.TestCompositeComplianceXPU,test_view_replay_i0_xpu_float32
op_extended,third_party.torch-xpu-ops.test.xpu.extended.test_ops_xpu.TestCompositeComplianceXPU,test_cow_input_norm_inf_xpu_float32
op_extended,third_party.torch-xpu-ops.test.xpu.extended.test_ops_xpu.TestCompositeComplianceXPU,test_cow_input_nn_functional_max_pool2d_xpu_float32
op_extended,third_party.torch-xpu-ops.test.xpu.extended.test_ops_xpu.TestCompositeComplianceXPU,test_forward_ad_nn_functional_nll_loss_xpu_float32
op_extended,third_party.torch-xpu-ops.test.xpu.extended.test_ops_xpu.TestCompositeComplianceXPU,test_view_replay_igamma_xpu_float32
op_extended,third_party.torch-xpu-ops.test.xpu.extended.test_ops_xpu.TestCompositeComplianceXPU,test_forward_ad_index_put_xpu_float32
op_extended,third_party.torch-xpu-ops.test.xpu.extended.test_ops_xpu.TestCompositeComplianceXPU,test_forward_ad_nn_functional_fractional_max_pool3d_xpu_float32
op_extended,third_party.torch-xpu-ops.test.xpu.extended.test_ops_xpu.TestCompositeComplianceXPU,test_view_replay_tril_xpu_float32
op_extended,third_party.torch-xpu-ops.test.xpu.extended.test_ops_xpu.TestCompositeComplianceXPU,test_cow_input_norm_nuc_xpu_float32
op_extended,third_party.torch-xpu-ops.test.xpu.extended.test_ops_xpu.TestCompositeComplianceXPU,test_forward_ad_nn_functional_pad_circular_xpu_float32
op_extended,third_party.torch-xpu-ops.test.xpu.extended.test_ops_xpu.TestCompositeComplianceXPU,test_view_replay_igammac_xpu_float32
op_extended,third_party.torch-xpu-ops.test.xpu.extended.test_ops_xpu.TestCompositeComplianceXPU,test_view_replay_triu_xpu_float32
op_extended,third_party.torch-xpu-ops.test.xpu.extended.test_ops_xpu.TestCompositeComplianceXPU,test_view_replay_index_add_xpu_float32
op_extended,third_party.torch-xpu-ops.test.xpu.extended.test_ops_xpu.TestCompositeComplianceXPU,test_view_replay_trunc_xpu_float32
op_extended,third_party.torch-xpu-ops.test.xpu.extended.test_ops_xpu.TestCompositeComplianceXPU,test_cow_input_norm_xpu_float32
op_extended,third_party.torch-xpu-ops.test.xpu.extended.test_ops_xpu.TestCompositeComplianceXPU,test_forward_ad_index_select_xpu_float32
op_extended,third_party.torch-xpu-ops.test.xpu.extended.test_ops_xpu.TestCompositeComplianceXPU,test_forward_ad_nn_functional_glu_xpu_float32
op_extended,third_party.torch-xpu-ops.test.xpu.extended.test_ops_xpu.TestCompositeComplianceXPU,test_view_replay_index_copy_xpu_float32
op_extended,third_party.torch-xpu-ops.test.xpu.extended.test_ops_xpu.TestCompositeComplianceXPU,test_forward_ad_nn_functional_pad_constant_xpu_float32
op_extended,third_party.torch-xpu-ops.test.xpu.extended.test_ops_xpu.TestCompositeComplianceXPU,test_cow_input_nn_functional_max_pool3d_xpu_float32
op_extended,third_party.torch-xpu-ops.test.xpu.extended.test_ops_xpu.TestCompositeComplianceXPU,test_cow_input_normal_in_place_xpu_float32
op_extended,third_party.torch-xpu-ops.test.xpu.extended.test_ops_xpu.TestCompositeComplianceXPU,test_view_replay_unfold_xpu_float32
op_extended,third_party.torch-xpu-ops.test.xpu.extended.test_ops_xpu.TestCompositeComplianceXPU,test_view_replay_index_fill_xpu_float32
op_extended,third_party.torch-xpu-ops.test.xpu.extended.test_ops_xpu.TestCompositeComplianceXPU,test_cow_input_normal_number_mean_xpu_float32
op_extended,third_party.torch-xpu-ops.test.xpu.extended.test_ops_xpu.TestCompositeComplianceXPU,test_forward_ad_nn_functional_pad_reflect_xpu_float32
op_extended,third_party.torch-xpu-ops.test.xpu.extended.test_ops_xpu.TestCompositeComplianceXPU,test_view_replay_uniform_xpu_float32
op_extended,third_party.torch-xpu-ops.test.xpu.extended.test_ops_xpu.TestCompositeComplianceXPU,test_view_replay_index_put_xpu_float32
op_extended,third_party.torch-xpu-ops.test.xpu.extended.test_ops_xpu.TestCompositeComplianceXPU,test_cow_input_nn_functional_max_unpool2d_grad_xpu_float32
op_extended,third_party.torch-xpu-ops.test.xpu.extended.test_ops_xpu.TestCompositeComplianceXPU,test_cow_input_normal_xpu_float32
op_extended,third_party.torch-xpu-ops.test.xpu.extended.test_ops_xpu.TestCompositeComplianceXPU,test_forward_ad_kthvalue_xpu_float32
op_extended,third_party.torch-xpu-ops.test.xpu.extended.test_ops_xpu.TestCompositeComplianceXPU,test_forward_ad_nn_functional_pad_replicate_negative_xpu_float32
op_extended,third_party.torch-xpu-ops.test.xpu.extended.test_ops_xpu.TestCompositeComplianceXPU,test_view_replay_index_reduce_amax_xpu_float32
op_extended,third_party.torch-xpu-ops.test.xpu.extended.test_ops_xpu.TestCompositeComplianceXPU,test_view_replay_unique_consecutive_xpu_float32
op_extended,third_party.torch-xpu-ops.test.xpu.extended.test_ops_xpu.TestCompositeComplianceXPU,test_cow_input_polar_xpu_float32
op_extended,third_party.torch-xpu-ops.test.xpu.extended.test_ops_xpu.TestCompositeComplianceXPU,test_view_replay_index_reduce_amin_xpu_float32
op_extended,third_party.torch-xpu-ops.test.xpu.extended.test_ops_xpu.TestCompositeComplianceXPU,test_forward_ad_nn_functional_pad_replicate_xpu_float32
op_extended,third_party.torch-xpu-ops.test.xpu.extended.test_ops_xpu.TestCompositeComplianceXPU,test_view_replay_index_reduce_mean_xpu_float32
op_extended,third_party.torch-xpu-ops.test.xpu.extended.test_ops_xpu.TestCompositeComplianceXPU,test_cow_input_polygamma_polygamma_n_0_xpu_float32
op_extended,third_party.torch-xpu-ops.test.xpu.extended.test_ops_xpu.TestCompositeComplianceXPU,test_cow_input_nn_functional_max_unpool2d_xpu_float32
op_extended,third_party.torch-xpu-ops.test.xpu.extended.test_ops_xpu.TestCompositeComplianceXPU,test_view_replay_index_reduce_prod_xpu_float32
op_extended,third_party.torch-xpu-ops.test.xpu.extended.test_ops_xpu.TestCompositeComplianceXPU,test_cow_input_polygamma_polygamma_n_1_xpu_float32
op_extended,third_party.torch-xpu-ops.test.xpu.extended.test_ops_xpu.TestCompositeComplianceXPU,test_cow_input_nn_functional_max_unpool3d_grad_xpu_float32
op_extended,third_party.torch-xpu-ops.test.xpu.extended.test_ops_xpu.TestCompositeComplianceXPU,test_view_replay_unique_xpu_float32
op_extended,third_party.torch-xpu-ops.test.xpu.extended.test_ops_xpu.TestCompositeComplianceXPU,test_view_replay_index_select_xpu_float32
op_extended,third_party.torch-xpu-ops.test.xpu.extended.test_ops_xpu.TestCompositeComplianceXPU,test_cow_input_polygamma_polygamma_n_2_xpu_float32
op_extended,third_party.torch-xpu-ops.test.xpu.extended.test_ops_xpu.TestCompositeComplianceXPU,test_view_replay_var_mean_unbiased_xpu_float32
op_extended,third_party.torch-xpu-ops.test.xpu.extended.test_ops_xpu.TestCompositeComplianceXPU,test_view_replay_isin_xpu_float32
op_extended,third_party.torch-xpu-ops.test.xpu.extended.test_ops_xpu.TestCompositeComplianceXPU,test_cow_input_polygamma_polygamma_n_3_xpu_float32
op_extended,third_party.torch-xpu-ops.test.xpu.extended.test_ops_xpu.TestCompositeComplianceXPU,test_cow_input_nn_functional_max_unpool3d_xpu_float32
op_extended,third_party.torch-xpu-ops.test.xpu.extended.test_ops_xpu.TestCompositeComplianceXPU,test_view_replay_var_mean_xpu_float32
op_extended,third_party.torch-xpu-ops.test.xpu.extended.test_ops_xpu.TestCompositeComplianceXPU,test_view_replay_isnan_xpu_float32
op_extended,third_party.torch-xpu-ops.test.xpu.extended.test_ops_xpu.TestCompositeComplianceXPU,test_cow_input_polygamma_polygamma_n_4_xpu_float32
op_extended,third_party.torch-xpu-ops.test.xpu.extended.test_ops_xpu.TestCompositeComplianceXPU,test_cow_input_nn_functional_mish_xpu_float32
op_extended,third_party.torch-xpu-ops.test.xpu.extended.test_ops_xpu.TestCompositeComplianceXPU,test_view_replay_var_unbiased_xpu_float32
op_extended,third_party.torch-xpu-ops.test.xpu.extended.test_ops_xpu.TestCompositeComplianceXPU,test_forward_ad_nn_functional_prelu_xpu_float32
op_extended,third_party.torch-xpu-ops.test.xpu.extended.test_ops_xpu.TestCompositeComplianceXPU,test_view_replay_isneginf_xpu_float32
op_extended,third_party.torch-xpu-ops.test.xpu.extended.test_ops_xpu.TestCompositeComplianceXPU,test_forward_ad_lerp_xpu_float32
op_extended,third_party.torch-xpu-ops.test.xpu.extended.test_ops_xpu.TestCompositeComplianceXPU,test_cow_input_pow_xpu_float32
op_extended,third_party.torch-xpu-ops.test.xpu.extended.test_ops_xpu.TestCompositeComplianceXPU,test_cow_input_nn_functional_mse_loss_xpu_float32
op_extended,third_party.torch-xpu-ops.test.xpu.extended.test_ops_xpu.TestCompositeComplianceXPU,test_view_replay_var_xpu_float32
op_extended,third_party.torch-xpu-ops.test.xpu.extended.test_ops_xpu.TestCompositeComplianceXPU,test_forward_ad_lgamma_xpu_float32
op_extended,third_party.torch-xpu-ops.test.xpu.extended.test_ops_xpu.TestCompositeComplianceXPU,test_view_replay_isposinf_xpu_float32
op_extended,third_party.torch-xpu-ops.test.xpu.extended.test_ops_xpu.TestCompositeComplianceXPU,test_forward_ad_nn_functional_rrelu_xpu_float32
op_extended,third_party.torch-xpu-ops.test.xpu.extended.test_ops_xpu.TestCompositeComplianceXPU,test_cow_input_nn_functional_multi_margin_loss_xpu_float32
op_extended,third_party.torch-xpu-ops.test.xpu.extended.test_ops_xpu.TestCompositeComplianceXPU,test_view_replay_view_as_complex_xpu_float32
op_extended,third_party.torch-xpu-ops.test.xpu.extended.test_ops_xpu.TestCompositeComplianceXPU,test_cow_input_prod_xpu_float32
op_extended,third_party.torch-xpu-ops.test.xpu.extended.test_ops_xpu.TestCompositeComplianceXPU,test_forward_ad_nn_functional_silu_xpu_float32
op_extended,third_party.torch-xpu-ops.test.xpu.extended.test_ops_xpu.TestCompositeComplianceXPU,test_cow_input_nn_functional_multilabel_margin_loss_xpu_float32
op_extended,third_party.torch-xpu-ops.test.xpu.extended.test_ops_xpu.TestCompositeComplianceXPU,test_view_replay_view_xpu_float32
op_extended,third_party.torch-xpu-ops.test.xpu.extended.test_ops_xpu.TestCompositeComplianceXPU,test_cow_input_put_xpu_float32
op_extended,third_party.torch-xpu-ops.test.xpu.extended.test_ops_xpu.TestCompositeComplianceXPU,test_forward_ad_log10_xpu_float32
op_extended,third_party.torch-xpu-ops.test.xpu.extended.test_ops_xpu.TestCompositeComplianceXPU,test_view_replay_where_xpu_float32
op_extended,third_party.torch-xpu-ops.test.xpu.extended.test_ops_xpu.TestCompositeComplianceXPU,test_cow_input_nn_functional_pad_circular_xpu_float32
op_extended,third_party.torch-xpu-ops.test.xpu.extended.test_ops_xpu.TestCompositeComplianceXPU,test_cow_input_reciprocal_xpu_float32
op_extended,third_party.torch-xpu-ops.test.xpu.extended.test_ops_xpu.TestCompositeComplianceXPU,test_forward_ad_log1p_xpu_float32
op_extended,third_party.torch-xpu-ops.test.xpu.extended.test_ops_xpu.TestCompositeComplianceXPU,test_view_replay_xlogy_xpu_float32
op_extended,third_party.torch-xpu-ops.test.xpu.extended.test_ops_xpu.TestCompositeComplianceXPU,test_forward_ad_nn_functional_smooth_l1_loss_xpu_float32
op_extended,third_party.torch-xpu-ops.test.xpu.extended.test_ops_xpu.TestCompositeComplianceXPU,test_forward_ad_polar_xpu_float32
op_extended,third_party.torch-xpu-ops.test.xpu.extended.test_ops_xpu.TestCompositeComplianceXPU,test_cow_input_remainder_xpu_float32
op_extended,third_party.torch-xpu-ops.test.xpu.extended.test_ops_xpu.TestCompositeComplianceXPU,test_cow_input_nn_functional_pad_constant_xpu_float32
op_extended,third_party.torch-xpu-ops.test.xpu.extended.test_ops_xpu.TestCompositeComplianceXPU,test_forward_ad_log2_xpu_float32
op_extended,third_party.torch-xpu-ops.test.xpu.extended.test_ops_xpu.TestCompositeComplianceXPU,test_view_replay_zeros_like_xpu_float32
op_extended,third_party.torch-xpu-ops.test.xpu.extended.test_ops_xpu.TestCompositeComplianceXPU,test_forward_ad_nn_functional_softplus_xpu_float32
op_extended,third_party.torch-xpu-ops.test.xpu.extended.test_ops_xpu.TestCompositeComplianceXPU,test_cow_input_renorm_xpu_float32
op_extended,third_party.torch-xpu-ops.test.xpu.extended.test_ops_xpu.TestCompositeComplianceXPU,test_cow_input_nn_functional_pad_reflect_xpu_float32
op_extended,third_party.torch-xpu-ops.test.xpu.extended.test_ops_xpu.TestCompositeComplianceXPU,test_forward_ad_polygamma_polygamma_n_0_xpu_float32
op_extended,third_party.torch-xpu-ops.test.xpu.extended.test_ops_xpu.TestCompositeComplianceXPU,test_view_replay_zeros_xpu_float32
op_extended,third_party.torch-xpu-ops.test.xpu.extended.test_ops_xpu.TestCompositeComplianceXPU,test_forward_ad_log_softmax_with_dtype_xpu_float32
op_extended,third_party.torch-xpu-ops.test.xpu.extended.test_ops_xpu.TestCompositeComplianceXPU,test_cow_input_repeat_interleave_xpu_float32
op_extended,third_party.torch-xpu-ops.test.xpu.extended.test_ops_xpu.TestCompositeComplianceXPU,test_cow_input_nn_functional_pad_replicate_negative_xpu_float32
op_extended,third_party.torch-xpu-ops.test.xpu.extended.test_ops_xpu.TestCompositeComplianceXPU,test_forward_ad_nn_functional_softshrink_xpu_float32
op_extended,third_party.torch-xpu-ops.test.xpu.extended.test_ops_xpu.TestCompositeComplianceXPU,test_forward_ad_polygamma_polygamma_n_1_xpu_float32
op_extended,third_party.torch-xpu-ops.test.xpu.extended.test_ops_xpu.TestCompositeComplianceXPU,test_cow_input_reshape_xpu_float32
op_extended,third_party.torch-xpu-ops.test.xpu.extended.test_ops_xpu.TestCompositeComplianceXPU,test_cow_input_nn_functional_pad_replicate_xpu_float32
op_extended,third_party.torch-xpu-ops.test.xpu.extended.test_ops_xpu.TestCompositeComplianceXPU,test_forward_ad_nn_functional_avg_pool2d_xpu_float32
op_extended,third_party.torch-xpu-ops.test.xpu.extended.test_ops_xpu.TestCompositeComplianceXPU,test_forward_ad_log_softmax_xpu_float32
op_extended,third_party.torch-xpu-ops.test.xpu.extended.test_ops_xpu.TestCompositeComplianceXPU,test_forward_ad_nn_functional_threshold_xpu_float32
op_extended,third_party.torch-xpu-ops.test.xpu.extended.test_ops_xpu.TestCompositeComplianceXPU,test_forward_ad_polygamma_polygamma_n_2_xpu_float32
op_extended,third_party.torch-xpu-ops.test.xpu.extended.test_ops_xpu.TestCompositeComplianceXPU,test_cow_input_resize__xpu_float32
op_extended,third_party.torch-xpu-ops.test.xpu.extended.test_ops_xpu.TestCompositeComplianceXPU,test_cow_input_nn_functional_pdist_xpu_float32
op_extended,third_party.torch-xpu-ops.test.xpu.extended.test_ops_xpu.TestCompositeComplianceXPU,test_forward_ad_nn_functional_avg_pool3d_xpu_float32
op_extended,third_party.torch-xpu-ops.test.xpu.extended.test_ops_xpu.TestCompositeComplianceXPU,test_forward_ad_nn_functional_interpolate_nearest_xpu_float32
op_extended,third_party.torch-xpu-ops.test.xpu.extended.test_ops_xpu.TestCompositeComplianceXPU,test_forward_ad_polygamma_polygamma_n_3_xpu_float32
op_extended,third_party.torch-xpu-ops.test.xpu.extended.test_ops_xpu.TestCompositeComplianceXPU,test_cow_input_resize_as__xpu_float32
op_extended,third_party.torch-xpu-ops.test.xpu.extended.test_ops_xpu.TestCompositeComplianceXPU,test_cow_input_nn_functional_prelu_xpu_float32
op_extended,third_party.torch-xpu-ops.test.xpu.extended.test_ops_xpu.TestCompositeComplianceXPU,test_forward_ad_polygamma_polygamma_n_4_xpu_float32
op_extended,third_party.torch-xpu-ops.test.xpu.extended.test_ops_xpu.TestCompositeComplianceXPU,test_cow_input_nn_functional_rrelu_xpu_float32
op_extended,third_party.torch-xpu-ops.test.xpu.extended.test_ops_xpu.TestCompositeComplianceXPU,test_forward_ad_nn_functional_interpolate_trilinear_xpu_float32
op_extended,third_party.torch-xpu-ops.test.xpu.extended.test_ops_xpu.TestCompositeComplianceXPU,test_forward_ad_nn_functional_adaptive_avg_pool2d_xpu_float32
op_extended,third_party.torch-xpu-ops.test.xpu.extended.test_ops_xpu.TestCompositeComplianceXPU,test_cow_input_nn_functional_silu_xpu_float32
op_extended,third_party.torch-xpu-ops.test.xpu.extended.test_ops_xpu.TestCompositeComplianceXPU,test_forward_ad_nn_functional_leaky_relu_xpu_float32
op_extended,third_party.torch-xpu-ops.test.xpu.extended.test_ops_xpu.TestCompositeComplianceXPU,test_cow_input_nn_functional_smooth_l1_loss_xpu_float32
op_extended,third_party.torch-xpu-ops.test.xpu.extended.test_ops_xpu.TestCompositeComplianceXPU,test_forward_ad_nn_functional_adaptive_avg_pool3d_xpu_float32
op_extended,third_party.torch-xpu-ops.test.xpu.extended.test_ops_xpu.TestCompositeComplianceXPU,test_forward_ad_nn_functional_unfold_xpu_float32
op_extended,third_party.torch-xpu-ops.test.xpu.extended.test_ops_xpu.TestCompositeComplianceXPU,test_forward_ad_pow_xpu_float32
op_extended,third_party.torch-xpu-ops.test.xpu.extended.test_ops_xpu.TestCompositeComplianceXPU,test_cow_input_nn_functional_softplus_xpu_float32
op_extended,third_party.torch-xpu-ops.test.xpu.extended.test_ops_xpu.TestCompositeComplianceXPU,test_forward_ad_nn_functional_upsample_bilinear_xpu_float32
op_extended,third_party.torch-xpu-ops.test.xpu.extended.test_ops_xpu.TestCompositeComplianceXPU,test_forward_ad_nn_functional_local_response_norm_xpu_float32
op_extended,third_party.torch-xpu-ops.test.xpu.extended.test_ops_xpu.TestCompositeComplianceXPU,test_cow_input_nn_functional_softshrink_xpu_float32
op_extended,third_party.torch-xpu-ops.test.xpu.extended.test_ops_xpu.TestCompositeComplianceXPU,test_forward_ad_nn_functional_adaptive_max_pool2d_xpu_float32
op_extended,third_party.torch-xpu-ops.test.xpu.extended.test_ops_xpu.TestCompositeComplianceXPU,test_cow_input_nn_functional_threshold_xpu_float32
op_extended,third_party.torch-xpu-ops.test.xpu.extended.test_ops_xpu.TestCompositeComplianceXPU,test_forward_ad_nn_functional_upsample_nearest_xpu_float32
op_extended,third_party.torch-xpu-ops.test.xpu.extended.test_ops_xpu.TestCompositeComplianceXPU,test_forward_ad_prod_xpu_float32
op_extended,third_party.torch-xpu-ops.test.xpu.extended.test_ops_xpu.TestCompositeComplianceXPU,test_forward_ad_nn_functional_adaptive_max_pool3d_xpu_float32
op_extended,third_party.torch-xpu-ops.test.xpu.extended.test_ops_xpu.TestCompositeComplianceXPU,test_cow_input_nn_functional_unfold_xpu_float32
op_extended,third_party.torch-xpu-ops.test.xpu.extended.test_ops_xpu.TestCompositeComplianceXPU,test_forward_ad_nn_functional_avg_pool1d_xpu_float32
op_extended,third_party.torch-xpu-ops.test.xpu.extended.test_ops_xpu.TestCompositeComplianceXPU,test_forward_ad_norm_fro_xpu_float32
op_extended,third_party.torch-xpu-ops.test.xpu.extended.test_ops_xpu.TestCompositeComplianceXPU,test_cow_input_nn_functional_upsample_bilinear_xpu_float32
op_extended,third_party.torch-xpu-ops.test.xpu.extended.test_ops_xpu.TestCompositeComplianceXPU,test_forward_ad_norm_inf_xpu_float32
op_extended,third_party.torch-xpu-ops.test.xpu.extended.test_ops_xpu.TestCompositeComplianceXPU,test_forward_ad_nn_functional_interpolate_bicubic_xpu_float32
op_extended,third_party.torch-xpu-ops.test.xpu.extended.test_ops_xpu.TestCompositeComplianceXPU,test_forward_ad_norm_nuc_xpu_float32
op_extended,third_party.torch-xpu-ops.test.xpu.extended.test_ops_xpu.TestCompositeComplianceXPU,test_forward_ad_nn_functional_dropout_xpu_float32
op_extended,third_party.torch-xpu-ops.test.xpu.extended.test_ops_xpu.TestCompositeComplianceXPU,test_forward_ad_nn_functional_interpolate_bilinear_xpu_float32
op_extended,third_party.torch-xpu-ops.test.xpu.extended.test_ops_xpu.TestCompositeComplianceXPU,test_forward_ad_nn_functional_elu_xpu_float32
op_extended,third_party.torch-xpu-ops.test.xpu.extended.test_ops_xpu.TestCompositeComplianceXPU,test_forward_ad_nn_functional_interpolate_linear_xpu_float32
op_extended,third_party.torch-xpu-ops.test.xpu.extended.test_ops_xpu.TestCompositeComplianceXPU,test_forward_ad_nn_functional_embedding_xpu_float32
op_extended,third_party.torch-xpu-ops.test.xpu.extended.test_ops_xpu.TestCompositeComplianceXPU,test_forward_ad_norm_xpu_float32
op_extended,third_party.torch-xpu-ops.test.xpu.extended.test_ops_xpu.TestCompositeComplianceXPU,test_forward_ad_put_xpu_float32
op_extended,third_party.torch-xpu-ops.test.xpu.extended.test_ops_xpu.TestCompositeComplianceXPU,test_forward_ad_nn_functional_interpolate_nearest-exact_xpu_float32
op_extended,third_party.torch-xpu-ops.test.xpu.extended.test_ops_xpu.TestCompositeComplianceXPU,test_forward_ad_neg_xpu_float32
op_extended,third_party.torch-xpu-ops.test.xpu.extended.test_ops_xpu.TestCompositeComplianceXPU,test_forward_ad_nn_functional_channel_shuffle_xpu_float32
op_extended,third_party.torch-xpu-ops.test.xpu.extended.test_ops_xpu.TestCompositeComplianceXPU,test_forward_ad_reciprocal_xpu_float32
op_extended,third_party.torch-xpu-ops.test.xpu.extended.test_ops_xpu.TestCompositeComplianceXPU,test_forward_ad_nn_functional_hardsigmoid_xpu_float32
op_extended,third_party.torch-xpu-ops.test.xpu.extended.test_ops_xpu.TestCompositeComplianceXPU,test_forward_ad_nextafter_xpu_float32
op_extended,third_party.torch-xpu-ops.test.xpu.extended.test_ops_xpu.TestCompositeComplianceXPU,test_forward_ad_remainder_xpu_float32
op_extended,third_party.torch-xpu-ops.test.xpu.extended.test_ops_xpu.TestCompositeComplianceXPU,test_forward_ad_nn_functional_huber_loss_xpu_float32
op_extended,third_party.torch-xpu-ops.test.xpu.extended.test_ops_xpu.TestCompositeComplianceXPU,test_forward_ad_native_batch_norm_xpu_float32
op_extended,third_party.torch-xpu-ops.test.xpu.extended.test_ops_xpu.TestCompositeComplianceXPU,test_forward_ad_renorm_xpu_float32
op_extended,third_party.torch-xpu-ops.test.xpu.extended.test_ops_xpu.TestCompositeComplianceXPU,test_forward_ad_nn_functional_interpolate_area_xpu_float32
op_extended,third_party.torch-xpu-ops.test.xpu.extended.test_ops_xpu.TestCompositeComplianceXPU,test_forward_ad_nn_functional_max_unpool2d_grad_xpu_float32
op_extended,third_party.torch-xpu-ops.test.xpu.extended.test_ops_xpu.TestCompositeComplianceXPU,test_forward_ad_nn_functional_binary_cross_entropy_xpu_float32
op_extended,third_party.torch-xpu-ops.test.xpu.extended.test_ops_xpu.TestCompositeComplianceXPU,test_forward_ad_nn_functional_group_norm_xpu_float32
op_extended,third_party.torch-xpu-ops.test.xpu.extended.test_ops_xpu.TestCompositeComplianceXPU,test_forward_ad_nn_functional_hardshrink_xpu_float32
op_extended,third_party.torch-xpu-ops.test.xpu.extended.test_ops_xpu.TestCompositeComplianceXPU,test_forward_ad_nn_functional_batch_norm_without_cudnn_xpu_float32
op_extended,third_party.torch-xpu-ops.test.xpu.extended.test_ops_xpu.TestCompositeComplianceXPU,test_forward_ad_nn_functional_max_pool2d_xpu_float32
op_extended,third_party.torch-xpu-ops.test.xpu.extended.test_ops_xpu.TestCompositeComplianceXPU,test_forward_ad_nn_functional_batch_norm_xpu_float32
op_extended,third_party.torch-xpu-ops.test.xpu.extended.test_ops_xpu.TestCompositeComplianceXPU,test_forward_ad_nn_functional_max_pool3d_xpu_float32
